Pos.,Name,Age,Location,Country,Club/Affiliation,Time,Verified,sex,seconds,split,watts
1,Michal Randa,21,,POL,,5:45.3,No,M,345.3,86.325,544.0743893411366
2,Tobias Schröder,26,,GBR,GB Rowing Team,5:47.9,Race,M,347.9,86.975,531.9670489362874
3,Archie Drummond,23,,GBR,GB Rowing Team,5:49.3,Race,M,349.3,87.325,525.596254166556
4,Callum Dixon,25,,GBR,GB Rowing Team,5:50.6,Race,M,350.6,87.65,519.771285034021
5,Isak Zvegelj,25,,SLO,,5:50.7,Yes,M,350.7,87.675,519.326782818915
6,George Hudd,31,,AUS,,5:51.9,No,M,351.9,87.975,514.0320732486184
7,Fergus Woolnough,23,,GBR,GB Rowing Team,5:52.5,Race,M,352.5,88.125,511.4116939049758
8,Matt Haywood,27,,GBR,GB Rowing Team,5:52.7,Race,M,352.7,88.175,510.54219276985583
9,Daniel Mielecki,21,,CAN,,5:52.8,Yes,M,352.8,88.2,510.10818129456965
9,Davis Kelly,22,"Providence, RI",USA,Brown University,5:52.8,No,M,352.8,88.2,510.10818129456965
11,James Cartwright,25,,GBR,GB Rowing Team,5:53.0,Race,M,353.0,88.25,509.24163304061574
12,Cedol Dafyd,25,,GBR,GB Rowing Team,5:54.1,Race,M,354.1,88.525,504.51053339401557
13,George Bourne,27,,GBR,GB Rowing Team,5:54.3,Race,M,354.3,88.575,503.656637044935
14,Pasha Bevan,26,"Sydney, NSW",AUS,,5:54.6,Yes,M,354.6,88.65,502.37940188817316
15,James Robson,31,,GBR,GB Rowing Team,5:54.8,Race,M,354.8,88.7,501.53031012113826
16,Sam Nunn,29,,GBR,GB Rowing Team,5:55.4,Race,M,355.4,88.85,498.9944875246712
16,Adam Oliver,25,,GBR,Tideway Scullers School,5:55.4,Race,M,355.4,88.85,498.9944875246712
18,Simon Hatcher,24,,USA,,5:55.9,Yes,M,355.9,88.975,496.8943451366048
19,Edward Griffiths,55,,GBR,,5:56.0,No,M,356.0,89.0,496.47573155699047
20,Antti Hämmäinen,28,,FIN,,5:56.1,Yes,M,356.1,89.025,496.0575880655872
21,Paul Marcy,42,,USA,,5:57.0,Yes,M,357.0,89.25,492.3153421307008
22,Tomasz Cichocki,39,,POL,Sub7,5:57.3,Race,M,357.3,89.325,491.0762940329331
22,Tom Peszek,41,,USA,,5:57.3,Yes,M,357.3,89.325,491.0762940329331
24,David Bewicke Copley,28,,GBR,GB Rowing Team,5:58.3,Race,M,358.3,89.575,486.97604008816944
25,Will Stewart,28,,GBR,GB Rowing Team,5:59.1,Race,M,359.1,89.775,483.7286418289413
25,Anders Edquist,46,,SWE,Hammarby Rodd,5:59.1,Yes,M,359.1,89.775,483.7286418289413
27,Tom Byass,20,WA,AUS,West Australian Rowing Club,5:59.2,Yes,M,359.2,89.8,483.32474930166217
28,Jamie Gare,25,,GBR,GB Rowing Team,5:59.3,Race,M,359.3,89.825,482.9213062930261
28,Nathan Couper,40,"Gold Coast, QLD",AUS,Aussie Roos,5:59.3,Yes,M,359.3,89.825,482.9213062930261
30,Andrew Gallagher,36,,USA,,5:59.5,Yes,M,359.5,89.875,482.11576633192925
30,Ben Stephens,32,,GBR,,5:59.5,Yes,M,359.5,89.875,482.11576633192925
32,Miles Beeson,24,,GBR,GB Rowing Team,5:59.8,Race,M,359.8,89.95,480.9108121839768
32,Tom Atkins,35,"Sydney, NSW",AUS,,5:59.8,Yes,M,359.8,89.95,480.9108121839768
34,Toby Lassen,23,,GBR,GB Rowing Team,6:01.5,Race,M,361.5,90.375,474.15803391450794
35,James Vogel,28,,GBR,GB Rowing Team,6:02.1,Race,M,362.1,90.525,471.8048966106946
35,Tristan Vouilloz,32,,GBR,PHX Gym,6:02.1,Race,M,362.1,90.525,471.8048966106946
37,Matt Aldridge,29,,GBR,GB Rowing Team,6:02.5,Race,M,362.5,90.625,470.24478248390665
38,Levi Munster,21,VT,USA,Middlebury College,6:03.3,Yes,M,363.3,90.825,467.1451289995441
39,Dan Graham,26,,GBR,GB Rowing Team,6:03.9,Race,M,363.9,90.975,464.83824365111366
40,Ewan Mccrorie,22,,GBR,,6:04.1,Yes,M,364.1,91.025,464.0726578973287
41,Douwe de Graf,25,,GBR,GB Rowing Team,6:04.2,Race,M,364.2,91.05,463.6904954203244
42,Joshua Bowesman Jones,26,,GBR,GB Rowing Team,6:04.3,Race,M,364.3,91.075,463.30875244107267
42,Rory Harris,27,,GBR,GB Rowing Team,6:04.3,Race,M,364.3,91.075,463.30875244107267
44,Liam Conneely,38,,GBR,Lincoln Rowing Centre,6:04.6,Race,M,364.6,91.15,462.1660347401422
44,Oliver Copland,17,,USA,,6:04.6,No,M,364.6,91.15,462.1660347401422
46,Taylor Brown,38,San Juan,PUR,Club Nautico De San Juan,6:04.7,No,M,364.7,91.175,461.78596400693675
47,Bret Rubin,39,,USA,,6:04.8,Yes,M,364.8,91.2,461.406309903722
48,Nathan Bechard,20,,USA,,6:04.9,No,M,364.9,91.225,461.02707185977255
49,Oliver Baker,20,"Kentville, NS",CAN,,6:06.0,Yes,M,366.0,91.5,456.8827509954741
50,Chi Fung Chan,27,,HON,,6:06.2,Yes,M,366.2,91.55,456.1345807004396
51,Yury Yurko,19,"Powdersville, SC",USA,Greenville Indoor Rowing,6:06.7,Yes,M,366.7,91.675,454.27128815251234
52,Charles Penza,19,,USA,Saint Joseph's University,6:07.5,No,M,367.5,91.875,451.31107188583235
53,Toby Richards,33,,GBR,,6:07.6,Yes,M,367.6,91.9,450.94285509255786
54,G D-W,36,,GBR,Cambridge University (Pembroke College Boat Club),6:08.1,No,M,368.1,92.025,449.1077670535146
55,Jim Berriman,43,,GBR,Army Indoor Rowing Team,6:08.2,Race,M,368.2,92.05,448.7419448338799
56,Jeffrey Arnott,32,"Rutherford, NJ",USA,New York Athletic Club,6:08.4,Yes,M,368.4,92.1,448.01149145891515
56,Андрей Ганин,41,,AIN,,6:08.4,Yes,M,368.4,92.1,448.01149145891515
58,Ivan Saric,38,,GER,,6:08.8,Yes,M,368.8,92.2,446.5553339064687
59,Alf Stensø,19,,NOR,,6:09.0,Yes,M,369.0,92.25,445.82962115488624
59,Nate Arsenault,19,"Sarasota, FL",USA,,6:09.0,No,M,369.0,92.25,445.82962115488624
59,Brendon Stoner,33,"Hollis, NH",USA,Riverside Boat Club,6:09.0,No,M,369.0,92.25,445.82962115488624
62,Ryan Cheale,35,,GBR,Lea Rowing Club,6:09.1,Yes,M,369.1,92.275,445.4673544165265
63,Justin Brown,40,"Pleasanton, CA",USA,SUB-7 IRC,6:09.2,Yes,M,369.2,92.3,445.10548006020485
64,Theodore Langslow,22,,GBR,,6:09.3,No,M,369.3,92.325,444.7439975548131
65,Chris Power,39,Burton on Trent,GBR,SPU,6:09.4,Yes,M,369.4,92.35,444.38290637010743
66,Matthew Lupinacci,17,,USA,"Maritime Rowing Club, Norwalk, CT",6:09.5,Yes,M,369.5,92.375,444.0222059767029
66,Nicolas Tejedor,17,,USA,Atlanta Juniors Rowing Club,6:09.5,Yes,M,369.5,92.375,444.0222059767029
68,Thomas Pakulis,18,,GBR,Lea Rowing Club,6:09.6,Race,M,369.6,92.4,443.66189584607514
68,Jacob Steele,22,,GBR,,6:09.6,Race,M,369.6,92.4,443.66189584607514
68,Mason Gossage,18,,USA,Free Spirits,6:09.6,Yes,M,369.6,92.4,443.66189584607514
71,Sam Blythe,49,Fitness Matters Exeter,GBR,Fitness Matters,6:10.2,Race,M,370.2,92.55,441.50820109107434
72,Henrikas Janisionis,16,Cork,IRL,,6:10.7,Yes,M,370.7,92.675,439.72409144947954
73,Keegan Colleaux,21,"Saskatoon, SK",CAN,,6:11.1,Yes,M,371.1,92.775,438.3037186331774
74,Rory Burden,15,,GBR,,6:11.3,No,M,371.3,92.825,437.5958258193806
75,Benas Antanavicius,17,"Villanova, PA",USA,Conshohocken Rowing Center,6:11.4,Yes,M,371.4,92.85,437.2424510107621
76,Toby Clay,52,Adsubia,GBR,SUB-7 IRC,6:11.8,Yes,M,371.8,92.95,435.83275048265165
77,Danylo Gorenkin,29,London,GBR,Vesta Rowing Club,6:11.9,Yes,M,371.9,92.975,435.48127247500844
77,Joah Miller,21,,USA,,6:11.9,Yes,M,371.9,92.975,435.48127247500844
79,Hugh Morris,25,,GBR,Sons of the Thames Rowing Club,6:12.1,Race,M,372.1,93.025,434.7794494474091
79,Jancarlos Tineo,31,Santiago de los Caballeros,DOM,Federación Dominicana de Remo y Canotaje,6:12.1,Race,M,372.1,93.025,434.7794494474091
79,Jonathan Evers,20,,USA,Wake Forest University,6:12.1,Yes,M,372.1,93.025,434.7794494474091
82,Jacob Yeager,20,"Atlanta, GA",USA,"The Rowing Team at the University of Georgia, Inc.",6:12.4,Race,M,372.4,93.1,433.72953977400954
83,Charles Wu,34,"Atlanta, GA",USA,"Atlanta Rowing Club, Inc.",6:12.7,Race,M,372.7,93.175,432.6830078242766
84,James Hudson,44,,GBR,The Delivery Room,6:12.8,Race,M,372.8,93.2,432.3349120985549
84,Matt Dickie,37,"Perth, WA",AUS,Aussie Roos,6:12.8,Yes,M,372.8,93.2,432.3349120985549
86,David Weightman,24,"Brisbane, QLD",AUS,University of Queensland at St Lucia (Australia),6:13.0,No,M,373.0,93.25,431.6398400257966
87,Kyland Mels-Williams,21,"London, ON",CAN,University of Western Ontario,6:13.1,Yes,M,373.1,93.275,431.2928626790467
88,Roman Zalutskiy,46,,AIN,,6:13.2,Yes,M,373.2,93.3,430.94625712691385
89,Julien Barbeau,41,Vieille Eglise,FRA,,6:13.3,Yes,M,373.3,93.325,430.60002287154697
90,Dominik Crnjak,23,,CAN,,6:13.6,Yes,M,373.6,93.4,429.5635429195295
90,Mats Winkels,22,,GER,,6:13.6,Yes,M,373.6,93.4,429.5635429195295
92,Michael Collins,42,,GBR,,6:13.7,Race,M,373.7,93.425,429.2187888886984
92,Loïc Schalbetter,27,,GBR,,6:13.7,Race,M,373.7,93.425,429.2187888886984
92,Calum Murphy,21,"Victoria, BC",CAN,,6:13.7,Yes,M,373.7,93.425,429.2187888886984
95,Matthew Willey,16,"Los Gatos, CA",USA,Los Gatos Rowing Club,6:13.8,Yes,M,373.8,93.45,428.8744036773483
96,Zander Gonnissen,22,,BEL,,6:13.9,Yes,M,373.9,93.475,428.5303867924059
97,Ralph Bosco,43,,USA,,6:14.0,No,M,374.0,93.5,428.18673774158714
97,Daniel Forget,34,"Manchester, NH",USA,Amoskeag Rowing Club,6:14.0,No,M,374.0,93.5,428.18673774158714
99,Peter Dixon,30,Kent,GBR,SUB-7 IRC,6:14.1,Yes,M,374.1,93.525,427.84345603339835
99,Llewellyn Statton,32,Liskeard,GBR,,6:14.1,Yes,M,374.1,93.525,427.84345603339835
101,silas ronco,18,,CAN,,6:14.2,Yes,M,374.2,93.55,427.50054117713375
102,Luca Britten,20,Saarburg,GER,,6:14.5,Yes,M,374.5,93.625,426.4739928246084
102,Donatien Mortelette,43,Marseille,FRA,,6:14.5,Yes,M,374.5,93.625,426.4739928246084
104,Andrew Cobbold,44,,GBR,Royal Navy (UK),6:14.7,Race,M,374.7,93.675,425.7914525549185
105,Patrick Caldwell,17,"Chattanooga, TN",USA,,6:14.9,Yes,M,374.9,93.725,425.1103679826061
106,Ben Fitzmartin,35,,GBR,,6:15.0,Race,M,375.0,93.75,424.77037037037036
107,Trygve Aarestad,21,,USA,,6:15.6,Yes,M,375.6,93.9,422.73797970855026
107,Austin TenElshof,32,"Grand Rapids, MI",USA,SPU,6:15.6,Yes,M,375.6,93.9,422.73797970855026
109,Toby Clay,52,,GBR,EPTI,6:15.7,Race,M,375.7,93.925,422.40050927767373
109,Brogan Fernald,17,"Eliot, ME",USA,,6:15.7,Yes,M,375.7,93.925,422.40050927767373
111,David Watson,32,"Athens, GA",USA,Potomac Boat Club,6:15.8,Race,M,375.8,93.95,422.0633979533794
111,Emanuele Bergamin,22,,ITA,,6:15.8,Yes,M,375.8,93.95,422.0633979533794
111,Christian Shaffer,20,"Raleigh, NC",USA,Clemson University,6:15.8,Yes,M,375.8,93.95,422.0633979533794
114,Eric Madden,45,"Atlanta, GA",USA,Unaffiliated (USA),6:16.0,Race,M,376.0,94.0,421.3902507151594
114,Graham Kokas,17,PA,USA,Conshohocken Rowing Center,6:16.0,Yes,M,376.0,94.0,421.3902507151594
116,Jørgen Dyrdahl,22,,NOR,Royal Norwegian Naval Academy,6:16.3,Yes,M,376.3,94.075,420.3832112435451
117,Ross Duffy,31,,IRL,reddit /r/ rowing,6:16.6,Yes,M,376.6,94.15,419.3793780513865
118,Harvey Lunn,22,,GBR,Uni of Plymouth RC/Dart Totnes Amateur RC,6:16.7,Race,M,376.7,94.175,419.04547728836815
119,Christian Struck,45,,GBR,,6:16.8,Race,M,376.8,94.2,418.7119308906913
119,Jonas Harmer,28,UT,USA,,6:16.8,Yes,M,376.8,94.2,418.7119308906913
121,Ignacio Vásquez,37,Santiago de los Caballeros,DOM,Federación Dominicana de Remo y Canotaje,6:16.9,Race,M,376.9,94.225,418.3787383883762
121,Julian Weinstein,18,,USA,,6:16.9,No,M,376.9,94.225,418.3787383883762
123,Charlie Walsh,21,,USA,,6:17.1,Yes,M,377.1,94.275,417.7134131936449
124,Nikola Savov,30,,BUL,,6:17.4,Yes,M,377.4,94.35,416.7180679101692
125,Philip Hoyle,47,"Springfield, VA",USA,Potomac Boat Club,6:17.5,Yes,M,377.5,94.375,416.3869889522099
126,Ollie Hanks,22,,GBR,Durham University,6:17.6,Yes,M,377.6,94.4,416.05626062060855
126,Jack Ryan,18,"Lexington, MA",USA,,6:17.6,Yes,M,377.6,94.4,416.05626062060855
128,Brandon Bartneck,32,,USA,,6:17.8,Yes,M,377.8,94.45,415.39585398106937
128,Kai Bzoskie,17,,USA,,6:17.8,Yes,M,377.8,94.45,415.39585398106937
128,Dion den Hoed,37,Etten-Leur,NED,Helix Sports and Health Coaching,6:17.8,Yes,M,377.8,94.45,415.39585398106937
131,Shane Farmer,40,CA,USA,Darkhorse Rowing,6:17.9,Yes,M,377.9,94.475,415.06617474726653
131,Ryan Pazderski,18,NY,USA,,6:17.9,Yes,M,377.9,94.475,415.06617474726653
133,Isaac Thornton,17,,GBR,,6:18.0,Yes,M,378.0,94.5,414.73684428808866
134,Charalampos Giavris,24,Piraeus,GRE,,6:18.2,Yes,M,378.2,94.55,414.07922784994804
134,Scott Higginson,44,QLD,AUS,,6:18.2,Yes,M,378.2,94.55,414.07922784994804
134,Jake Bridges,35,,IRL,,6:18.2,No,M,378.2,94.55,414.07922784994804
137,Toby Ayer,51,"Salisbury, CT",USA,,6:18.3,Yes,M,378.3,94.575,413.75094095098143
138,Wojciech Majewski,33,Warszawa,POL,Polish Indoor Rowing Team,6:18.5,Yes,M,378.5,94.625,413.0954074987139
138,Declan McNulty,23,,GBR,,6:18.5,Yes,M,378.5,94.625,413.0954074987139
138,Hayden Santos,21,,USA,Los Gatos Rowing Club,6:18.5,Yes,M,378.5,94.625,413.0954074987139
141,Kevin Meador,31,"Boston, MA",USA,Riverside Boat Club,6:18.6,Yes,M,378.6,94.65,412.76816002977677
141,David Rackstraw,44,Sunderland,GBR,Top Tuggers,6:18.6,Yes,M,378.6,94.65,412.76816002977677
141,Herbert Sloan,18,,GBR,,6:18.6,Yes,M,378.6,94.65,412.76816002977677
144,Andrew Simpson,43,"sydney, NSW",AUS,North Shore Rowing Club,6:18.8,Yes,M,378.8,94.7,412.11470132264304
145,Connor Peterson,19,WA,USA,Georgia Tech Rowing Club,6:18.9,Yes,M,378.9,94.725,411.78848917315406
145,George Rotheram,22,,GBR,Norwich Rowing Club,6:18.9,No,M,378.9,94.725,411.78848917315406
147,Thomas Hardcastle,34,,GBR,British Army,6:19.0,Race,M,379.0,94.75,411.4626212200568
147,Thomas Hardcastle,34,Aldershot,GBR,British Army,6:19.0,No,M,379.0,94.75,411.4626212200568
149,Ben Jago,46,Penzance,GBR,SUB-7 IRC,6:19.1,Race,M,379.1,94.775,411.13709700950614
150,Will Gardiner,20,,GBR,,6:19.4,Yes,M,379.4,94.85,410.16258230544133
150,Dan Mahoney,41,,USA,East Arm Rowing Club,6:19.4,Yes,M,379.4,94.85,410.16258230544133
150,George Westpfel,33,,GBR,Royal Air Force (UK),6:19.4,Yes,M,379.4,94.85,410.16258230544133
150,Brayden Myers,21,"Reno, NV",USA,,6:19.4,No,M,379.4,94.85,410.16258230544133
154,Callum Ramsay,34,,GBR,,6:19.5,Race,M,379.5,94.875,409.8384285409615
155,steve cook,38,QLD,AUS,,6:19.6,Yes,M,379.6,94.9,409.51461626054356
155,patrick turner,21,ON,CAN,,6:19.6,Yes,M,379.6,94.9,409.51461626054356
157,Adriaan Venter,31,"Atlanta, GA",USA,"Atlanta Rowing Club, Inc.",6:19.8,Race,M,379.8,94.95,408.8680143543728
157,Charlie Domina,17,,USA,Phillips Academy Andover,6:19.8,Yes,M,379.8,94.95,408.8680143543728
157,Jasper Quirynen,33,Gavere,BEL,,6:19.8,No,M,379.8,94.95,408.8680143543728
160,Ryan Corcoran,48,,IRL,Curracloe Rowing Club,6:19.9,Race,M,379.9,94.975,408.54522383163334
161,Henry Warren,17,"Eugene Oregon , OR",USA,,6:20.1,Yes,M,380.1,95.025,407.9006614096858
162,Ian Wilde,47,Colchester,GBR,SUB-7 IRC,6:20.7,Yes,M,380.7,95.175,405.97509105650795
163,Andreas Thiemann,16,,USA,,6:20.8,Yes,M,380.8,95.2,405.65534172146357
164,Toni Crnjak,28,Dubrovnik,CRO,,6:21.1,Yes,M,381.1,95.275,404.6981061242328
165,Ant Deague,46,"Toorak, VIC",AUS,Mercantile Rowing Club,6:21.2,Yes,M,381.2,95.3,404.37969692867046
166,Graham Aplin,37,Orlando,USA,Orlando Rowing Club,6:21.6,Yes,M,381.6,95.4,403.1093951458237
166,Steve Bracchi,40,,AUS,,6:21.6,Yes,M,381.6,95.4,403.1093951458237
166,Ron Peterson,40,"Key West , FL",USA,SUB-7 IRC,6:21.6,Yes,M,381.6,95.4,403.1093951458237
166,Nahman Mack,17,,USA,,6:21.6,No,M,381.6,95.4,403.1093951458237
170,Alex Roberts,35,,GBR,,6:21.7,Yes,M,381.7,95.425,402.7926512668013
171,Jesse Palmer,21,"Atlanta, GA",USA,Georgia Tech Rowing Club,6:22.2,Race,M,382.2,95.55,401.21389953437256
171,Tom Traill,39,,GBR,,6:22.2,Yes,M,382.2,95.55,401.21389953437256
173,Mikołaj Kęsik,39,Tuchola,POL,,6:22.3,Yes,M,382.3,95.575,400.8991396903067
173,Jackson Stoddard,17,,USA,,6:22.3,Yes,M,382.3,95.575,400.8991396903067
175,Alberto Fernandez Diez,41,,ESP,CN Navarra,6:22.5,Race,M,382.5,95.625,400.2706070538201
176,Nandor Hajdu,35,Maidenhead,GBR,Maidenhead Rowing Club,6:22.6,Yes,M,382.6,95.65,399.9568334017479
176,Henry Smith,33,,GBR,City of Bristol Rowing Club,6:22.6,Yes,M,382.6,95.65,399.9568334017479
178,Christian Talbot,31,"Chicago, IL",USA,Chicago Rowing Foundation,6:22.7,Yes,M,382.7,95.675,399.64338762181177
179,William Mahoney,26,Bristol,GBR,City of Bristol Rowing Club,6:22.8,Yes,M,382.8,95.7,399.3302692858683
179,Mathias Rincon,17,,USA,,6:22.8,No,M,382.8,95.7,399.3302692858683
181,Neil Cauldwell,41,,GBR,,6:23.1,Yes,M,383.1,95.775,398.392874670616
181,Sebastian Cohn,37,"Sacramento, CA",USA,"Capital Crew, Sacramento",6:23.1,Yes,M,383.1,95.775,398.392874670616
183,Callum Ramsay,35,,GBR,Windermere Rowing Club,6:23.2,Race,M,383.2,95.8,398.08106184260726
183,Lorents Gulvik Hegdal,22,,NOR,,6:23.2,No,M,383.2,95.8,398.08106184260726
185,Jake Mueller,21,"West Chesterfield , NH",USA,University of New Hampshire,6:23.3,Yes,M,383.3,95.825,397.7695743279112
185,Aleš Pražák,44,Litoměřice,CZE,,6:23.3,No,M,383.3,95.825,397.7695743279112
187,Nathaniel Macpherson,17,,CAN,,6:23.4,Yes,M,383.4,95.85,397.4584117023909
188,Dean Burton,16,"Valatie, NY",USA,New York Athletic Club,6:23.5,No,M,383.5,95.875,397.147573542572
189,Ethan Frost,20,,GBR,Dart Totnes Amatuer,6:23.6,Race,M,383.6,95.9,396.83705942564325
189,Teddy Sherman,21,,GBR,Leicester Rowing Club,6:23.6,Race,M,383.6,95.9,396.83705942564325
191,Desmond McDonough,15,,USA,Mercer Junior Rowing Club,6:23.7,No,M,383.7,95.925,396.52686892945377
192,Jack Thomson,16,,USA,Los Gatos Rowing Club,6:23.9,No,M,383.9,95.975,395.90745711398773
193,Harrison Thomas,17,,AUS,,6:24.0,Race,M,384.0,96.0,395.5982349537037
194,Oli Koch,16,,AUS,,6:24.2,Yes,M,384.2,96.05,394.9807560304391
194,Lewin Hynes,49,Canterbury,GBR,SUB-7 IRC,6:24.2,No,M,384.2,96.05,394.9807560304391
196,Robbie Whitefield,35,,GBR,,6:24.3,Yes,M,384.3,96.075,394.67249843038456
196,Domenico Patitucci,17,,CAN,,6:24.3,No,M,384.3,96.075,394.67249843038456
198,Rhydian Gierat,40,,GBR,Sub7 IRC,6:24.4,Race,M,384.4,96.1,394.36456151442155
198,Florian Schumann,50,,GER,,6:24.4,No,M,384.4,96.1,394.36456151442155
200,Peter Reynolds,36,London,GBR,Sons of the Thames Rowing Club,6:24.5,Yes,M,384.5,96.125,394.05694486564346
200,慎之助 石塚,27,,JPN,,6:24.5,Yes,M,384.5,96.125,394.05694486564346
202,Bryce Hamilton,20,"Atlanta, GA",USA,Lake Lanier Rowing Club,6:24.6,Race,M,384.6,96.15,393.749648067795
203,Freid Eggum,51,Kragerø,NOR,Rowfit,6:24.7,Race,M,384.7,96.175,393.44267070526934
203,Trajen Masner,21,"Oneida, NY",USA,Worcester Polytechnic Institute,6:24.7,Yes,M,384.7,96.175,393.44267070526934
205,Simon Erfurth,29,,DEN,,6:24.8,Yes,M,384.8,96.2,393.13601236310757
205,Simon Luden,30,"Cambridge, MA",USA,Riverside Boat Club,6:24.8,Yes,M,384.8,96.2,393.13601236310757
205,Rob Phillips,41,,GBR,SUB-7 IRC,6:24.8,Yes,M,384.8,96.2,393.13601236310757
205,Banjo Bond,34,"Sydney, NSW",AUS,,6:24.8,No,M,384.8,96.2,393.13601236310757
209,Spencer Davey,42,,GBR,The Delivery Room,6:24.9,Race,M,384.9,96.225,392.82967262699793
210,Connor Peterson,19,"Atlanta, GA",USA,Georgia Tech Rowing Club,6:25.0,Race,M,385.0,96.25,392.52365108327325
210,Carlos Bramwell,17,,NZL,,6:25.0,Yes,M,385.0,96.25,392.52365108327325
210,Travis Hillier,34,"Chicago, IL",USA,Chicago Rowing Foundation,6:25.0,Yes,M,385.0,96.25,392.52365108327325
210,Camilo Morton,21,,USA,,6:25.0,Yes,M,385.0,96.25,392.52365108327325
210,Carter Whyatt,15,NJ,USA,,6:25.0,Yes,M,385.0,96.25,392.52365108327325
215,Gunnar Viðoy Staksá,29,,FRO,,6:25.1,Yes,M,385.1,96.275,392.2179473189116
215,Siddharth Sunil,30,Chennai,IND,,6:25.1,Yes,M,385.1,96.275,392.2179473189116
217,Zenon Cleary,17,,CAN,Argonaut Rowing Club,6:25.2,Yes,M,385.2,96.3,391.9125609215339
218,Rylan Carigan,16,,CAN,,6:25.4,Yes,M,385.4,96.35,391.3027385814224
219,Sam Brooks,47,,USA,,6:25.5,Race,M,385.5,96.375,390.99830181713554
220,Michael Kostur,51,,IRL,Rowfit,6:25.6,Race,M,385.6,96.4,390.69418077672464
220,Csaba Dénes,48,BUDAPEST,HUN,,6:25.6,Yes,M,385.6,96.4,390.69418077672464
220,Samuel Hocking,33,"Cambridge, MA",USA,Riverside Boat Club,6:25.6,Yes,M,385.6,96.4,390.69418077672464
220,Michael Kostur,51,Visby,SWE,TEAM OARSOME IRC,6:25.6,Yes,M,385.6,96.4,390.69418077672464
224,Lance Bowman,17,,USA,Fairmount Rowing Association,6:25.7,Yes,M,385.7,96.425,390.3903750510088
225,Sam Farrer,19,,CAN,Trent University,6:25.8,Yes,M,385.8,96.45,390.0868842314433
225,Nicolas Robertson,28,,USA,Riverside Boat Club,6:25.8,Yes,M,385.8,96.45,390.0868842314433
227,Henry Brauweiler,17,,USA,,6:26.0,Yes,M,386.0,96.5,389.4808456797602
228,Emerson Miciura,18,,USA,Wyandotte Roosevelt,6:26.2,Yes,M,386.2,96.55,388.8760618659988
228,Suhan Venkat,17,,USA,Texas Rowing Center,6:26.2,No,M,386.2,96.55,388.8760618659988
230,Quentin Helies,29,,FRA,,6:26.3,Yes,M,386.3,96.575,388.5741394712041
231,Teddy Stoddard,16,"Harvard, MA",USA,,6:26.4,No,M,386.4,96.6,388.27252954458874
232,Ronen Roy,17,Fenerbahçe,TUR,,6:26.5,Yes,M,386.5,96.625,387.97123168202864
233,Thomas Barcza,18,,FRA,,6:26.6,Yes,M,386.6,96.65,387.6702454800281
233,Declan Crotty,16,,USA,,6:26.6,No,M,386.6,96.65,387.6702454800281
235,Hudson McCaffery,17,,USA,,6:26.7,No,M,386.7,96.675,387.3695705357165
236,Chad Coursen,30,MA,USA,CRI Comp Men,6:26.8,Yes,M,386.8,96.7,387.0692064468481
236,Alexandre Denize,27,,USA,,6:26.8,No,M,386.8,96.7,387.0692064468481
238,Ciaran Ruddock,36,,IRL,FFS Gym,6:26.9,Race,M,386.9,96.725,386.76915281180135
238,Adam Mullally,36,Queenstown,NZL,,6:26.9,Yes,M,386.9,96.725,386.76915281180135
240,Jan Niklas Diercks,26,,GER,,6:27.0,Yes,M,387.0,96.75,386.4694092295761
240,Tom Oliver,21,,GBR,,6:27.0,Yes,M,387.0,96.75,386.4694092295761
242,Dylan Dragswiek,47,"Grand Marais, MN",USA,SUB-7 IRC,6:27.3,Race,M,387.3,96.825,385.5720347991511
242,Evan Benvenuto,22,,ITA,,6:27.3,Yes,M,387.3,96.825,385.5720347991511
242,aiden furness,17,,USA,,6:27.3,Yes,M,387.3,96.825,385.5720347991511
242,Gregor O'Nians,52,"Melbourne , VIC",AUS,,6:27.3,Yes,M,387.3,96.825,385.5720347991511
242,Kent Pettersson,60,,NOR,,6:27.3,Yes,M,387.3,96.825,385.5720347991511
242,Timothy McCormick,39,"Surrey, BC",CAN,Delta Deas Rowing Club,6:27.3,No,M,387.3,96.825,385.5720347991511
248,Brian King,21,"Rye, NH",USA,University of New Hampshire,6:27.4,Yes,M,387.4,96.85,385.27352743062966
249,Michael Evans,55,🌍COTW🌎,GBR,,6:27.5,Yes,M,387.5,96.875,384.97532811923054
250,Christopher Calderwood,23,CT,USA,,6:27.6,No,M,387.6,96.9,384.6774364676665
251,Matthew Ashra-Blundell,43,,GBR,Catford Crossfit,6:27.7,Race,M,387.7,96.925,384.37985207926386
251,Ian Wilde,48,,GBR,,6:27.7,Race,M,387.7,96.925,384.37985207926386
251,Jimmy wilson,40,"Atlanta, GA",USA,Unaffiliated (USA),6:27.7,Race,M,387.7,96.925,384.37985207926386
251,Dominik Bera,16,"Los Altos, CA",USA,Los Gatos Rowing Club,6:27.7,No,M,387.7,96.925,384.37985207926386
251,Al Currie,16,,AUS,Sydney Rowing Club,6:27.7,No,M,387.7,96.925,384.37985207926386
256,Caine Stringer,50,,GBR,,6:27.8,Race,M,387.8,96.95,384.08257455796286
256,Sandro Gebler,49,,GER,,6:27.8,Yes,M,387.8,96.95,384.08257455796286
256,Niels Laurberg,30,,USA,,6:27.8,Yes,M,387.8,96.95,384.08257455796286
259,Johan Klæmintson Jacobsen,41,Skálavík 🇫🇴,FRO,,6:27.9,Race,M,387.9,96.975,383.78560350831657
259,Nick Ricotta,22,,USA,,6:27.9,Yes,M,387.9,96.975,383.78560350831657
261,Miguel Lopez,27,,GBR,,6:28.0,Yes,M,388.0,97.0,383.48893853548856
262,Gabe Collins,21,Long Valley,USA,University of Delaware,6:28.1,No,M,388.1,97.025,383.19257924525357
263,Pascale Craig,34,,AUS,,6:28.2,Yes,M,388.2,97.05,382.8965252439951
264,Josh Lowry,17,,USA,,6:28.3,Yes,M,388.3,97.075,382.60077613870436
265,Michael Bane,21,"Newton, MA",USA,Riverside Boat Club,6:28.4,Yes,M,388.4,97.1,382.3053315369804
265,Luka Roganovic,17,IL,USA,Chicago Rowing Foundation,6:28.4,Yes,M,388.4,97.1,382.3053315369804
265,Dave Williams,38,,GBR,SUB-7 IRC,6:28.4,Yes,M,388.4,97.1,382.3053315369804
268,Rob Wood,36,,GBR,,6:28.5,Race,M,388.5,97.125,382.01019104702704
268,Jon Osborn (MAD),45,Eastbourne,GBR,MAD Team IRC,6:28.5,Yes,M,388.5,97.125,382.01019104702704
270,Marco Dolce,40,BC,CAN,,6:28.6,Yes,M,388.6,97.15,381.7153542776539
270,Joshua Hemming,33,,GBR,,6:28.6,Yes,M,388.6,97.15,381.7153542776539
270,Andy Innes,30,,GBR,Curlew Rowing Club,6:28.6,Yes,M,388.6,97.15,381.7153542776539
270,Richard Johnson,30,Helensburgh,GBR,Royal Navy (UK),6:28.6,Yes,M,388.6,97.15,381.7153542776539
270,David Sloan,17,"Carmel, IN",USA,Indianapolis Junior Rowing,6:28.6,No,M,388.6,97.15,381.7153542776539
275,Oliver Gray,37,,GBR,,6:28.7,Race,M,388.7,97.175,381.4208208382737
275,Ian Wilde,48,,GBR,Sub 7 IRC,6:28.7,Race,M,388.7,97.175,381.4208208382737
277,john cranston,44,"SF Bay Area, CA",USA,Bair Island Aquatic Center (BIAC),6:28.8,Yes,M,388.8,97.2,381.1265903389017
277,Jackson Kerr,15,"Richmond, VA",USA,River City Crew,6:28.8,Yes,M,388.8,97.2,381.1265903389017
277,Matthew Klein,17,,USA,,6:28.8,Yes,M,388.8,97.2,381.1265903389017
277,Jason Merz,34,"Baltimore , MD",USA,Baltimore Community Rowing,6:28.8,Yes,M,388.8,97.2,381.1265903389017
277,Kieran Ormandy,30,,GBR,,6:28.8,Yes,M,388.8,97.2,381.1265903389017
282,Eli Berkowitz,28,"Somerville, MA",USA,CRI Comp Men,6:28.9,Yes,M,388.9,97.225,380.8326623901553
282,Wesley Urban,17,"Ashland, PA",USA,,6:28.9,Yes,M,388.9,97.225,380.8326623901553
284,Peter Clements,41,VA,USA,Potomac Boat Club,6:29.0,Yes,M,389.0,97.25,380.5390366032514
284,Rory Mooney,35,,GBR,Lea Rowing Club,6:29.0,Yes,M,389.0,97.25,380.5390366032514
286,Tom Chamberlain,38,,AUS,,6:29.1,Race,M,389.1,97.275,380.24571259000726
286,Jonas Bonte,41,,BEL,,6:29.1,Yes,M,389.1,97.275,380.24571259000726
286,Thomas Hicks,21,,GBR,,6:29.1,Yes,M,389.1,97.275,380.24571259000726
286,Edward John,38,,GBR,,6:29.1,Yes,M,389.1,97.275,380.24571259000726
286,Riley Matz,19,,USA,,6:29.1,Yes,M,389.1,97.275,380.24571259000726
291,John Meier,42,"Boston, MA",USA,Community Rowing Inc.,6:29.2,Yes,M,389.2,97.3,379.95268996283767
291,Alex Scott,52,,GBR,,6:29.2,Yes,M,389.2,97.3,379.95268996283767
293,Joseph Naughton,51,,IRL,Track Fit,6:29.3,Race,M,389.3,97.325,379.6599683347548
293,Elad CO,46,Tel Aviv,ISR,,6:29.3,Yes,M,389.3,97.325,379.6599683347548
293,Jackson Fowler,16,,USA,Plant High Rowing Association,6:29.3,Yes,M,389.3,97.325,379.6599683347548
293,Simon Nygaard-Thomsen,36,,DEN,Aalborg Roklub,6:29.3,Yes,M,389.3,97.325,379.6599683347548
293,James Bowie,18,"Perth, WA",AUS,,6:29.3,No,M,389.3,97.325,379.6599683347548
293,Joe Naughton,51,,IRL,,6:29.3,No,M,389.3,97.325,379.6599683347548
299,Peter Davidson,41,Dürnten,SUI,,6:29.4,Yes,M,389.4,97.35,379.3675473193675
299,Will Talley,21,"Fairfax, VA",USA,,6:29.4,Yes,M,389.4,97.35,379.3675473193675
299,Christian Carl,38,,CAN,,6:29.4,No,M,389.4,97.35,379.3675473193675
302,Tom Miller,36,,GBR,Curracloe Rowing Club,6:29.6,Race,M,389.6,97.4,378.7836055840859
302,Joey Wurtz,56,"Marbury, AL",USA,,6:29.6,Race,M,389.6,97.4,378.7836055840859
302,Ronan Hamasaki,18,,USA,Wilmington Youth Rowing Association,6:29.6,No,M,389.6,97.4,378.7836055840859
305,Adrian Peel,56,,GBR,Team Oarsome,6:29.7,Race,M,389.7,97.425,378.4920840943797
305,Eric Bildstein,44,,USA,,6:29.7,Yes,M,389.7,97.425,378.4920840943797
305,Laszlo Earle,17,,GBR,,6:29.7,Yes,M,389.7,97.425,378.4920840943797
305,Matthew Karlson,24,,GBR,,6:29.7,Yes,M,389.7,97.425,378.4920840943797
305,Hans Saarepere,32,,EST,,6:29.7,Yes,M,389.7,97.425,378.4920840943797
310,Blayden Meagher,34,,AUS,,6:29.8,Race,M,389.8,97.45,378.20086167774207
310,Farid Arif,20,Karachi,PAK,Froebel Education Centre,6:29.8,Yes,M,389.8,97.45,378.20086167774207
312,Ehsan Dana,43,WA,USA,,6:29.9,Yes,M,389.9,97.475,377.90993795074655
312,Erik Grozev,21,Velence,HUN,VVSI,6:29.9,Yes,M,389.9,97.475,377.90993795074655
312,Neil Ready,47,,GBR,The Delivery Room,6:29.9,Yes,M,389.9,97.475,377.90993795074655
312,Thomas Williamson,45,"Cos Cob, CT",USA,Greenwich Crew,6:29.9,Yes,M,389.9,97.475,377.90993795074655
316,William Lamb,34,,GBR,,6:30.0,Race,M,390.0,97.5,377.6193125305551
316,Adam Foley,17,,IRL,,6:30.0,Yes,M,390.0,97.5,377.6193125305551
316,Tadhg Ó Conchúır,19,"Cork, Ireland",IRL,Courtmacsherry Rowing Club,6:30.0,Yes,M,390.0,97.5,377.6193125305551
319,Aussie Griffin,16,,AUS,Swan River Rowing Club,6:30.1,No,M,390.1,97.525,377.3289850349197
320,Dries Cuypers,37,,BEL,,6:30.2,Yes,M,390.2,97.55,377.03895508217926
320,Patrick Kerney,49,"Riverside, CT",USA,,6:30.2,Yes,M,390.2,97.55,377.03895508217926
322,Sebastian Keller,29,,GER,,6:30.3,Yes,M,390.3,97.575,376.74922229125923
323,Alexander Keifer,20,"Atlanta, GA",USA,"The Rowing Team at the University of Georgia, Inc.",6:30.4,Race,M,390.4,97.6,376.45978628167126
323,Joe Ledvina,37,"Atlanta, GA",USA,Potomac Boat Club,6:30.4,Race,M,390.4,97.6,376.45978628167126
323,Izaak Jones,23,,GBR,Dart Totnes Rowing Club/DTARC,6:30.4,Yes,M,390.4,97.6,376.45978628167126
323,Andreas Lindemann,34,,GER,,6:30.4,Yes,M,390.4,97.6,376.45978628167126
323,Daniel Navrátil,16,,CZE,,6:30.4,Yes,M,390.4,97.6,376.45978628167126
323,Terence O’Farrell,17,,USA,,6:30.4,Yes,M,390.4,97.6,376.45978628167126
323,Alastair Schoof,31,,CAN,,6:30.4,Yes,M,390.4,97.6,376.45978628167126
330,Ivan Knežević,46,Belgrade,SRB,,6:30.5,Yes,M,390.5,97.625,376.1706466735102
330,dean metropoulos,17,,USA,,6:30.5,Yes,M,390.5,97.625,376.1706466735102
330,fabrice rhein,17,,GER,,6:30.5,Yes,M,390.5,97.625,376.1706466735102
330,Albin Torstensson,30,Stockholm,SWE,Hammarby Rodd,6:30.5,Yes,M,390.5,97.625,376.1706466735102
334,David Woodhouse,47,,AUS,,6:30.6,Race,M,390.6,97.65,375.8818030874557
334,Lauge Decker,32,,DEN,,6:30.6,Yes,M,390.6,97.65,375.8818030874557
334,Louis Ferraro,24,,CAN,,6:30.6,Yes,M,390.6,97.65,375.8818030874557
337,Mike Stanitski,56,"Centennial, CO",USA,Ever Green Boat Club,6:30.7,Yes,M,390.7,97.675,375.59325514476893
337,benny siddall,18,,USA,,6:30.7,No,M,390.7,97.675,375.59325514476893
339,Max Burt,45,IN,USA,,6:30.8,Yes,M,390.8,97.7,375.30500246729247
339,Joshua Scholes,33,Bristol,GBR,City of Bristol Rowing Club,6:30.8,No,M,390.8,97.7,375.30500246729247
341,Benjamin Winkler,41,,GER,,6:30.9,Yes,M,390.9,97.725,375.01704467744986
342,Stuart Gavin,39,Welwyn GC,GBR,,6:31.0,Yes,M,391.0,97.75,374.72938139824277
342,Anthony Hooton,45,,GBR,Royal Navy Veterans,6:31.0,Yes,M,391.0,97.75,374.72938139824277
344,吉田 伊吹,19,,JPN,,6:31.1,Yes,M,391.1,97.775,374.4420122532521
345,Joseph Horne,16,,USA,,6:31.2,Yes,M,391.2,97.8,374.1549368666353
346,Sam Collins,37,,GBR,,6:31.3,Race,M,391.3,97.825,373.8681548631263
346,Ben Gill,42,IA,USA,Rowfit,6:31.3,Yes,M,391.3,97.825,373.8681548631263
346,Tomas Videkling,50,Falun,SWE,,6:31.3,Yes,M,391.3,97.825,373.8681548631263
349,Colin Graham,47,,SUI,YAMSQUAD,6:31.5,Yes,M,391.5,97.875,373.2954695072418
350,Tommy Baker,26,,IRL,Maidenhead Rowing Club,6:31.6,Race,M,391.6,97.9,373.0095654072054
350,Daniel Thornton,44,,GBR,,6:31.6,Race,M,391.6,97.9,373.0095654072054
350,Thomas Butler,23,,GBR,,6:31.6,Yes,M,391.6,97.9,373.0095654072054
350,Chase Curran,17,,USA,,6:31.6,Yes,M,391.6,97.9,373.0095654072054
350,Henry France,21,,USA,,6:31.6,Yes,M,391.6,97.9,373.0095654072054
350,Ryan Muldoon,21,,USA,Syracuse Chargers Rowing Club,6:31.6,Yes,M,391.6,97.9,373.0095654072054
350,Malachi Tazaki-Quayle,21,Manchester,GBR,Warwick University,6:31.6,Yes,M,391.6,97.9,373.0095654072054
350,Tommy Baker,26,,GBR,Maidenhead Rowing Club,6:31.6,No,M,391.6,97.9,373.0095654072054
358,Stewart Moss,55,Gosport,GBR,Royal Navy (UK),6:31.7,Race,M,391.7,97.925,372.7239531949531
358,Glen Remnant,54,,GBR,,6:31.7,Race,M,391.7,97.925,372.7239531949531
360,Ramsey Kechacha,33,,GBR,,6:31.8,Race,M,391.8,97.95,372.4386324980839
360,Jack Lawrence,33,,GBR,,6:31.8,Yes,M,391.8,97.95,372.4386324980839
360,Nate Stoddard,16,,USA,,6:31.8,Yes,M,391.8,97.95,372.4386324980839
360,Cleiton Wiggers Werncke,41,"Montreal, QC",CAN,Clube Náutico América,6:31.8,Yes,M,391.8,97.95,372.4386324980839
364,Leandro Valentiner,16,"Bayonne , NJ",USA,,6:31.9,Yes,M,391.9,97.975,372.15360294476744
365,Oliver Degerstedt,34,Helsinki,FIN,Keravan Urheilijat,6:32.0,Yes,M,392.0,98.0,371.86886416374125
365,Peter Douglass,28,CT,USA,Riverfront Recapture,6:32.0,Yes,M,392.0,98.0,371.86886416374125
365,Søren Bækgaard Hansen,50,Sabro,DEN,,6:32.0,No,M,392.0,98.0,371.86886416374125
368,Johan Klæmintson Jacobsen,41,,NOR,Havnar Róðrarfelag,6:32.1,Race,M,392.1,98.025,371.58441578431194
368,John Webb,45,Hastings,GBR,Hastings Rowing Club (South East England),6:32.1,Yes,M,392.1,98.025,371.58441578431194
370,Cathal Flanagan,53,"Wayne, PA",USA,,6:32.2,Yes,M,392.2,98.05,371.30025743635247
371,Daniel Corbett,17,,GBR,City of Cambridge,6:32.3,Race,M,392.3,98.075,371.01638875030164
371,Christoph Niederbroker,30,"Atlanta, GA",USA,"North Charlotte Rowing, Inc. dba Belmont Rowing Center",6:32.3,Race,M,392.3,98.075,371.01638875030164
371,Jack Rachaner,15,"Jupiter, FL",USA,North Palm Beach Rowing Club,6:32.3,Race,M,392.3,98.075,371.01638875030164
374,Jon-Magne Wik,38,,NOR,,6:32.4,Yes,M,392.4,98.1,370.73280935716394
375,Todd Sandler,27,London,GBR,Auriol Kensington Rowing Club,6:32.5,Yes,M,392.5,98.125,370.4495188885067
376,Bo Smith,15,,USA,,6:32.6,Yes,M,392.6,98.15,370.166516976461
377,Evan Buhler,25,"Hartford, CT",USA,Riverfront Recapture,6:32.7,Yes,M,392.7,98.175,369.8838032537196
377,Nicholas Riley,17,,USA,,6:32.7,Yes,M,392.7,98.175,369.8838032537196
377,Braylen Ellis,16,,USA,St. John's Jesuit Rowing Club,6:32.7,No,M,392.7,98.175,369.8838032537196
377,Blake Tarricone,17,"Mansfield Center, CT",USA,Riverfront Recapture,6:32.7,No,M,392.7,98.175,369.8838032537196
381,Carlo Grabiel Butler,17,"Boston , MA",USA,Riverside Boat Club,6:32.8,No,M,392.8,98.2,369.6013773535359
382,Parker Hong,21,"Chicago, IL",USA,,6:32.9,Yes,M,392.9,98.225,369.319238909724
382,Peter Loughrey,38,,IRL,,6:32.9,Yes,M,392.9,98.225,369.319238909724
382,Ted Brandt,42,,USA,,6:32.9,No,M,392.9,98.225,369.319238909724
382,Eskil Kjemperud,45,,NOR,,6:32.9,No,M,392.9,98.225,369.319238909724
386,Lukas Frenes,18,"Greenwich, CT",USA,,6:33.0,No,M,393.0,98.25,369.03738755665563
386,Jasper Powell,17,"Los Gatos, CA",USA,Los Gatos Rowing Club,6:33.0,No,M,393.0,98.25,369.03738755665563
388,Andrew Lovett,38,,GBR,,6:33.1,Yes,M,393.1,98.275,368.75582292926174
388,Ned Sherwin,17,,GBR,,6:33.1,Yes,M,393.1,98.275,368.75582292926174
388,Danny Standing,37,London,GBR,,6:33.1,Yes,M,393.1,98.275,368.75582292926174
391,Konrad Krysiak,43,Warsaw,POL,,6:33.2,Yes,M,393.2,98.3,368.4745446630296
392,Matías Boledi,41,São Paulo,BRA,Esporte Clube Pinheiros,6:33.3,Yes,M,393.3,98.325,368.1935523940022
392,David Hatton,35,Christchurch,NZL,,6:33.3,Yes,M,393.3,98.325,368.1935523940022
394,Daniel Collins,40,Derry,IRL,City of Derry Boating Club,6:33.4,Race,M,393.4,98.35,367.91284575877836
394,John-Joe Cottam,47,,GBR,Henley,6:33.4,Race,M,393.4,98.35,367.91284575877836
396,Frederick Malloy,53,"Bethesda, MD",USA,Ever Green Boat Club,6:33.5,Yes,M,393.5,98.375,367.6324243945096
396,Sean McLaughlin,16,,USA,Don Bosco Prep,6:33.5,Yes,M,393.5,98.375,367.6324243945096
396,Patrick Rogers,24,,USA,,6:33.5,No,M,393.5,98.375,367.6324243945096
399,Sean Mayhew,21,,GBR,,6:33.6,Yes,M,393.6,98.4,367.35228793890155
399,Isaac Moos,16,,USA,,6:33.6,Yes,M,393.6,98.4,367.35228793890155
401,Marek Hebda,60,,GBR,,6:33.7,Race,M,393.7,98.425,367.07243603021135
401,Andrew Corley,42,"Firestone, CO",USA,,6:33.7,Yes,M,393.7,98.425,367.07243603021135
401,Dmitri Sobolev,17,,USA,St. Peter's Preparatory School,6:33.7,Yes,M,393.7,98.425,367.07243603021135
404,Jack Danns,32,,GBR,,6:33.8,Yes,M,393.8,98.45,366.79286830724686
404,Justin Maunder,35,"Edmonton, AB",CAN,Edmonton Rowing Club,6:33.8,No,M,393.8,98.45,366.79286830724686
406,Preston Cioffi,36,,USA,U.S. Navy,6:33.9,Yes,M,393.9,98.475,366.51358440936696
406,Riley McMichael,21,VA,USA,Rochester Institute of Technology,6:33.9,Yes,M,393.9,98.475,366.51358440936696
406,Dave Pimm,53,"Springfield, NSW",AUS,Fitness Matters,6:33.9,Yes,M,393.9,98.475,366.51358440936696
409,Raymond Chambers,39,,GBR,Marlow Rowing Club,6:34.0,Race,M,394.0,98.5,366.23458397647823
409,Ray Chambers,39,,GBR,,6:34.0,No,M,394.0,98.5,366.23458397647823
409,Cassidy Ellem-Allen,15,QLD,AUS,,6:34.0,No,M,394.0,98.5,366.23458397647823
412,Stepan Gudev,41,,HKG,Rowfit,6:34.1,Yes,M,394.1,98.525,365.9558666490366
412,Jacob Poissant,17,Everett,USA,Everett Rowing Association,6:34.1,Yes,M,394.1,98.525,365.9558666490366
414,Chris Smith,37,,GBR,,6:34.2,Race,M,394.2,98.55,365.67743206804437
414,Dinis Da Lagem,18,Coimbra,POR,AAC- Associação Académica de Coimbra,6:34.2,Yes,M,394.2,98.55,365.67743206804437
414,Cory Henderson,25,,USA,,6:34.2,Yes,M,394.2,98.55,365.67743206804437
417,Mads Bork,40,,DEN,,6:34.3,Yes,M,394.3,98.575,365.3992798750501
417,Martin Breving,37,,NOR,,6:34.3,Yes,M,394.3,98.575,365.3992798750501
417,Edvard Nårstad,27,,NOR,,6:34.3,Yes,M,394.3,98.575,365.3992798750501
417,Guillaume Noyer,51,Décines,FRA,,6:34.3,Yes,M,394.3,98.575,365.3992798750501
417,Soren O’Sullivan,16,,USA,,6:34.3,Yes,M,394.3,98.575,365.3992798750501
417,Oliver Saare,37,,AUS,,6:34.3,Yes,M,394.3,98.575,365.3992798750501
423,stephen cross,23,"Atlanta, GA",USA,Georgia Tech Rowing Club,6:34.4,Race,M,394.4,98.6,365.12140971214774
423,James Dupree,42,"Sydney, NSW",AUS,Leichhardt Rowing Club,6:34.4,Yes,M,394.4,98.6,365.12140971214774
423,Casper Irbo,33,,DEN,,6:34.4,Yes,M,394.4,98.6,365.12140971214774
426,Ade Peel,55,,GBR,,6:34.5,Race,M,394.5,98.625,364.84382122197513
426,Owen Kinyon,14,,USA,,6:34.5,No,M,394.5,98.625,364.84382122197513
428,Will Gillo,40,,GBR,DARC (Dartmouth Amateur Rowing Club),6:34.6,Yes,M,394.6,98.65,364.5665140477138
428,Paul Morton,61,,USA,Jacksonville Rowing Club,6:34.6,Yes,M,394.6,98.65,364.5665140477138
428,Louis Stento,16,,FRA,,6:34.6,Yes,M,394.6,98.65,364.5665140477138
431,Pauli Joensen,17,,NOR,Tindur,6:34.7,Race,M,394.7,98.675,364.2894878330871
431,David Berman,41,"Newton Highlands, MA",USA,,6:34.7,Yes,M,394.7,98.675,364.2894878330871
431,Léo Frétier,22,Décines,FRA,,6:34.7,Yes,M,394.7,98.675,364.2894878330871
434,Nicholas McSorley,16,,USA,,6:34.8,Yes,M,394.8,98.7,364.01274222236
435,Ben Creed,49,Marlborough,GBR,,6:35.0,Yes,M,395.0,98.75,363.4600913923644
435,Henry Gibb,17,"Perth, WA",AUS,West Australian Rowing Club,6:35.0,No,M,395.0,98.75,363.4600913923644
437,steve Kearsey,40,,GBR,,6:35.1,Race,M,395.1,98.775,363.18418546432383
437,Jack Webber,31,,GBR,Sub 7 IRC,6:35.1,Race,M,395.1,98.775,363.18418546432383
439,Jackson MacLean,20,,USA,Cougar Rowing Association,6:35.2,Race,M,395.2,98.8,362.9085587226362
439,James Saxton,46,Alnwick,GBR,Royal Air Force (UK),6:35.2,Yes,M,395.2,98.8,362.9085587226362
441,Quinn Evans,18,,USA,,6:35.3,Yes,M,395.3,98.825,362.63321081425863
441,Alexandre Mortier,40,Reims,FRA,CNRR,6:35.3,Yes,M,395.3,98.825,362.63321081425863
443,Edgar Anpilogov,17,,GBR,Canford School,6:35.4,Race,M,395.4,98.85,362.35814138668377
443,Hugo Rowbotham,17,"Bryn Mawr, PA",USA,,6:35.4,Yes,M,395.4,98.85,362.35814138668377
445,Philip Gilley,42,,USA,Nashville Rowing Club,6:35.5,Yes,M,395.5,98.875,362.0833500879388
445,Travis Kriplean,42,"Portland, OR",USA,Red Line Rowers,6:35.5,Yes,M,395.5,98.875,362.0833500879388
445,David Smith,44,Hong Kong 🇭🇰,HKG,,6:35.5,Yes,M,395.5,98.875,362.0833500879388
448,Ollie Coulson,24,,GBR,Britannia Royal Naval College + Mad Team IRC,6:35.6,Race,M,395.6,98.9,361.80883656658506
448,Aaron Jackson,39,,AUS,,6:35.6,Yes,M,395.6,98.9,361.80883656658506
448,Lars Okkenhaug,22,,GBR,St Andrews University,6:35.6,Yes,M,395.6,98.9,361.80883656658506
448,Layne Smitty,38,,SUI,,6:35.6,Yes,M,395.6,98.9,361.80883656658506
448,Tom Robbins,31,"Philadelphia, PA",USA,Temple University,6:35.6,No,M,395.6,98.9,361.80883656658506
453,Andy Walker,37,,GBR,Flushing & Mylor Pilot Gig,6:35.7,Yes,M,395.7,98.925,361.53460047171615
454,Philip Constantino,38,"Baltimore, MD",USA,Baltimore Community Rowing,6:35.8,Yes,M,395.8,98.95,361.26064145295766
454,Alexander Hume,16,,GBR,,6:35.8,Yes,M,395.8,98.95,361.26064145295766
454,Harry Glyn,20,London,GBR,,6:35.8,No,M,395.8,98.95,361.26064145295766
457,Kyle Caffero,38,,USA,,6:35.9,Yes,M,395.9,98.975,360.9869591604661
457,Robert Slais,45,"Maywood, NJ",USA,Darkhorse Rowing,6:35.9,Yes,M,395.9,98.975,360.9869591604661
457,Max Hily,18,,GBR,,6:35.9,No,M,395.9,98.975,360.9869591604661
460,Robert Butler,20,Cork,IRL,Shandon Boat Club Junior Men,6:36.0,Yes,M,396.0,99.0,360.71355324492754
460,Damian Olechowski,21,Boston,USA,U.S. Coast Guard Academy,6:36.0,Yes,M,396.0,99.0,360.71355324492754
462,Chris Bentley,46,Exeter,GBR,Fitness Matters,6:36.1,No,M,396.1,99.025,360.4404233575578
463,Robert Holbrook,37,,GBR,RNRA,6:36.2,Race,M,396.2,99.05,360.16756915010006
463,Sebastian Brühl,27,Hamburg,GER,,6:36.2,Yes,M,396.2,99.05,360.16756915010006
463,Lars Komorowski,54,,GER,,6:36.2,Yes,M,396.2,99.05,360.16756915010006
463,Dave Teutenberg,44,"Niagara Falls, ON",CAN,,6:36.2,No,M,396.2,99.05,360.16756915010006
467,Roderlin Rosario,22,Santiago de los Caballeros,DOM,Federación Dominicana de Remo y Canotaje,6:36.3,Race,M,396.3,99.075,359.894990274825
467,Miles Welch,53,,GBR,Marlow Rowing Club,6:36.3,Race,M,396.3,99.075,359.894990274825
467,Thomas Darragh,19,"Edmonton, AB",CAN,University of Alberta,6:36.3,Yes,M,396.3,99.075,359.894990274825
467,Evan Economides,16,,USA,,6:36.3,Yes,M,396.3,99.075,359.894990274825
471,Patrick Aherne,24,Dublin,IRL,Blackrock Rowing Club,6:36.4,Yes,M,396.4,99.1,359.6226863845293
471,Finn Finucane,31,"West Bend, WI",USA,Milwaukee Rowing Club,6:36.4,Yes,M,396.4,99.1,359.6226863845293
471,Tuomo Seppälä,45,,FIN,Rusty Spatulas,6:36.4,Yes,M,396.4,99.1,359.6226863845293
474,Shaun Scott,35,,GBR,,6:36.5,Race,M,396.5,99.125,359.3506571325348
474,John Hiscock,36,,GBR,,6:36.5,Yes,M,396.5,99.125,359.3506571325348
474,Spencer Hokkanen,30,"Saint Francis, MN",USA,,6:36.5,Yes,M,396.5,99.125,359.3506571325348
474,Paul Sarantos,41,"Franklin, TN",USA,,6:36.5,Yes,M,396.5,99.125,359.3506571325348
474,JR Wikkerink,26,"Victoria, BC",CAN,,6:36.5,No,M,396.5,99.125,359.3506571325348
479,Michael Malone,43,"Atlanta, GA",USA,Potomac Boat Club,6:36.6,Race,M,396.6,99.15,359.07890217268834
479,Esteban (Chicho) Quesada,43,3 Ríos,CRC,,6:36.6,Yes,M,396.6,99.15,359.07890217268834
479,Julian Guerrieri,28,,USA,,6:36.6,Yes,M,396.6,99.15,359.07890217268834
479,John Blust,17,OH,USA,Dayton Boat Club,6:36.6,No,M,396.6,99.15,359.07890217268834
483,Aran Blackbourne,57,,IRL,,6:36.7,Yes,M,396.7,99.175,358.80742115935954
483,Jim Hughes,53,"Boylston, MA",USA,Chinook Perfomance Racing,6:36.7,Yes,M,396.7,99.175,358.80742115935954
483,Luke Maguire,38,,GBR,,6:36.7,Yes,M,396.7,99.175,358.80742115935954
483,Tom Rannard,15,,NZL,,6:36.7,No,M,396.7,99.175,358.80742115935954
487,Stephen Bailey,56,,GBR,,6:36.8,Race,M,396.8,99.2,358.5362137474405
487,Ben Bianchino,38,"Leawood, KS",USA,,6:36.8,Yes,M,396.8,99.2,358.5362137474405
487,Nick Smart,40,"Woodbridge, VA",USA,Occoquan Boat Club (OBC),6:36.8,Yes,M,396.8,99.2,358.5362137474405
490,Rhian Hastey,39,,GBR,,6:36.9,Race,M,396.9,99.225,358.2652795923453
490,Aidan Leverage,20,,GBR,,6:36.9,Race,M,396.9,99.225,358.2652795923453
490,Joshua Bridge,20,Bristol,GBR,University of Bristol,6:36.9,Yes,M,396.9,99.225,358.2652795923453
490,Hans Philipp Hübel,42,Bonn,GER,,6:36.9,Yes,M,396.9,99.225,358.2652795923453
490,Patrick Rufo,48,,USA,Fairmount Rowing Association,6:36.9,Yes,M,396.9,99.225,358.2652795923453
490,Fiachra Lennon,50,Dublin,IRL,Crew Class Dublin_CRC,6:36.9,No,M,396.9,99.225,358.2652795923453
490,Richard Moulton,21,,USA,,6:36.9,No,M,396.9,99.225,358.2652795923453
490,David Thorley,45,Bracknell,GBR,SUB-7 IRC,6:36.9,No,M,396.9,99.225,358.2652795923453
498,Ben Gallagher,38,,GBR,We Are Invictus,6:37.0,Race,M,397.0,99.25,357.9946183500082
498,Jamie Barrington,22,,GBR,,6:37.0,Yes,M,397.0,99.25,357.9946183500082
498,Aidan Hartley,24,,CAN,,6:37.0,Yes,M,397.0,99.25,357.9946183500082
498,David Viazmenski,18,,USA,,6:37.0,Yes,M,397.0,99.25,357.9946183500082
498,Ben Gallagher,38,Cotswolds,GBR,We Are Invictus,6:37.0,No,M,397.0,99.25,357.9946183500082
503,Oliver Fumi,17,,AUS,,6:37.1,Yes,M,397.1,99.275,357.72422967688374
503,Alexander Doidge,53,"Manly, NSW",AUS,Mosman Rowing Club,6:37.1,No,M,397.1,99.275,357.72422967688374
503,Kai Lewis,17,,USA,,6:37.1,No,M,397.1,99.275,357.72422967688374
503,Alexandre Ribas,53,São Paulo,BRA,Clube de Regatas Bandeirante,6:37.1,No,M,397.1,99.275,357.72422967688374
507,Ben Gurney,36,,GBR,,6:37.3,Race,M,397.3,99.325,357.1842686666826
507,myles tanham,22,,IRL,,6:37.3,No,M,397.3,99.325,357.1842686666826
509,Daniel Chapman,52,London,GBR,Sons of the Thames Rowing Club,6:37.4,Yes,M,397.4,99.35,356.91469564510487
509,Tim Delbridge,43,"Corvallis, OR",USA,Corvallis Rowing Club,6:37.4,Yes,M,397.4,99.35,356.91469564510487
509,J K,28,,USA,,6:37.4,Yes,M,397.4,99.35,356.91469564510487
509,Brett Kelsall,36,,GBR,York City Rowing Club,6:37.4,Yes,M,397.4,99.35,356.91469564510487
509,Pekka Lensu,43,,FIN,,6:37.4,Yes,M,397.4,99.35,356.91469564510487
509,James Malebranche,30,,USA,,6:37.4,Yes,M,397.4,99.35,356.91469564510487
509,Sascha Schneider,48,Die schöne Bergstrasse,GER,,6:37.4,Yes,M,397.4,99.35,356.91469564510487
509,Emmanuel Jan,55,Paris,FRA,Rowfit,6:37.4,No,M,397.4,99.35,356.91469564510487
517,Peter Geerdinck,21,,NED,A.R.S.R. Skadi,6:37.5,Yes,M,397.5,99.375,356.64539382373556
517,Jordan Symonds,41,,CAN,,6:37.5,Yes,M,397.5,99.375,356.64539382373556
517,Max afflalo,16,"Jacksonville, FL",USA,,6:37.5,No,M,397.5,99.375,356.64539382373556
520,Johnny Robinson,20,,GBR,University of York Boat Club,6:37.6,Race,M,397.6,99.4,356.3763628616144
520,Jamie Ford,15,,GBR,,6:37.6,Yes,M,397.6,99.4,356.3763628616144
520,Fyezze Zuhairy,21,JOHOR BAHRU,MAS,,6:37.6,Yes,M,397.6,99.4,356.3763628616144
523,Matthieu Boillet,16,"Los Gatos, CA",USA,Los Gatos Rowing Club,6:37.7,No,M,397.7,99.425,356.10760241829445
524,Luke Gilmore,33,,GBR,,6:37.8,Race,M,397.8,99.45,355.8391121538427
524,Stephen Hammond,37,"Atlanta, GA",USA,"Atlanta Rowing Club, Inc.",6:37.8,Race,M,397.8,99.45,355.8391121538427
524,Sönke Autzen,28,,GER,,6:37.8,Yes,M,397.8,99.45,355.8391121538427
524,Andy Quinn,35,,GBR,,6:37.8,Yes,M,397.8,99.45,355.8391121538427
524,Bennett Schulenburg,17,,USA,,6:37.8,Yes,M,397.8,99.45,355.8391121538427
524,Kyle Shearer,35,"Johnston, IA",USA,,6:37.8,Yes,M,397.8,99.45,355.8391121538427
524,Rob Robeyns,38,,BEL,,6:37.8,No,M,397.8,99.45,355.8391121538427
531,Erik Bakken,20,"Atlanta, GA",USA,Lake Lanier Rowing Club,6:37.9,Race,M,397.9,99.475,355.5708917288386
531,oscar tyrrell,21,,AUS,,6:37.9,Yes,M,397.9,99.475,355.5708917288386
531,Peter Wade,43,"Epping, Essex",GBR,,6:37.9,Yes,M,397.9,99.475,355.5708917288386
531,Chris Webb,44,Sunderland,GBR,City Of Sunderland Rowing Club,6:37.9,Yes,M,397.9,99.475,355.5708917288386
535,Ole Kristian Karlsen,61,,NOR,Skullerud Sportsklubb roing,6:38.0,Race,M,398.0,99.5,355.3029408043727
535,Toby Kleinsman Leusink Hill,21,,NZL,,6:38.0,Yes,M,398.0,99.5,355.3029408043727
535,Hamish Allen,17,,AUS,,6:38.0,No,M,398.0,99.5,355.3029408043727
535,Bertrand Spunberg,50,"Pelham, NY",USA,Pelham Community Rowing Association,6:38.0,No,M,398.0,99.5,355.3029408043727
539,Paul Hodgetts,44,,GBR,MKTF,6:38.1,Race,M,398.1,99.525,355.0352590420471
539,Harrison Chow,21,"Thunder Bay, ON",CAN,,6:38.1,Yes,M,398.1,99.525,355.0352590420471
539,Claus Jørgensen,36,,DEN,,6:38.1,Yes,M,398.1,99.525,355.0352590420471
539,Daniel Siebert,42,,GER,,6:38.1,Yes,M,398.1,99.525,355.0352590420471
539,Bertie Beanland,16,,GBR,,6:38.1,No,M,398.1,99.525,355.0352590420471
539,Nikhil Bonney,16,,USA,,6:38.1,No,M,398.1,99.525,355.0352590420471
545,Damien Derlique,47,"Ethelton, SA",AUS,SUB-7 IRC,6:38.2,Yes,M,398.2,99.55,354.7678461039728
545,Ryan Dwyer,24,"Boston, MA",USA,CRI Comp Men,6:38.2,Yes,M,398.2,99.55,354.7678461039728
547,Lennard Fladda,24,,GER,,6:38.3,Yes,M,398.3,99.575,354.50070165277
547,Sam Jasper,32,MN,USA,,6:38.3,Yes,M,398.3,99.575,354.50070165277
547,Jeff Kyser,63,"Lacey's Spring, AL",USA,SUB-7 IRC,6:38.3,Yes,M,398.3,99.575,354.50070165277
547,Micgill Parcher,19,Victoria,CAN,University of Victoria,6:38.3,Yes,M,398.3,99.575,354.50070165277
547,Justin Schauer,31,"Vancouver, WA",USA,,6:38.3,Yes,M,398.3,99.575,354.50070165277
552,Paul Eisermann,40,Hamburg,GER,Ruder-Gesellschaft HANSA e.V.,6:38.4,Yes,M,398.4,99.6,354.2338253515668
552,Drake Harkleroad,21,"Columbus , OH",USA,Ohio State Crew,6:38.4,Yes,M,398.4,99.6,354.2338253515668
552,Steven Rice,40,"Oregon City, OR",USA,Willamette Rowing Club,6:38.4,Yes,M,398.4,99.6,354.2338253515668
552,Ben Schindler,17,,CAN,Argonaut Rowing Club,6:38.4,Yes,M,398.4,99.6,354.2338253515668
552,Morgan Teboub,30,Toulouse,FRA,,6:38.4,Yes,M,398.4,99.6,354.2338253515668
557,William Lloyd,15,,USA,Northampton Community Rowing,6:38.5,Yes,M,398.5,99.625,353.96721686399843
557,Adrian Wiklund,17,,USA,,6:38.5,Yes,M,398.5,99.625,353.96721686399843
557,Myles Badami,23,"Richmond, VA",USA,Virginia Commonwealth University,6:38.5,No,M,398.5,99.625,353.96721686399843
560,Ozan Demir,22,İstanbul,TUR,Koc University,6:38.6,Yes,M,398.6,99.65,353.7008758542065
560,Niall Fostyk,33,,AUS,,6:38.6,Yes,M,398.6,99.65,353.7008758542065
560,tianchen he,16,,CHN,,6:38.6,Yes,M,398.6,99.65,353.7008758542065
560,James Kirk,17,,USA,,6:38.6,Yes,M,398.6,99.65,353.7008758542065
560,Wyatt Radosevich,21,MI,USA,Michigan State University Crew Club,6:38.6,Yes,M,398.6,99.65,353.7008758542065
560,Daniel Corcoran,16,,USA,,6:38.6,No,M,398.6,99.65,353.7008758542065
566,John Michael DeLaurentiis,15,"Philadelphia, PA",USA,,6:38.7,Yes,M,398.7,99.675,353.4348019868377
566,Federico Perinati,36,"Auer, Südtirol",ITA,CUS Trento,6:38.7,No,M,398.7,99.675,353.4348019868377
568,Mason Dearborn,16,,CAN,,6:38.8,Yes,M,398.8,99.7,353.16899492704323
568,Charlie Delbridge,45,"New Orleans, LA",USA,,6:38.8,Yes,M,398.8,99.7,353.16899492704323
568,Romain Locmane,38,,FRA,,6:38.8,Yes,M,398.8,99.7,353.16899492704323
568,Joe Yeager,22,,USA,U.S. Army,6:38.8,Yes,M,398.8,99.7,353.16899492704323
568,Vincentas Serva,15,,LTU,,6:38.8,No,M,398.8,99.7,353.16899492704323
573,William Armuand,16,"New York, NY",USA,Peddie School,6:38.9,Yes,M,398.9,99.725,352.90345434047765
573,Johnny Clore,40,"Lawrenceville, NJ",USA,,6:38.9,Yes,M,398.9,99.725,352.90345434047765
573,Dominic Cooper,41,,GBR,,6:38.9,Yes,M,398.9,99.725,352.90345434047765
576,Richard Blank,53,Uitgeest,NED,,6:39.0,Yes,M,399.0,99.75,352.6381798932982
576,Alex Fox,16,"Newark, NJ",USA,,6:39.0,Yes,M,399.0,99.75,352.6381798932982
576,christopher timm,21,,USA,,6:39.0,Yes,M,399.0,99.75,352.6381798932982
576,Andrew Wilson,17,,USA,,6:39.0,Yes,M,399.0,99.75,352.6381798932982
576,Jonas Jakobsen,46,,DEN,Greve Roklub,6:39.0,No,M,399.0,99.75,352.6381798932982
576,steven stoyanov,17,,USA,,6:39.0,No,M,399.0,99.75,352.6381798932982
582,Charlie Twallin,37,,GBR,London RC,6:39.1,Race,M,399.1,99.775,352.37317125216435
582,Rocco Carnevale,18,,USA,,6:39.1,Yes,M,399.1,99.775,352.37317125216435
582,Wouter Hol,45,Jisp,NED,,6:39.1,Yes,M,399.1,99.775,352.37317125216435
582,TIM(YUEN) YANG,17,SHANG HAI,CHN,,6:39.1,Yes,M,399.1,99.775,352.37317125216435
586,Laurent ZMUDA,55,Valenciennes,FRA,FRENCH INDOOR ROWERS TEAM,6:39.2,Race,M,399.2,99.8,352.10842808423575
586,Nate Bogoian,19,,USA,,6:39.2,Yes,M,399.2,99.8,352.10842808423575
586,Paul Kilgore,50,"Dubuque, IA",USA,,6:39.2,Yes,M,399.2,99.8,352.10842808423575
586,Joseph Willey,16,"Los Gatos, CA",USA,,6:39.2,Yes,M,399.2,99.8,352.10842808423575
590,Matthew Kent,43,,GBR,Active Leicester Gym,6:39.3,Race,M,399.3,99.825,351.8439500571727
590,Jack Berry,21,CA,USA,,6:39.3,Yes,M,399.3,99.825,351.8439500571727
592,Paul Sanderson,58,,GBR,,6:39.4,Race,M,399.4,99.85,351.57973683913406
592,Charles Coussens,34,Sheffield,GBR,British Army,6:39.4,Yes,M,399.4,99.85,351.57973683913406
592,Laeth English,17,,USA,,6:39.4,Yes,M,399.4,99.85,351.57973683913406
592,Aidan Joyce,23,Sheffield,GBR,City of Sheffield Rowing Club,6:39.4,Yes,M,399.4,99.85,351.57973683913406
592,Jack Ragland,16,,USA,,6:39.4,Yes,M,399.4,99.85,351.57973683913406
592,Lucas Turner,17,,USA,,6:39.4,Yes,M,399.4,99.85,351.57973683913406
592,Chris McAlpine,56,"Grimsby, ON",CAN,"St. Catharines Rowing Club, St.Catharines Ontario",6:39.4,No,M,399.4,99.85,351.57973683913406
599,Chris Heron,45,,GBR,,6:39.5,Yes,M,399.5,99.875,351.31578809877726
599,Benjamin Wagenvoort,25,,DEN,,6:39.5,Yes,M,399.5,99.875,351.31578809877726
601,James Bayliss,27,,GBR,Cambridge University (Queens),6:39.6,Yes,M,399.6,99.9,351.0521035052573
601,Erik Mens,48,"Conshohocken, PA",USA,Conshohocken Rowing Center,6:39.6,Yes,M,399.6,99.9,351.0521035052573
601,Daniel Treveton,40,NT,AUS,,6:39.6,Yes,M,399.6,99.9,351.0521035052573
601,Christopher Wier,36,,USA,Greater Columbus Rowing Association,6:39.6,Yes,M,399.6,99.9,351.0521035052573
605,John Michael,45,,GBR,,6:39.7,Race,M,399.7,99.925,350.7886827282254
605,Sebastian Danko,46,Zarnovica,SVK,,6:39.7,Yes,M,399.7,99.925,350.7886827282254
605,Jeff Davis,46,"Langley, BC",CAN,Team Canada,6:39.7,Yes,M,399.7,99.925,350.7886827282254
608,Stephen Medlin,20,"Atlanta, GA",USA,Lake Lanier Rowing Club,6:39.8,Race,M,399.8,99.95,350.5255254378283
608,Neil Hill,49,,GBR,,6:39.8,Yes,M,399.8,99.95,350.5255254378283
608,Dion Mitchell,19,,AUS,"Essendon Rowing Club, Melbourne, Aus",6:39.8,Yes,M,399.8,99.95,350.5255254378283
608,Jacob Morton,32,,USA,,6:39.8,Yes,M,399.8,99.95,350.5255254378283
608,Benjamin Stokes,42,,GBR,,6:39.8,Yes,M,399.8,99.95,350.5255254378283
608,Anthony van Rheenen,19,,USA,University of Maryland at College Park,6:39.8,No,M,399.8,99.95,350.5255254378283
614,Lincoln Clark,18,"Portland, ME",USA,,6:39.9,Yes,M,399.9,99.975,350.26263130470807
614,Ken Gates,66,"Austin, TX",USA,Texas Rowing Center,6:39.9,Yes,M,399.9,99.975,350.26263130470807
614,Xander Love,25,,GBR,,6:39.9,Yes,M,399.9,99.975,350.26263130470807
614,Craig Moses,40,Neath,GBR,,6:39.9,Yes,M,399.9,99.975,350.26263130470807
614,Bertie Paradise,40,,GBR,,6:39.9,Yes,M,399.9,99.975,350.26263130470807
614,Jeremy Tan,41,Singapore,SGP,The Row Space,6:39.9,Yes,M,399.9,99.975,350.26263130470807
614,James Thomson,50,Gosport,GBR,Royal Navy (UK),6:39.9,Yes,M,399.9,99.975,350.26263130470807
614,DION MCGROTHER,32,,AUS,,6:39.9,No,M,399.9,99.975,350.26263130470807
614,William Vehorn,17,,USA,,6:39.9,No,M,399.9,99.975,350.26263130470807
623,Pascal Vollenweider,32,,SUI,,6:40.0,Yes,M,400.0,100.0,349.9999999999999
623,Christophe Wakefield,15,,USA,Pine Crest School Rowing,6:40.0,Yes,M,400.0,100.0,349.9999999999999
625,Carl Quitzau,65,"Berowra Waters, NSW",AUS,Sydney Rowing Club,6:40.1,Yes,M,400.1,100.025,349.73763119533294
625,William Seeley,20,London,GBR,,6:40.1,Yes,M,400.1,100.025,349.73763119533294
625,Daniel Smyth,34,Vienna,AUT,,6:40.1,Yes,M,400.1,100.025,349.73763119533294
625,Dan Hofstatter,51,"New Haven, CT",USA,,6:40.1,No,M,400.1,100.025,349.73763119533294
629,Philippe Savary,52,La Trinite,FRA,Société Nautique de Monaco,6:40.2,Yes,M,400.2,100.05,349.47552456282784
629,Eden W,20,,USA,Virginia Commonwealth University,6:40.2,Yes,M,400.2,100.05,349.47552456282784
631,Martin Hamer,36,Halifax,GBR,,6:40.3,Race,M,400.3,100.075,349.2136797750969
631,Thomas Mcbride,31,,GBR,Army Rowing Club,6:40.3,Race,M,400.3,100.075,349.2136797750969
631,Enzo Capone,52,Cambridge,GBR,Cantabrigian Rowing Club,6:40.3,Yes,M,400.3,100.075,349.2136797750969
631,Tom Gladwin,30,,GBR,,6:40.3,Yes,M,400.3,100.075,349.2136797750969
635,Asbjørn Hellås,40,,NOR,,6:40.4,Yes,M,400.4,100.1,348.95209650524265
636,Joe Warren,40,,GBR,The Wally Challenge Rowing Club,6:40.5,Race,M,400.5,100.125,348.6907744268574
636,Connor Walsh,20,,USA,Worcester Polytechnic Institute,6:40.5,Yes,M,400.5,100.125,348.6907744268574
638,Jonathan Hargreaves,38,,GBR,,6:40.6,Race,M,400.6,100.15,348.4297132140224
638,Mark Jackson,35,"Adelaide, SA",AUS,,6:40.6,Yes,M,400.6,100.15,348.4297132140224
638,Cameron Rodgers,33,"moree, NSW",AUS,,6:40.6,Yes,M,400.6,100.15,348.4297132140224
641,Raffael Scialo,37,,GBR,,6:40.7,Race,M,400.7,100.175,348.1689125413064
641,Andrew Woodyatt,52,"Sydney, NSW",AUS,SUB-7 IRC,6:40.7,Yes,M,400.7,100.175,348.1689125413064
643,James Mckay,33,,GBR,,6:40.8,Race,M,400.8,100.2,347.9083720837654
643,Johnathon Bates,32,"Kalgoorlie, WA",AUS,,6:40.8,No,M,400.8,100.2,347.9083720837654
645,Bulut Onoz,16,"Atlanta, GA",USA,Unaffiliated (USA),6:40.9,Race,M,400.9,100.225,347.6480915169417
645,Darren Braybrook,36,,GBR,,6:40.9,Yes,M,400.9,100.225,347.6480915169417
645,Eric Espirat,53,Marguerittes,FRA,FRENCH INDOOR ROWERS TEAM,6:40.9,Yes,M,400.9,100.225,347.6480915169417
648,Christian Coe,41,AK,USA,Fairbanks AK nordic,6:41.0,Yes,M,401.0,100.25,347.3880705168626
648,Frank Thøgersen,42,,DEN,,6:41.0,Yes,M,401.0,100.25,347.3880705168626
648,Sam Rolfe,23,,GBR,Furnivall Sculling Club,6:41.0,No,M,401.0,100.25,347.3880705168626
648,Frank Snyder,38,,USA,Baltimore Community Rowing,6:41.0,No,M,401.0,100.25,347.3880705168626
648,Tim van der Weide,30,,NED,,6:41.0,No,M,401.0,100.25,347.3880705168626
653,Arturas Radziunas,51,,LTU,,6:41.1,Race,M,401.1,100.275,347.12830876004057
653,Collin Wyant,21,,USA,St. Olaf Rowing Club,6:41.1,Race,M,401.1,100.275,347.12830876004057
653,Michael Stewart,38,,AUS,,6:41.1,No,M,401.1,100.275,347.12830876004057
656,ludovic coquille,35,,FRA,,6:41.2,Yes,M,401.2,100.3,346.8688059234711
656,Adrian Ifrim,20,,GBR,"Jesus College BC, Cambridge",6:41.2,Yes,M,401.2,100.3,346.8688059234711
656,Matt Jackson,54,Exeter,GBR,Royal Navy (UK),6:41.2,Yes,M,401.2,100.3,346.8688059234711
659,Darran Hoare,53,,GBR,Royal Navy (UK),6:41.3,Race,M,401.3,100.325,346.6095616846326
659,Charro Wood,45,,GBR,,6:41.3,Race,M,401.3,100.325,346.6095616846326
659,Andrew Newman,41,"Jerrabomberra, NSW",AUS,Royal Australian Navy,6:41.3,Yes,M,401.3,100.325,346.6095616846326
659,Bjorn Svinterud,59,"Solana Beach, CA",USA,,6:41.3,Yes,M,401.3,100.325,346.6095616846326
663,Beefcastle .,41,TX,USA,,6:41.4,Yes,M,401.4,100.35,346.3505757214857
663,Edward Jones,46,,GBR,Peterborough City Rowing Club - Peterborough (UK),6:41.4,Yes,M,401.4,100.35,346.3505757214857
663,Mika Virsu,52,,FIN,,6:41.4,Yes,M,401.4,100.35,346.3505757214857
663,Dave Winnacker,51,"Albany, CA",USA,,6:41.4,Yes,M,401.4,100.35,346.3505757214857
663,Arkadiusz Wiśniewski,38,,POL,,6:41.4,Yes,M,401.4,100.35,346.3505757214857
668,William Turner,17,,GBR,Canford School,6:41.5,Race,M,401.5,100.375,346.091847712472
668,Nate Brown,32,"Charlottesville, VA",USA,,6:41.5,Yes,M,401.5,100.375,346.091847712472
668,Adrien Gallo,36,,FRA,,6:41.5,Yes,M,401.5,100.375,346.091847712472
668,Eoghan Kelly,46,Dublin,IRL,,6:41.5,Yes,M,401.5,100.375,346.091847712472
672,Jeffrey Bolle,45,"Atlanta, GA",USA,"Atlanta Rowing Club, Inc.",6:41.6,Race,M,401.6,100.4,345.8333773365135
673,Chris Fowler,46,,GBR,,6:41.7,Yes,M,401.7,100.425,345.5751642730116
673,Pete Kuefler,35,AB,CAN,,6:41.7,Yes,M,401.7,100.425,345.5751642730116
673,Andrew Mailer,24,Guildford,GBR,Guildford Rowing Club,6:41.7,Yes,M,401.7,100.425,345.5751642730116
673,Michael Zhao,17,"Philadelphia , PA",USA,,6:41.7,Yes,M,401.7,100.425,345.5751642730116
677,Simon Plummer,56,,AUS,,6:41.8,Race,M,401.8,100.45,345.31720820184626
677,David Smith,39,,AUS,,6:41.8,Yes,M,401.8,100.45,345.31720820184626
679,Matt Jackson,53,,GBR,RNRA,6:41.9,Race,M,401.9,100.475,345.0595088033753
679,Rolandas Mensikovas,49,,RSA,,6:41.9,Yes,M,401.9,100.475,345.0595088033753
681,Mike Senior,42,,GBR,Gym Mostyn,6:42.0,Race,M,402.0,100.5,344.8020657584333
681,Guillaume Gintrand,41,,FRA,,6:42.0,Yes,M,402.0,100.5,344.8020657584333
681,Mason Hawkins,28,,USA,,6:42.0,Yes,M,402.0,100.5,344.8020657584333
681,Conal Irvine,20,,IRL,,6:42.0,Yes,M,402.0,100.5,344.8020657584333
685,伊東 穂高,27,,JPN,,6:42.1,Yes,M,402.1,100.525,344.54487874833154
685,James Tiglao,18,,USA,Los Gatos Rowing Club,6:42.1,No,M,402.1,100.525,344.54487874833154
687,Ege Furkan Toker,27,,USA,,6:42.2,Yes,M,402.2,100.55,344.2879474548561
688,David Kelly,39,Doncaster,GBR,Doncaster Rowing Club,6:42.3,Yes,M,402.3,100.575,344.0312715602675
688,Gavin Pratt,19,"Ottawa, ON",CAN,,6:42.3,Yes,M,402.3,100.575,344.0312715602675
690,Robert Morris,43,,GBR,,6:42.4,Race,M,402.4,100.6,343.7748507473002
690,Adrito Das,17,,USA,,6:42.4,Yes,M,402.4,100.6,343.7748507473002
690,Robert Morris,43,,GBR,AGC Indoor Rowing,6:42.4,Yes,M,402.4,100.6,343.7748507473002
690,Thomas Woodard,33,"Milwaukee, WI",USA,Milwaukee Rowing Club,6:42.4,Yes,M,402.4,100.6,343.7748507473002
694,James Bradley,32,,GBR,,6:42.5,Race,M,402.5,100.625,343.51868469916104
694,Tobias Garsén,42,Ystad,SWE,,6:42.5,Yes,M,402.5,100.625,343.51868469916104
694,Oliver Neale,17,,GBR,,6:42.5,Yes,M,402.5,100.625,343.51868469916104
694,Oscar OHara,25,,GBR,,6:42.5,Yes,M,402.5,100.625,343.51868469916104
694,Jakub Palewski,22,,POL,,6:42.5,Yes,M,402.5,100.625,343.51868469916104
694,Shibun Yamasaki,24,,JPN,,6:42.5,Yes,M,402.5,100.625,343.51868469916104
694,Hunter Whitten,17,Auckland,NZL,West End Rowing Club,6:42.5,No,M,402.5,100.625,343.51868469916104
694,Petter Wik Gyllensten,16,,SWE,,6:42.5,No,M,402.5,100.625,343.51868469916104
702,Zack Kotilla,37,,CAN,,6:42.6,Yes,M,402.6,100.65,343.2627730995297
702,Farouk Olubajo,43,,GBR,,6:42.6,Yes,M,402.6,100.65,343.2627730995297
702,David Symes,49,,GBR,,6:42.6,Yes,M,402.6,100.65,343.2627730995297
702,Benjamin Porzio,18,,USA,,6:42.6,No,M,402.6,100.65,343.2627730995297
706,Luke Gilmore,32,,GBR,,6:42.7,Race,M,402.7,100.675,343.0071156325562
706,Erlend Haga,42,,NOR,,6:42.7,Yes,M,402.7,100.675,343.0071156325562
708,Henry Hinckfuss,16,,AUS,,6:42.8,Yes,M,402.8,100.7,342.7517119828612
708,Patrick Murphy,48,,USA,RowAlong,6:42.8,Yes,M,402.8,100.7,342.7517119828612
708,Johannes Thorbjørn Hansen,24,,DEN,,6:42.8,Yes,M,402.8,100.7,342.7517119828612
708,Andrew Weinstein,32,"Philadelphia, PA",USA,Potomac Boat Club,6:42.8,Yes,M,402.8,100.7,342.7517119828612
708,andrew wilkinson,44,London,GBR,Curlew Rowing Club,6:42.8,Yes,M,402.8,100.7,342.7517119828612
713,Seb Clarke-Leeser,22,London,GBR,The Royal Veterinary College Boat Club,6:42.9,Yes,M,402.9,100.725,342.4965618355351
713,Piotr Laskowski,54,Warszawa,POL,,6:42.9,Yes,M,402.9,100.725,342.4965618355351
713,Cody Fleming,41,CA,USA,,6:42.9,No,M,402.9,100.725,342.4965618355351
716,Mike Bowie,47,"Escondido, CA",USA,,6:43.0,No,M,403.0,100.75,342.2416648761366
717,Ulf Herzog,50,Chester,GBR,Royal Chester Rowing Club,6:43.1,Yes,M,403.1,100.775,341.98702079069295
717,Quinn Lanchoney,18,"Berwyn, PA",USA,,6:43.1,Yes,M,403.1,100.775,341.98702079069295
717,Anthony Avendt,49,"Birmingham , MI",USA,,6:43.1,No,M,403.1,100.775,341.98702079069295
717,Colin Thornton,17,,USA,,6:43.1,No,M,403.1,100.775,341.98702079069295
717,Stu Wenman,51,Liverpool,GBR,TEAM OARSOME IRC,6:43.1,No,M,403.1,100.775,341.98702079069295
722,James Buckmaster,21,,GBR,,6:43.2,Yes,M,403.2,100.8,341.732629265698
722,Jed Tosto,21,,AUS,,6:43.2,Yes,M,403.2,100.8,341.732629265698
724,Cathal Brennan,54,Leixlip,IRL,,6:43.3,Yes,M,403.3,100.825,341.4784899881121
724,Lucas Granucci,16,,USA,Guilford Rowing Inc.,6:43.3,Yes,M,403.3,100.825,341.4784899881121
724,Russell Whiteford,41,,AUS,,6:43.3,Yes,M,403.3,100.825,341.4784899881121
724,Will Wood,15,Oldham,GBR,,6:43.3,Yes,M,403.3,100.825,341.4784899881121
728,Adrian Hopkins,45,,GBR,Inverness Rowing Club,6:43.4,Yes,M,403.4,100.85,341.22460264536085
728,Øyvind Sølberg,39,Åsane VGS ro-club,NOR,Åsane VGS Ro-Club,6:43.4,Yes,M,403.4,100.85,341.22460264536085
728,David Vasseur,49,"Hamden, CT",USA,Fitness Matters,6:43.4,Yes,M,403.4,100.85,341.22460264536085
728,Ethan Wang,15,,USA,,6:43.4,Yes,M,403.4,100.85,341.22460264536085
728,Barclay McIvor,49,"Regina, SK",CAN,Regina Rowing Club,6:43.4,No,M,403.4,100.85,341.22460264536085
728,Mykolas Stanevicius,33,,SUI,,6:43.4,No,M,403.4,100.85,341.22460264536085
734,Aaron B,37,IL,USA,Chicago Rowing Foundation,6:43.5,Yes,M,403.5,100.875,340.9709669253347
734,Ryan Pepper,38,,USA,,6:43.5,Yes,M,403.5,100.875,340.9709669253347
734,German Rendo,56,Palma de Mallorca,ESP,,6:43.5,Yes,M,403.5,100.875,340.9709669253347
737,Laurence Griffiths,40,,GBR,,6:43.6,Yes,M,403.6,100.9,340.71758251638835
737,Evan Williams,17,,USA,,6:43.6,Yes,M,403.6,100.9,340.71758251638835
739,Freddie Fielding,17,,GBR,RGS Worcester,6:43.7,Race,M,403.7,100.925,340.46444910733885
739,Nathan Wiley,37,,GBR,Battersea M,6:43.7,Race,M,403.7,100.925,340.46444910733885
741,Steve Mann,53,NC,USA,,6:43.8,Yes,M,403.8,100.95,340.2115663874661
742,Chris Walls,44,,GBR,,6:43.9,Race,M,403.9,100.975,339.9589340465111
742,Chris Walls,44,,GBR,,6:43.9,No,M,403.9,100.975,339.9589340465111
744,T Kvigne,32,,USA,GARAGEATHLETE,6:44.0,Yes,M,404.0,101.0,339.70655177467546
744,Richard Anderson,69,"Glen Ellyn, IL",USA,,6:44.0,No,M,404.0,101.0,339.70655177467546
746,Dane Greenfield,39,VIC,AUS,Drag Factory,6:44.1,Yes,M,404.1,101.025,339.4544192626213
746,Caden Spohr,18,,USA,,6:44.1,Yes,M,404.1,101.025,339.4544192626213
746,Rui Sousa,42,,POR,Real Clube Fluvial Portuense,6:44.1,No,M,404.1,101.025,339.4544192626213
749,Jonathan Diakopoulos,20,"Burlington, ON",CAN,,6:44.2,Yes,M,404.2,101.05,339.20253620146906
749,Greg Trudeau,52,"Torrington, CT",USA,,6:44.2,Yes,M,404.2,101.05,339.20253620146906
749,Daniel Bergstresser,52,"Newton, MA",USA,Berkshire Rowing and Sculling Society (BRASS),6:44.2,No,M,404.2,101.05,339.20253620146906
752,Chad Martin,42,"Milwaukee, WI",USA,Milwaukee Rowing Club,6:44.3,Yes,M,404.3,101.075,338.95090228279787
752,Luca Mikus,15,,AUS,,6:44.3,Yes,M,404.3,101.075,338.95090228279787
752,Hans van der Meulen,55,'s-Hertogenbosch,NED,,6:44.3,No,M,404.3,101.075,338.95090228279787
755,William Evans,35,Truro,GBR,,6:44.4,Yes,M,404.4,101.1,338.69951719864423
755,A. Snyder,20,,USA,,6:44.4,Yes,M,404.4,101.1,338.69951719864423
757,Ulf Herzog,50,,GER,Royal Chester Rowing Club,6:44.5,Race,M,404.5,101.125,338.44838064150116
757,Kim Baad-Bakkendorff,46,Karlslunde🇩🇰,DEN,,6:44.5,Yes,M,404.5,101.125,338.44838064150116
757,Eric Guyer,51,"PASADENA, CA",USA,,6:44.5,Yes,M,404.5,101.125,338.44838064150116
757,Jonny Houguez,43,,GBR,,6:44.5,Yes,M,404.5,101.125,338.44838064150116
757,Stephen Redman,50,,GBR,,6:44.5,Yes,M,404.5,101.125,338.44838064150116
757,Ronan Keys,16,,USA,,6:44.5,No,M,404.5,101.125,338.44838064150116
757,Jacob McDonald,34,"Townsville, QLD",AUS,,6:44.5,No,M,404.5,101.125,338.44838064150116
764,Patrick Moore,37,,IRL,,6:44.6,Yes,M,404.6,101.15,338.1974923043181
764,Leonard Pepple,16,,USA,James River High School,6:44.6,Yes,M,404.6,101.15,338.1974923043181
764,Lauri Pilpola,31,,FIN,,6:44.6,Yes,M,404.6,101.15,338.1974923043181
764,Duncan Strachan,30,Leamington Spa,GBR,Warwick Boat Club,6:44.6,Yes,M,404.6,101.15,338.1974923043181
768,Christopher Fenn,33,,GBR,RNRA,6:44.7,Race,M,404.7,101.175,337.946851880499
768,Joshua Mowbray,19,,GBR,,6:44.7,Race,M,404.7,101.175,337.946851880499
768,Henley J,15,"West Hartford , CT",USA,Riverfront Erg Monkeys,6:44.7,Yes,M,404.7,101.175,337.946851880499
768,Simon Maksimovic,38,Wales,GBR,,6:44.7,Yes,M,404.7,101.175,337.946851880499
768,Owen McGivern,21,,CAN,RMC CMR,6:44.7,Yes,M,404.7,101.175,337.946851880499
768,Jeppe Nørgaard,43,Tylstrup,DEN,,6:44.7,Yes,M,404.7,101.175,337.946851880499
768,Jesse Strong,45,MN,USA,Rowfit,6:44.7,Yes,M,404.7,101.175,337.946851880499
768,Vladislav Shevtsov,19,,AIN,,6:44.7,No,M,404.7,101.175,337.946851880499
776,Neon O'brien,30,,GBR,Army Rowing Club,6:44.8,Race,M,404.8,101.2,337.69645906390264
776,Jock Thomson,37,QLD,AUS,,6:44.8,Yes,M,404.8,101.2,337.69645906390264
778,Patrick Goodbourn,42,"Ballarat, VIC",AUS,Wendouree-Ballarat Rowing Club,6:44.9,Yes,M,404.9,101.225,337.44631354884086
778,Matthew Houser,29,"Millvale, PA",USA,,6:44.9,Yes,M,404.9,101.225,337.44631354884086
780,Adrián Peña,17,Santiago de los Caballeros,DOM,Federación Dominicana de Remo y Canotaje,6:45.0,Race,M,405.0,101.25,337.1964150300785
780,Simon Jones,51,London,GBR,TEAM OARSOME IRC,6:45.0,Yes,M,405.0,101.25,337.1964150300785
782,Simon Wallis,39,,GBR,Wally Challenge Rowing Club (WCRC),6:45.1,Race,M,405.1,101.275,336.94676320283264
782,Marcel Dols,53,,AUS,,6:45.1,Yes,M,405.1,101.275,336.94676320283264
782,Paul Evers,56,"Ridgewood, NJ",USA,Passaic River Rowing Association,6:45.1,Yes,M,405.1,101.275,336.94676320283264
785,Daniel Griffiths,38,Llanelli,GBR,,6:45.2,Yes,M,405.2,101.3,336.69735776277116
785,Joe Noonan,44,"Andover, MA",USA,Greater Lawrence Rowing,6:45.2,Yes,M,405.2,101.3,336.69735776277116
785,Nicholas Vinogradov,15,"Hollywood, FL",USA,,6:45.2,Yes,M,405.2,101.3,336.69735776277116
788,Richard Chambers,40,,GBR,,6:45.3,Race,M,405.3,101.325,336.4481984060125
788,Joseph Wiltanger,21,"Atlanta, GA",USA,Georgia Tech Rowing Club,6:45.3,Race,M,405.3,101.325,336.4481984060125
788,Andrew Farquharson,22,,GBR,First and Third Trinity,6:45.3,Yes,M,405.3,101.325,336.4481984060125
788,Simon Hoadley,48,CA,USA,Lions Rowing Club,6:45.3,Yes,M,405.3,101.325,336.4481984060125
788,Guillaume Levoy,40,,FRA,,6:45.3,Yes,M,405.3,101.325,336.4481984060125
788,Griffin Wick,18,,CAN,,6:45.3,Yes,M,405.3,101.325,336.4481984060125
794,German Rendo Ximeno,56,,ESP,Club Remo Do Miño,6:45.4,Race,M,405.4,101.35,336.19928482912474
794,Peter Dodds,35,,GBR,,6:45.4,Yes,M,405.4,101.35,336.19928482912474
794,Henri Halper,15,"Brigantine, NJ",USA,,6:45.4,Yes,M,405.4,101.35,336.19928482912474
794,Eoghan Volz O’Dowd,14,Galway,IRL,,6:45.4,Yes,M,405.4,101.35,336.19928482912474
798,Luke Rhodes,22,"Atlanta, GA",USA,Georgia Tech Rowing Club,6:45.5,Race,M,405.5,101.375,335.9506167291247
799,Malcolm Griffin,62,,GBR,Warwick Boat Club,6:45.6,Race,M,405.6,101.4,335.7021938034776
799,Brett .,54,"Plano, TX",USA,Dallas Rowing Club,6:45.6,Yes,M,405.6,101.4,335.7021938034776
799,Pasi Auvinen,46,,FIN,,6:45.6,Yes,M,405.6,101.4,335.7021938034776
799,Kevin Bell,45,,GBR,Fitness Matters,6:45.6,Yes,M,405.6,101.4,335.7021938034776
799,宥鈞 童,16,,TPE,,6:45.6,Yes,M,405.6,101.4,335.7021938034776
799,Stijn Bogaerts,44,,BEL,,6:45.6,No,M,405.6,101.4,335.7021938034776
805,Craig Burchmore,62,"Sydney,Caringbah, NSW",AUS,The Diamonds (Over Sixties Erging Group),6:45.7,Yes,M,405.7,101.425,335.45401575009583
806,Henk-Jaap Wagenaar,33,,GBR,Thames Valley Park Rowing Club,6:45.8,Race,M,405.8,101.45,335.2060822673381
806,Andrew Cui,17,,USA,,6:45.8,Yes,M,405.8,101.45,335.2060822673381
808,Blake Pond,43,,GBR,Nopinz Ltd,6:45.9,Race,M,405.9,101.475,334.9583930540092
808,Tom Gissane,49,Tewkesbury,GBR,Street Parking,6:45.9,Yes,M,405.9,101.475,334.9583930540092
808,Billy Kinnersley,33,,GBR,,6:45.9,Yes,M,405.9,101.475,334.9583930540092
808,Stefan Petersen,46,,SWE,,6:45.9,Yes,M,405.9,101.475,334.9583930540092
812,Steve Moss,57,,GBR,Belerion Cornwall,6:46.0,Race,M,406.0,101.5,334.7109478093586
812,Grantly Clonan,58,QLD,AUS,,6:46.0,Yes,M,406.0,101.5,334.7109478093586
812,Ken Creighton,54,,GBR,Quintin Boat Club,6:46.0,Yes,M,406.0,101.5,334.7109478093586
812,Jacque Hanlon,21,"Wilmington, DE",USA,University of Delaware,6:46.0,Yes,M,406.0,101.5,334.7109478093586
812,Alexandre MARINIER,16,Marseille,FRA,,6:46.0,Yes,M,406.0,101.5,334.7109478093586
812,Michael Old,37,,GBR,Padstow Rowing Club,6:46.0,Yes,M,406.0,101.5,334.7109478093586
812,Matthew Yankow,41,,USA,,6:46.0,Yes,M,406.0,101.5,334.7109478093586
812,Jacob Levan,28,,USA,,6:46.0,No,M,406.0,101.5,334.7109478093586
820,Emerson Wright,18,"Atlanta, GA",USA,Lake Lanier Rowing Club,6:46.1,Race,M,406.1,101.525,334.46374623308054
820,Jon Clark,52,"Rancho Santa Margarita, CA",USA,,6:46.1,Yes,M,406.1,101.525,334.46374623308054
820,Alexandre Magalhães,21,,POR,,6:46.1,Yes,M,406.1,101.525,334.46374623308054
820,dan ocallaghan,45,South Shields,GBR,,6:46.1,Yes,M,406.1,101.525,334.46374623308054
820,Markus Georg Schützelhofer,48,,AUT,,6:46.1,Yes,M,406.1,101.525,334.46374623308054
820,Greg Vorster,32,Pieter,RSA,,6:46.1,Yes,M,406.1,101.525,334.46374623308054
820,Jesper Fink Petersen,51,Farum,DEN,Danish Army,6:46.1,No,M,406.1,101.525,334.46374623308054
827,Albert Thompson,29,,GBR,,6:46.2,Race,M,406.2,101.55,334.2167880253122
827,Michael Hagen,61,,GER,,6:46.2,Yes,M,406.2,101.55,334.2167880253122
827,Allen Klingel,17,,USA,,6:46.2,Yes,M,406.2,101.55,334.2167880253122
827,Simon Tebbe,31,"Asheville, NC",USA,"Rebel Strength and Rowhouse, Asheville, NC",6:46.2,Yes,M,406.2,101.55,334.2167880253122
827,Jonathan Ventimiglia,23,,USA,,6:46.2,Yes,M,406.2,101.55,334.2167880253122
832,Wyatt Lorenz,18,,USA,Long Lake Rowing Crew,6:46.3,Race,M,406.3,101.575,333.9700728866337
832,Wilson Restituyo,19,Santiago de los Caballeros,DOM,Federación Dominicana de Remo y Canotaje,6:46.3,Race,M,406.3,101.575,333.9700728866337
832,Chris Barton,45,Sale,GBR,Runcorn Rowing Club,6:46.3,Yes,M,406.3,101.575,333.9700728866337
832,Tom Christopher,35,,GBR,,6:46.3,Yes,M,406.3,101.575,333.9700728866337
832,José Luis Nalivaiko,55,Concordia,ARG,,6:46.3,Yes,M,406.3,101.575,333.9700728866337
832,Andrew Schonberger,41,,AUS,,6:46.3,Yes,M,406.3,101.575,333.9700728866337
838,John Scott,63,,GBR,,6:46.4,Race,M,406.4,101.6,333.7236005180672
838,Hayo Wagenaar,59,Amsterdam,NED,Rowfit,6:46.4,Race,M,406.4,101.6,333.7236005180672
838,jess Edison,53,,USA,,6:46.4,Yes,M,406.4,101.6,333.7236005180672
838,Jacek Trzeciakiewicz,37,Rogoźnik,POL,,6:46.4,Yes,M,406.4,101.6,333.7236005180672
838,Luke Farrell,17,,USA,,6:46.4,No,M,406.4,101.6,333.7236005180672
843,Eli Adler-Roth,36,,USA,,6:46.6,Yes,M,406.6,101.65,333.2313828975631
843,Paul Buchanan,51,,IRL,Q-Power,6:46.6,Yes,M,406.6,101.65,333.2313828975631
843,Carson Knopp,15,,USA,,6:46.6,No,M,406.6,101.65,333.2313828975631
843,Jacob Rand,36,,USA,,6:46.6,No,M,406.6,101.65,333.2313828975631
847,Richard Pruce,57,,GBR,Sub7 IRC & Fairlop Rowing Club,6:46.7,Race,M,406.7,101.675,332.98563704987265
847,Anders Kronholt,44,Skørping,DEN,,6:46.7,Yes,M,406.7,101.675,332.98563704987265
847,Gavin Mahon,16,MI,USA,Grosse Ile Rowing,6:46.7,Yes,M,406.7,101.675,332.98563704987265
850,Mathieu Lastapis,39,"Utrecht, NL",FRA,Aviron sétois,6:46.8,Yes,M,406.8,101.7,332.74013278078655
851,Paul Clarke,38,,GBR,,6:46.9,Race,M,406.9,101.725,332.49486979352537
851,Geoffroy Foucher,40,,FRA,,6:46.9,Yes,M,406.9,101.725,332.49486979352537
851,Sebastian Miller,41,Southport,GBR,Free Spirits,6:46.9,No,M,406.9,101.725,332.49486979352537
854,Asher Harris,17,,USA,Oregon Rowing Unlimited,6:47.0,Yes,M,407.0,101.75,332.2498477917467
854,George Holness,30,Herne Bay,GBR,,6:47.0,Yes,M,407.0,101.75,332.2498477917467
856,Carl Peasnell,51,,GBR,Walbrook Rowing Club,6:47.1,Race,M,407.1,101.775,332.00506647954495
856,David Steel,36,"Lake Stevens WA, WA",USA,Everett Rowing Association,6:47.1,Yes,M,407.1,101.775,332.00506647954495
856,Oliver Tiglao,14,,USA,Los Gatos Rowing Club,6:47.1,No,M,407.1,101.775,332.00506647954495
859,Giles Chalk,46,YORK,GBR,Black Sheep Rowing Club,6:47.3,Yes,M,407.3,101.825,331.51622474242964
860,Sam Macintosh,46,,GBR,,6:47.4,Race,M,407.4,101.85,331.2721637278813
860,Simon Marren,39,,GBR,Clydesdale ARC,6:47.4,Race,M,407.4,101.85,331.2721637278813
860,Jan Tanti,35,,MLT,Siġġiewi Rowing Club,6:47.4,Race,M,407.4,101.85,331.2721637278813
860,Jacob McBride,17,VA,USA,Independence Crew,6:47.4,Yes,M,407.4,101.85,331.2721637278813
860,pedro parada,44,Madrid,ESP,,6:47.4,Yes,M,407.4,101.85,331.2721637278813
860,Joris Renkens,37,,BEL,,6:47.4,Yes,M,407.4,101.85,331.2721637278813
860,Matthew Wasteney,32,,GBR,,6:47.4,Yes,M,407.4,101.85,331.2721637278813
860,Ricky Syvret,40,,GBR,Bideford Amateur Rowing Club,6:47.4,No,M,407.4,101.85,331.2721637278813
868,Charles Smith,46,,GBR,Z Force,6:47.5,Race,M,407.5,101.875,331.0283422236395
868,Nick Gilpin,45,"Royal Oak, MI",USA,,6:47.5,Yes,M,407.5,101.875,331.0283422236395
868,Tate Lovell,14,,GBR,"Walbrook Rowing Club, Teddington UK",6:47.5,Yes,M,407.5,101.875,331.0283422236395
868,Nolan Messer,32,"Nanaimo, BC",CAN,SUB-7 IRC,6:47.5,Yes,M,407.5,101.875,331.0283422236395
868,Dennis Pohl,31,Markdorf,GER,,6:47.5,Yes,M,407.5,101.875,331.0283422236395
868,Stuart Roberts,40,,GBR,,6:47.5,Yes,M,407.5,101.875,331.0283422236395
874,Ellis Israel,16,,USA,,6:47.6,Yes,M,407.6,101.9,330.78475993597056
874,Reuben O regan,24,,IRL,,6:47.6,Yes,M,407.6,101.9,330.78475993597056
874,Jack Rees,14,,AUS,,6:47.6,Yes,M,407.6,101.9,330.78475993597056
874,Eli Wells,18,,USA,,6:47.6,Yes,M,407.6,101.9,330.78475993597056
874,Ståle Leiren,50,Hordvik,NOR,Åsane VGS Ro-Club,6:47.6,No,M,407.6,101.9,330.78475993597056
879,Sebastien DESGRANGES,49,,FRA,Université Nantes Aviron,6:47.7,Yes,M,407.7,101.925,330.5414165715734
879,Ethan Foley,15,,GBR,,6:47.7,Yes,M,407.7,101.925,330.5414165715734
879,Daniel Browne,22,,NZL,,6:47.7,No,M,407.7,101.925,330.5414165715734
879,Miles Seabrook,27,,GBR,Bedford Rowing Club,6:47.7,No,M,407.7,101.925,330.5414165715734
883,Craig Betchart,41,"Pembroke, NH",USA,,6:47.8,Yes,M,407.8,101.95,330.29831183757796
883,Wesley Elford,32,"Acworth, GA",USA,,6:47.8,Yes,M,407.8,101.95,330.29831183757796
883,Richard Hayward,49,"Geelong, VIC",AUS,,6:47.8,Yes,M,407.8,101.95,330.29831183757796
883,Marcin Lewandowski,36,,POL,,6:47.8,Yes,M,407.8,101.95,330.29831183757796
883,JohnnyPP P,30,,USA,,6:47.8,Yes,M,407.8,101.95,330.29831183757796
888,Richard Wilder,52,,GBR,,6:47.9,Yes,M,407.9,101.975,330.05544544154515
889,Jake Jording,17,,USA,Olympia Area Rowing,6:48.0,Yes,M,408.0,102.0,329.8128170914656
889,Joe Lustig,43,,USA,,6:48.0,Yes,M,408.0,102.0,329.8128170914656
889,Tom Alkins,47,,CAN,,6:48.0,No,M,408.0,102.0,329.8128170914656
889,Alessandro Giannini,64,Roma,ITA,The Diamonds (Over Sixties Erging Group),6:48.0,No,M,408.0,102.0,329.8128170914656
893,Gareth Bingham,52,Bristol,GBR,Bristol Pilot Gig Club,6:48.1,Race,M,408.1,102.025,329.57042649575925
893,Aaron Arnold,43,"Newton, MA",USA,CRI Comp Men,6:48.1,Yes,M,408.1,102.025,329.57042649575925
893,Nigel Fortes,16,"East Providence, RI",USA,Narragansett boat club virtual January challenge,6:48.1,Yes,M,408.1,102.025,329.57042649575925
896,Jan Rückert,38,Dorsten,GER,,6:48.2,Yes,M,408.2,102.05,329.3282733632748
896,Paddy Schramm,31,,GER,,6:48.2,Yes,M,408.2,102.05,329.3282733632748
896,David thompson,38,KS,USA,EXR Rowing,6:48.2,Yes,M,408.2,102.05,329.3282733632748
899,Tom Marriott,44,,GBR,Portadown Boat Club,6:48.3,Race,M,408.3,102.075,329.0863574032882
899,Ian Johnston,35,"Dartmouth, NS",CAN,,6:48.3,Yes,M,408.3,102.075,329.0863574032882
899,John Stordy,39,,GBR,,6:48.3,Yes,M,408.3,102.075,329.0863574032882
902,nick huang,14,,CHN,,6:48.4,Yes,M,408.4,102.1,328.84467832550274
903,Stewart Edmondson,60,Shifnal,GBR,Gym Mostyn,6:48.5,Race,M,408.5,102.125,328.6032358400479
903,Marc Isabelle,40,,GBR,The Guernsey Rowing Club,6:48.5,Yes,M,408.5,102.125,328.6032358400479
903,Paul Morris,47,,GBR,,6:48.5,Yes,M,408.5,102.125,328.6032358400479
906,Paul Westfoot,52,,GBR,SUB-7 IRC,6:48.6,Race,M,408.6,102.15,328.36202965747856
906,Gareth Evans,62,"Bude, Cornwall",GBR,Bideford Amateur Rowing Club,6:48.6,Yes,M,408.6,102.15,328.36202965747856
906,Brendan Nucifora,32,PA,USA,,6:48.6,Yes,M,408.6,102.15,328.36202965747856
906,Roger Rogne,46,Ålesund,NOR,Fitness Matters,6:48.6,Yes,M,408.6,102.15,328.36202965747856
910,Christer Fiege-Kollmann,65,"North Tustin, CA",USA,Long Beach Rowing Association,6:48.7,Race,M,408.7,102.175,328.12105948877485
910,Didier Escalon,55,CNB - BANYOLES,ESP,,6:48.7,Yes,M,408.7,102.175,328.12105948877485
910,Bobby H,32,,USA,,6:48.7,Yes,M,408.7,102.175,328.12105948877485
910,Ryan Pedrosa,16,CT,USA,Greenwich Crew,6:48.7,Yes,M,408.7,102.175,328.12105948877485
910,Mike Riordan,54,Tokyo,JPN,,6:48.7,Yes,M,408.7,102.175,328.12105948877485
910,Matt Ryavec,44,,USA,,6:48.7,Yes,M,408.7,102.175,328.12105948877485
910,Pete Walton,18,,USA,"Pocock Rowing, Seattle, WA",6:48.7,Yes,M,408.7,102.175,328.12105948877485
917,Ludwig Axelsson,22,Uppsala,SWE,,6:48.8,Yes,M,408.8,102.2,327.8803250453406
917,Silvio Caiaro,16,,USA,,6:48.8,Yes,M,408.8,102.2,327.8803250453406
917,Robert Glavas,30,Rijeka,CRO,Fitness Matters,6:48.8,Yes,M,408.8,102.2,327.8803250453406
917,Laszlo Sarfalvi,51,Maastricht,NED,"Boordroeiers MWC, Maastricht",6:48.8,Yes,M,408.8,102.2,327.8803250453406
917,Gavin Smith,17,,USA,,6:48.8,Yes,M,408.8,102.2,327.8803250453406
917,Nicolai Sternefalk,32,,NOR,,6:48.8,Yes,M,408.8,102.2,327.8803250453406
917,Yoshiyuki Yamaguchi,43,,JPN,,6:48.8,Yes,M,408.8,102.2,327.8803250453406
917,Ivan Ivanov,17,,BUL,,6:48.8,No,M,408.8,102.2,327.8803250453406
917,danny vachon,50,"St-jean-sur-richelieu, QC",CAN,,6:48.8,No,M,408.8,102.2,327.8803250453406
926,Cooper Butler,17,"Charlotte, NC",USA,Charlotte Youth Rowing,6:48.9,Yes,M,408.9,102.225,327.6398260390031
926,Zach Carnes,34,,USA,,6:48.9,Yes,M,408.9,102.225,327.6398260390031
926,Bill Feyereisen,38,WI,USA,,6:48.9,Yes,M,408.9,102.225,327.6398260390031
926,Mark Flower,40,"Lennox Head, NSW",AUS,Murwillumbah Rowing Club,6:48.9,Yes,M,408.9,102.225,327.6398260390031
926,Nate Kerr,29,,NZL,,6:48.9,Yes,M,408.9,102.225,327.6398260390031
926,Matt Smith,41,,USA,,6:48.9,Yes,M,408.9,102.225,327.6398260390031
932,Harry Mistry,16,,GBR,Eton Excelsior,6:49.0,Race,M,409.0,102.25,327.3995621820123
932,Landon Martell,18,,USA,,6:49.0,Yes,M,409.0,102.25,327.3995621820123
932,Adán Orellana,34,,GUA,,6:49.0,Yes,M,409.0,102.25,327.3995621820123
932,Alexey Salykin,50,,AIN,,6:49.0,Yes,M,409.0,102.25,327.3995621820123
932,Maurice Tipene,38,Whangarei,NZL,,6:49.0,Yes,M,409.0,102.25,327.3995621820123
932,Tim Young,51,"Bottesford, Leicestershire",GBR,Red Line Rowers,6:49.0,Yes,M,409.0,102.25,327.3995621820123
932,Ask Kaaber,37,,DEN,,6:49.0,No,M,409.0,102.25,327.3995621820123
932,Connor Smyth,32,,IRL,,6:49.0,No,M,409.0,102.25,327.3995621820123
940,Nathaniel Dawson,21,,GBR,,6:49.1,Yes,M,409.1,102.275,327.1595331870399
940,Peyton Hyland,18,,USA,,6:49.1,Yes,M,409.1,102.275,327.1595331870399
940,Allan Lu,15,Weston MA,USA,,6:49.1,Yes,M,409.1,102.275,327.1595331870399
940,Andreas Sæbø,31,Åsane VGS Ro-Club,NOR,,6:49.1,Yes,M,409.1,102.275,327.1595331870399
940,Aaron Wagner,49,"Chicago , IL",USA,Chicago Rowing Foundation,6:49.1,Yes,M,409.1,102.275,327.1595331870399
940,Norbert Reinhart,61,Hofheim In Unterfranken🇩🇪,GER,,6:49.1,No,M,409.1,102.275,327.1595331870399
946,Chris Lawrence,31,,GBR,,6:49.2,Yes,M,409.2,102.3,326.9197387671795
946,Magnus Lia,40,Bø i Telemark,NOR,,6:49.2,Yes,M,409.2,102.3,326.9197387671795
946,Sebastian Rodricks,14,,USA,,6:49.2,Yes,M,409.2,102.3,326.9197387671795
946,Marcus Westerman,38,Oosterhout (NB),NED,,6:49.2,Yes,M,409.2,102.3,326.9197387671795
946,Gokul Yesodharan,38,,GBR,,6:49.2,Yes,M,409.2,102.3,326.9197387671795
946,Dave Allen,56,,AUS,St George Rowing Club,6:49.2,No,M,409.2,102.3,326.9197387671795
952,Richard Tremere,46,,GBR,,6:49.3,Race,M,409.3,102.325,326.68017863594423
952,Wes Ogburn,45,"San Diego, CA",USA,,6:49.3,Yes,M,409.3,102.325,326.68017863594423
952,Tóri Zachariasen,17,Tórshavn,FRO,Havnar Róðrarfelag,6:49.3,Yes,M,409.3,102.325,326.68017863594423
955,Nikola Cvitaš,43,Zagreb,CRO,,6:49.4,Yes,M,409.4,102.35,326.4408525072675
955,Menyhért Domokos Kis,23,,HUN,,6:49.4,No,M,409.4,102.35,326.4408525072675
957,Nate Anguiano,42,CA,USA,,6:49.5,Yes,M,409.5,102.375,326.20176009550175
958,Cooper Grant,21,"Atlanta, GA",USA,Georgia Tech Rowing Club,6:49.6,Race,M,409.6,102.4,325.9629011154174
958,Ian Cowley,46,Redcar,GBR,,6:49.6,Yes,M,409.6,102.4,325.9629011154174
958,Lorenzo del Valle,17,"Chicago, IL",USA,,6:49.6,Yes,M,409.6,102.4,325.9629011154174
958,Marcus Willart,34,,SWE,,6:49.6,Yes,M,409.6,102.4,325.9629011154174
962,Robert Mitchell,44,,GBR,,6:49.7,Yes,M,409.7,102.425,325.72427528220317
962,Sulo Niiva,30,,FIN,,6:49.7,Yes,M,409.7,102.425,325.72427528220317
962,Maxim Toruhov,26,,GER,,6:49.7,Yes,M,409.7,102.425,325.72427528220317
962,Chris Gray,34,"Raleigh, NC",USA,University of North Carolina at Chapel Hill,6:49.7,No,M,409.7,102.425,325.72427528220317
966,Sean Kowalski,15,,USA,,6:49.8,Yes,M,409.8,102.45,325.48588231146397
966,Ian McDowell,44,,GBR,,6:49.8,Yes,M,409.8,102.45,325.48588231146397
966,Luke Stevens,16,,USA,,6:49.8,Yes,M,409.8,102.45,325.48588231146397
966,Peter Ver Duin,18,,USA,,6:49.8,Yes,M,409.8,102.45,325.48588231146397
970,Ryan Goembel,17,"Atlanta, GA",USA,Row Georgia,6:49.9,Race,M,409.9,102.475,325.24772191922136
970,Fabrice Haegaert,19,Calais,FRA,,6:49.9,Yes,M,409.9,102.475,325.24772191922136
970,Erik Hicks,53,Oslo,NOR,Free Spirits,6:49.9,Yes,M,409.9,102.475,325.24772191922136
970,Martin Pierce,46,,IRL,,6:49.9,Yes,M,409.9,102.475,325.24772191922136
970,Christian Uhlig,31,,DEN,,6:49.9,Yes,M,409.9,102.475,325.24772191922136
975,Nick Beresford-Knox,41,Cambridge,GBR,Cambridge Assessment,6:50.0,Yes,M,410.0,102.5,325.0097938219121
975,Neil Potter,55,Bedford,GBR,Cranfield University,6:50.0,Yes,M,410.0,102.5,325.0097938219121
975,Alessio Sclocchini,32,,ITA,,6:50.0,Yes,M,410.0,102.5,325.0097938219121
975,Patrick Byrne,17,VIC,AUS,,6:50.0,No,M,410.0,102.5,325.0097938219121
975,Ricardo Pedro de Almeida,53,,POR,,6:50.0,No,M,410.0,102.5,325.0097938219121
975,Oliver Mccaffery,15,"Methuen, MA",USA,Greater Lawrence Rowing,6:50.0,No,M,410.0,102.5,325.0097938219121
981,Josh Gurke,28,"Meridian, ID",USA,Milwaukee Rowing Club,6:50.1,Yes,M,410.1,102.525,324.77209773638765
981,Ciaran McGowan,48,Randalstown,IRL,SUB-7 IRC,6:50.1,Yes,M,410.1,102.525,324.77209773638765
981,R on,52,,USA,,6:50.1,No,M,410.1,102.525,324.77209773638765
984,Alexis Hayler-Hughes,17,,GBR,Queen Elizabeth High School Rowing Club,6:50.2,Race,M,410.2,102.55,324.5346333799141
984,Christophe Morin,29,,CZE,,6:50.2,Yes,M,410.2,102.55,324.5346333799141
986,Sean Lougheed,45,,CAN,,6:50.3,Yes,M,410.3,102.575,324.2974004701703
986,Colin Schembri,36,"Duluth, MN",USA,Duluth Rowing Club,6:50.3,Yes,M,410.3,102.575,324.2974004701703
986,Luke Yazdani,19,,USA,,6:50.3,Yes,M,410.3,102.575,324.2974004701703
989,Alain Batut,45,,FRA,,6:50.4,Yes,M,410.4,102.6,324.0603987252479
989,Hunter Bloy,32,,USA,,6:50.4,Yes,M,410.4,102.6,324.0603987252479
989,Luke Jankovic,44,,USA,,6:50.4,Yes,M,410.4,102.6,324.0603987252479
989,Dexter Scott,15,,USA,Orlando Area Rowing Society,6:50.4,Yes,M,410.4,102.6,324.0603987252479
989,Shaun Winter,39,,NZL,,6:50.4,Yes,M,410.4,102.6,324.0603987252479
994,Paul Lefeuvre,21,,SGP,,6:50.5,Yes,M,410.5,102.625,323.8236278636506
994,Kobe O'Donnell,17,,GBR,,6:50.5,Yes,M,410.5,102.625,323.8236278636506
994,Martin Hackl,34,,GER,Rudergesellschaft München 1972 e.V.,6:50.5,No,M,410.5,102.625,323.8236278636506
997,Troy Frerichs,49,"Bloomington, IL",USA,The Delivery Room,6:50.6,Yes,M,410.6,102.65,323.5870876042931
997,Matthew Stephens,55,,USA,,6:50.6,Yes,M,410.6,102.65,323.5870876042931
999,Tomasz Falkowski,51,Gdańsk,POL,Polish Indoor Rowing Team,6:50.7,Yes,M,410.7,102.675,323.3507776665012
999,Sam Lawrence,38,,GBR,Royal Navy (UK),6:50.7,Yes,M,410.7,102.675,323.3507776665012
999,Tim Sheen,31,,GBR,,6:50.7,Yes,M,410.7,102.675,323.3507776665012
1002,Nigel Shimmin,49,,GBR,,6:50.8,Race,M,410.8,102.7,323.1146977700099
1002,Matt B,45,,GBR,,6:50.8,Yes,M,410.8,102.7,323.1146977700099
1002,Fero Krepelka,45,Chicago,SVK,,6:50.8,Yes,M,410.8,102.7,323.1146977700099
1002,Peter Schiessl,41,Munich,AUT,,6:50.8,Yes,M,410.8,102.7,323.1146977700099
1002,Jan Schmid,43,,GER,,6:50.8,Yes,M,410.8,102.7,323.1146977700099
1002,Nige Shimmin,49,,GBR,,6:50.8,No,M,410.8,102.7,323.1146977700099
1008,Sahil Desai,23,"Atlanta, GA",USA,Georgia Tech Rowing Club,6:50.9,Race,M,410.9,102.725,322.87884763496385
1008,Lucas Begic,20,,CAN,,6:50.9,Yes,M,410.9,102.725,322.87884763496385
1008,Robert James,40,Bristol,GBR,Clevedon Pilot Gig Club,6:50.9,Yes,M,410.9,102.725,322.87884763496385
1008,William Pizii,22,Cambridge,GBR,Downing College Boat Club,6:50.9,Yes,M,410.9,102.725,322.87884763496385
1008,Daniel Reeve,46,Wadebridge,GBR,,6:50.9,Yes,M,410.9,102.725,322.87884763496385
1008,Jason Lyon,39,"Lethbridge, AB",CAN,,6:50.9,No,M,410.9,102.725,322.87884763496385
1008,Jesse Schechter,50,"Niskayuna, NY",USA,,6:50.9,No,M,410.9,102.725,322.87884763496385
1015,Sunny Seth,35,,GUY,,6:51.0,Yes,M,411.0,102.75,322.64322698191563
1015,Gary Curtis,59,British National resident of CZK,GBR,,6:51.0,No,M,411.0,102.75,322.64322698191563
1015,Breck Eagle,16,,USA,,6:51.0,No,M,411.0,102.75,322.64322698191563
1015,Alexander Tsetsilas,33,FL,USA,,6:51.0,No,M,411.0,102.75,322.64322698191563
1019,Jonathan Ede,44,,GBR,Fuel Training Club,6:51.1,Race,M,411.1,102.775,322.4078355318259
1019,Marc (Ro) Knighton,47,Stamford,GBR,Peterborough City Rowing Club - Peterborough (UK),6:51.1,Yes,M,411.1,102.775,322.4078355318259
1019,Nathan Rumble,19,,CAN,,6:51.1,Yes,M,411.1,102.775,322.4078355318259
1022,Brian Kenyon,39,,USA,,6:51.2,Yes,M,411.2,102.8,322.17267300606255
1022,Zach Blackburn,16,Manchester,GBR,,6:51.2,No,M,411.2,102.8,322.17267300606255
1024,Scott Jenkins,55,,GBR,CrossFit Blackwater,6:51.3,Race,M,411.3,102.825,321.9377391263996
1024,Aanon Midstue,40,,NOR,,6:51.3,Yes,M,411.3,102.825,321.9377391263996
1024,Chris Nielsen,49,"RONALD, WA",USA,,6:51.3,Yes,M,411.3,102.825,321.9377391263996
1024,Herman Steinsoy,26,,NOR,,6:51.3,No,M,411.3,102.825,321.9377391263996
1028,Michael Cole,41,"Baltimore, MD",USA,U.S. Air Force,6:51.4,Yes,M,411.4,102.85,321.7030336150167
1028,Derren DaCosta,19,"Worcester, MA",USA,Worcester Polytechnic Institute,6:51.4,Yes,M,411.4,102.85,321.7030336150167
1028,Ryan Lane,17,,PUR,Independence Crew,6:51.4,Yes,M,411.4,102.85,321.7030336150167
1031,Will Randall,38,,GBR,Lincoln Park Boat Club,6:51.5,Race,M,411.5,102.875,321.46855619449843
1032,James Murphy,59,"Mountain Lakes, NJ",USA,Columbia University (alum),6:51.6,Yes,M,411.6,102.9,321.2343065878339
1032,David Albert Billiotte,47,,FRA,,6:51.6,No,M,411.6,102.9,321.2343065878339
1032,Piotr Jabłoński,47,Warszawa,POL,,6:51.6,No,M,411.6,102.9,321.2343065878339
1032,Troy Roberts,53,SA,AUS,,6:51.6,No,M,411.6,102.9,321.2343065878339
1036,Enzo Luján,18,,ARG,,6:51.7,Yes,M,411.7,102.925,321.0002845184158
1036,Kieran Mulvaney,27,,GBR,Maidenhead Rowing Club,6:51.7,Yes,M,411.7,102.925,321.0002845184158
1038,Steve Ratcliff,35,Launceston,GBR,Caradon Pilot Gig Club,6:51.9,No,M,411.9,102.975,320.5329218869033
1039,Dan DeSnyder,50,"Houston, TX",USA,,6:52.0,Yes,M,412.0,103.0,320.2995807736059
1039,Will Riffelmacher,43,,USA,,6:52.0,Yes,M,412.0,103.0,320.2995807736059
1039,Rob Frantz,43,"Chesapeake, VA",USA,"Hampton Roads Rowing Club, Norfolk, VA",6:52.0,No,M,412.0,103.0,320.2995807736059
1039,Caleb Gottesmann,17,,USA,Riverfront Erg Monkeys,6:52.0,No,M,412.0,103.0,320.2995807736059
1043,Tom Conoscenti,20,,USA,,6:52.1,Yes,M,412.1,103.025,320.06646609514763
1043,Ben Faiers,35,,AUS,,6:52.1,Yes,M,412.1,103.025,320.06646609514763
1043,RoPå Makker,31,,DEN,,6:52.1,Yes,M,412.1,103.025,320.06646609514763
1043,Scott Thomas,53,"Mclean, VA",USA,,6:52.1,Yes,M,412.1,103.025,320.06646609514763
1047,"Joseph ""JT"" Cummings",18,"Atlanta, GA",USA,Lake Lanier Rowing Club,6:52.2,Race,M,412.2,103.05,319.83357757692914
1047,Alex Aaron Steel,39,,MAS,,6:52.2,Yes,M,412.2,103.05,319.83357757692914
1047,ian chapman,55,,GBR,,6:52.2,Yes,M,412.2,103.05,319.83357757692914
1047,Daniel Ribeiro,55,Stockholm,SWE,,6:52.2,Yes,M,412.2,103.05,319.83357757692914
1051,Edward Clark,49,,GBR,,6:52.3,Yes,M,412.3,103.075,319.6009149447502
1051,Michael Hatt,51,Bristol,GBR,,6:52.3,Yes,M,412.3,103.075,319.6009149447502
1053,Drew Bailey,50,,GBR,,6:52.4,Race,M,412.4,103.1,319.3684779248096
1053,Luke Kirwan,51,,AUS,,6:52.4,Race,M,412.4,103.1,319.3684779248096
1053,Samuel Gregory,31,,GBR,,6:52.4,Yes,M,412.4,103.1,319.3684779248096
1053,Piotr Koziol,37,,POL,,6:52.4,Yes,M,412.4,103.1,319.3684779248096
1057,Martin Eysturdal,49,,FRO,,6:52.5,Yes,M,412.5,103.125,319.13626624370426
1057,Guillaume Floc’h,36,,FRA,,6:52.5,Yes,M,412.5,103.125,319.13626624370426
1057,Matt Kinate,49,"Normal, IL",USA,EXR Rowing,6:52.5,Yes,M,412.5,103.125,319.13626624370426
1057,Bart Randall,55,"Arlington, VA",USA,RowVember,6:52.5,Yes,M,412.5,103.125,319.13626624370426
1057,Alexander Wung,30,,NZL,,6:52.5,Yes,M,412.5,103.125,319.13626624370426
1062,Pierre-Alain De Bois,45,,FRA,,6:52.6,Yes,M,412.6,103.15,318.90427962842847
1062,Alejandro Gomez Enriquez,25,Corrientes,ARG,,6:52.6,Yes,M,412.6,103.15,318.90427962842847
1062,Patrick Suchor,41,"Sheridan, WY",USA,,6:52.6,Yes,M,412.6,103.15,318.90427962842847
1065,Eric Elbel Eric Elbel,49,"Atlanta, GA",USA,Unaffiliated (USA),6:52.7,Race,M,412.7,103.175,318.67251780637366
1065,Victor Chan,16,"Woodinville, WA",USA,Sammamish Rowing,6:52.7,Yes,M,412.7,103.175,318.67251780637366
1065,Antonio Cuervas mons,43,Vigo,ESP,,6:52.7,Yes,M,412.7,103.175,318.67251780637366
1065,Paul Johnson,57,Glasgow,GBR,Clydesdale Amateur Rowing Club,6:52.7,Yes,M,412.7,103.175,318.67251780637366
1065,Shane McCarrick,38,,USA,,6:52.7,Yes,M,412.7,103.175,318.67251780637366
1065,Noah Psihogios,16,,CAN,,6:52.7,Yes,M,412.7,103.175,318.67251780637366
1065,Jesper Rutherhill,53,Stockholm,SWE,Rowfit,6:52.7,Yes,M,412.7,103.175,318.67251780637366
1065,Jack Chase,16,,USA,,6:52.7,No,M,412.7,103.175,318.67251780637366
1065,David Keyzer,44,,USA,,6:52.7,No,M,412.7,103.175,318.67251780637366
1065,Damien Schroder,24,,AUS,,6:52.7,No,M,412.7,103.175,318.67251780637366
1075,David Atkin,49,Cambridge,GBR,Cantabrigian Rowing Club,6:52.8,Yes,M,412.8,103.2,318.440980505327
1075,Zeke Bittker,16,,USA,,6:52.8,Yes,M,412.8,103.2,318.440980505327
1075,Zachary Dalva-Baird,19,,USA,,6:52.8,Yes,M,412.8,103.2,318.440980505327
1075,David Shally,44,,IRL,,6:52.8,Yes,M,412.8,103.2,318.440980505327
1079,Michael Boyd,43,,GBR,,6:52.9,Race,M,412.9,103.225,318.2096674534714
1079,Alex Bristow,41,,GBR,,6:52.9,Yes,M,412.9,103.225,318.2096674534714
1079,Matthieu Carpin,52,Namur,BEL,,6:52.9,Yes,M,412.9,103.225,318.2096674534714
1079,Matteo Gasparini,15,,FRA,,6:52.9,Yes,M,412.9,103.225,318.2096674534714
1079,Sam Rysdyk,38,"Indianapolis, IN",USA,,6:52.9,Yes,M,412.9,103.225,318.2096674534714
1084,Ian Wood,53,,GBR,CUBC,6:53.0,Race,M,413.0,103.25,317.97857837938443
1084,Shawn Dawley,30,,USA,,6:53.0,Yes,M,413.0,103.25,317.97857837938443
1084,John Handfield,27,,USA,,6:53.0,Yes,M,413.0,103.25,317.97857837938443
1084,Dialla Soukouna,41,METZ,FRA,,6:53.0,Yes,M,413.0,103.25,317.97857837938443
1084,Bruno Ramos,29,,POR,,6:53.0,No,M,413.0,103.25,317.97857837938443
1089,Mark Francis,61,,GBR,Sub-7,6:53.1,Race,M,413.1,103.275,317.74771301203776
1089,Josh Palfreyman,21,,GBR,Sheffield Hallam Rowing Club,6:53.1,Race,M,413.1,103.275,317.74771301203776
1089,Jon Regner,48,"Vista , CA",USA,,6:53.1,Yes,M,413.1,103.275,317.74771301203776
1089,Christian Rondanelli,52,San Pedro de la Paz,CHI,Club de Remo Canottieri Italiano,6:53.1,Yes,M,413.1,103.275,317.74771301203776
1089,Ivan Server,41,,ESP,,6:53.1,Yes,M,413.1,103.275,317.74771301203776
1094,Vanja Buvac,55,"Philadelphia, PA",USA,Undine Barge Club,6:53.2,Yes,M,413.2,103.3,317.5170710807967
1094,Adrian Grindland,42,,NOR,,6:53.2,Yes,M,413.2,103.3,317.5170710807967
1094,Russ Parks,50,"Lake Oswego, OR",USA,Lake Oswego Community Rowing (LOCR),6:53.2,No,M,413.2,103.3,317.5170710807967
1097,Philip Healy,55,,IRL,,6:53.3,Race,M,413.3,103.325,317.28665231541925
1097,Peter Boyd,25,,GBR,,6:53.3,Yes,M,413.3,103.325,317.28665231541925
1097,Johan Lundström,48,Stockholm,SWE,,6:53.3,Yes,M,413.3,103.325,317.28665231541925
1097,Alex Thorman,36,"Canberra, ACT",AUS,,6:53.3,Yes,M,413.3,103.325,317.28665231541925
1101,James Green,59,York,GBR,York City Rowing Club,6:53.4,Race,M,413.4,103.35,317.05645644605545
1101,Lachlan Dow,26,,GBR,,6:53.4,Yes,M,413.4,103.35,317.05645644605545
1101,David Eggleston,45,,GBR,,6:53.4,Yes,M,413.4,103.35,317.05645644605545
1101,Ben Foster,33,,GBR,Fitness Matters,6:53.4,Yes,M,413.4,103.35,317.05645644605545
1101,Mark Hirst,47,,NZL,,6:53.4,Yes,M,413.4,103.35,317.05645644605545
1101,Tobias Olsson,50,,SWE,Rowfit,6:53.4,Yes,M,413.4,103.35,317.05645644605545
1101,Toby Reid,26,,GBR,Loughborough University,6:53.4,Yes,M,413.4,103.35,317.05645644605545
1101,Sean Venables,49,,GBR,British Army,6:53.4,Yes,M,413.4,103.35,317.05645644605545
1109,Josh Bottjer,41,TX,USA,,6:53.5,Yes,M,413.5,103.375,316.8264832032469
1109,Nick Brown,20,,GBR,,6:53.5,Yes,M,413.5,103.375,316.8264832032469
1109,Bozhidar Zahov,27,,BUL,,6:53.5,Yes,M,413.5,103.375,316.8264832032469
1112,Matt Alcock,28,,GBR,Padstow Rowing Club,6:53.6,Race,M,413.6,103.4,316.5967323179259
1112,Max Spiteri Fiteni,17,,MLT,Siġġiewi Rowing Club,6:53.6,Race,M,413.6,103.4,316.5967323179259
1112,Henrik Ulldahl,50,,SWE,Rowfit,6:53.6,Race,M,413.6,103.4,316.5967323179259
1112,Thibauld Braet,29,,BEL,,6:53.6,Yes,M,413.6,103.4,316.5967323179259
1112,Chad Dutcher,31,,USA,,6:53.6,Yes,M,413.6,103.4,316.5967323179259
1112,Vincent Friedel,40,Verrières le Buisson,FRA,Cercle Nautique de Versailles,6:53.6,Yes,M,413.6,103.4,316.5967323179259
1112,Peter Larsen,39,Falun,SWE,,6:53.6,Yes,M,413.6,103.4,316.5967323179259
1112,Colin Lloyd,53,,GBR,,6:53.6,Yes,M,413.6,103.4,316.5967323179259
1112,Ben Tinson,29,,GBR,Oxford Academicals,6:53.6,Yes,M,413.6,103.4,316.5967323179259
1112,Mark Veltman,39,Dubai,UAE,,6:53.6,Yes,M,413.6,103.4,316.5967323179259
1122,Christian Baylis-Gaba,16,,USA,,6:53.7,Yes,M,413.7,103.425,316.3672035214152
1122,Enda Cosgrove,39,,IRL,Forum Flyers,6:53.7,Yes,M,413.7,103.425,316.3672035214152
1122,Tyler Durden,47,,AUT,,6:53.7,Yes,M,413.7,103.425,316.3672035214152
1122,David Šafránek,48,Prague,CZE,,6:53.7,Yes,M,413.7,103.425,316.3672035214152
1122,Kevin Valent,45,"Jacksonville, FL",USA,,6:53.7,Yes,M,413.7,103.425,316.3672035214152
1127,Budimir Buda Sobat,60,,CRO,,6:53.8,No,M,413.8,103.45,316.13789654542666
1128,James Laming,50,,GBR,,6:53.9,Race,M,413.9,103.475,315.90881112206125
1128,Nathan Haase,33,"Seattle, WA",USA,"Pocock Rowing, Seattle, WA",6:53.9,Yes,M,413.9,103.475,315.90881112206125
1128,Steve Newbold,52,,NOR,,6:53.9,Yes,M,413.9,103.475,315.90881112206125
1131,hamilton arenas,40,CT,USA,,6:54.0,No,M,414.0,103.5,315.6799469838078
1131,Piers Herrmann,61,"Yare Boat Club, Norwich",GBR,,6:54.0,No,M,414.0,103.5,315.6799469838078
1133,Luke Orr,37,,GBR,Army Rowing Club,6:54.1,Race,M,414.1,103.525,315.45130386354276
1133,Ron Arena,58,"San Francisco, CA",USA,,6:54.1,Yes,M,414.1,103.525,315.45130386354276
1133,Adam Dagnell,46,Perth,AUS,Zerg Training,6:54.1,Yes,M,414.1,103.525,315.45130386354276
1133,Adrien Fournier,34,,FRA,,6:54.1,Yes,M,414.1,103.525,315.45130386354276
1133,Luke Hicks,35,,AUS,,6:54.1,Yes,M,414.1,103.525,315.45130386354276
1133,Chris Jones,43,,GBR,,6:54.1,Yes,M,414.1,103.525,315.45130386354276
1133,Guilherme Nettesheim,37,,GBR,,6:54.1,Yes,M,414.1,103.525,315.45130386354276
1133,Robert Schadek,38,Oldenburg,GER,,6:54.1,Yes,M,414.1,103.525,315.45130386354276
1133,Wiecher Dalsem,60,Kampen,NED,,6:54.1,No,M,414.1,103.525,315.45130386354276
1142,Alex Howard,16,,GBR,Liverpool Victoria,6:54.3,Race,M,414.3,103.575,314.99467961041825
1142,Hayden Young,16,"Atlanta, GA",USA,Row Georgia,6:54.3,Race,M,414.3,103.575,314.99467961041825
1142,Seth Dimick,35,,USA,,6:54.3,Yes,M,414.3,103.575,314.99467961041825
1142,Ed Parry,44,Wigan,GBR,,6:54.3,Yes,M,414.3,103.575,314.99467961041825
1146,Thomas Gillick,26,,IRL,,6:54.4,Yes,M,414.4,103.6,314.76669794524327
1146,James Hyde,49,Bristol,GBR,Royal Navy (UK),6:54.4,Yes,M,414.4,103.6,314.76669794524327
1146,Marcel Vissering,27,,NED,,6:54.4,Yes,M,414.4,103.6,314.76669794524327
1146,Nathan Wilson,31,NL,CAN,Crossfit 709,6:54.4,Yes,M,414.4,103.6,314.76669794524327
1146,Martin Kubena,37,,CZE,,6:54.4,No,M,414.4,103.6,314.76669794524327
1151,Mark Peters,44,,IRL,Curracloe Rowing,6:54.5,Race,M,414.5,103.625,314.5389362334249
1151,Timothy Booth,39,QLD,AUS,,6:54.5,Yes,M,414.5,103.625,314.5389362334249
1151,Lovro Cvitaš,43,,CRO,,6:54.5,Yes,M,414.5,103.625,314.5389362334249
1151,Shane Flaherty,38,,IRL,,6:54.5,Yes,M,414.5,103.625,314.5389362334249
1151,Edward Gower-Isaac,57,,GBR,Cambridge 99 Rowing Club,6:54.5,Yes,M,414.5,103.625,314.5389362334249
1151,Andrew Landon-Green,52,"Henley-on-Thames, Oxon",GBR,Remigo Ergo Sum,6:54.5,Yes,M,414.5,103.625,314.5389362334249
1151,Rick Larson,39,FL,USA,,6:54.5,Yes,M,414.5,103.625,314.5389362334249
1151,Peter Maddock,45,,GBR,,6:54.5,Yes,M,414.5,103.625,314.5389362334249
1151,Stuart Nicholls,48,Shrewsbury,GBR,Pengwern Boat Club,6:54.5,Yes,M,414.5,103.625,314.5389362334249
1151,Bruno Rossinholli,35,Bragança Paulista,BRA,,6:54.5,Yes,M,414.5,103.625,314.5389362334249
1151,Ben Ryall,53,"Orange , NSW",AUS,,6:54.5,Yes,M,414.5,103.625,314.5389362334249
1151,Nick T,16,,USA,Huntsville-Madison County Rowing & Watersports,6:54.5,No,M,414.5,103.625,314.5389362334249
1163,Ethan Williams,18,,GBR,Maidstone Invicta Rowing Club,6:54.6,Race,M,414.6,103.65,314.31139420976734
1163,Luca Buonocore,37,Florence,ITA,,6:54.6,Yes,M,414.6,103.65,314.31139420976734
1163,Andrew MacDougall,41,,USA,,6:54.6,Yes,M,414.6,103.65,314.31139420976734
1163,Thomas Roff,19,,GBR,,6:54.6,No,M,414.6,103.65,314.31139420976734
1163,Jake Stevenson,28,ON,CAN,,6:54.6,No,M,414.6,103.65,314.31139420976734
1168,Adam Rose,44,,AUS,,6:54.7,Race,M,414.7,103.675,314.0840716094586
1168,Shady Essam,40,Giza,EGY,,6:54.7,Yes,M,414.7,103.675,314.0840716094586
1168,Jeff Perkins,42,,USA,,6:54.7,Yes,M,414.7,103.675,314.0840716094586
1168,Raymond Robinson,51,,GBR,British Army,6:54.7,Yes,M,414.7,103.675,314.0840716094586
1168,Gordon Burgess,44,,NZL,,6:54.7,No,M,414.7,103.675,314.0840716094586
1168,Matt Morgan,42,,GBR,,6:54.7,No,M,414.7,103.675,314.0840716094586
1174,Christopher Cluett,35,MA,USA,,6:54.8,Yes,M,414.8,103.7,313.8569681680694
1174,Nick Cull,42,Torquay,GBR,,6:54.8,Yes,M,414.8,103.7,313.8569681680694
1174,Ed Dutton,44,,GBR,British Army,6:54.8,Yes,M,414.8,103.7,313.8569681680694
1174,David Mohring,44,Berlin,GER,Reckless Rowers,6:54.8,Yes,M,414.8,103.7,313.8569681680694
1174,Clement Romat,39,Agen,FRA,Aviron Agenais,6:54.8,Yes,M,414.8,103.7,313.8569681680694
1180,Simon Carson-Jones,49,,GBR,,6:54.9,Race,M,414.9,103.725,313.63008362155284
1180,Leo Gill,18,,GBR,Tideway scullers,6:54.9,Race,M,414.9,103.725,313.63008362155284
1180,Shane McDermott,43,,IRL,Molesey Boat Club,6:54.9,Race,M,414.9,103.725,313.63008362155284
1180,Gergő Beszterczán,29,Budapest,HUN,Budapest Evezős Egyesület,6:54.9,Yes,M,414.9,103.725,313.63008362155284
1180,George Bonnie,43,,GBR,,6:54.9,Yes,M,414.9,103.725,313.63008362155284
1180,Colm Dooley,45,,IRL,,6:54.9,Yes,M,414.9,103.725,313.63008362155284
1180,Simon Carson-Jones,49,,GBR,,6:54.9,No,M,414.9,103.725,313.63008362155284
1187,Mark Cooper,49,Bridgwater,GBR,Fitness Matters,6:55.0,Yes,M,415.0,103.75,313.4034177062438
1187,Egor Golubev,50,Moscow,AIN,GARAGEATHLETE,6:55.0,Yes,M,415.0,103.75,313.4034177062438
1187,Nathaniel Hitch,32,,USA,,6:55.0,Yes,M,415.0,103.75,313.4034177062438
1187,Paul Lloyd,50,,GBR,Fitness Matters,6:55.0,Yes,M,415.0,103.75,313.4034177062438
1187,Hennie Strydom,52,"SAN ANSELMO, CA",USA,Rugby Players - Old and New,6:55.0,Yes,M,415.0,103.75,313.4034177062438
1187,Ben Sullivan,43,,GBR,Exeter Rowing Club,6:55.0,Yes,M,415.0,103.75,313.4034177062438
1187,Hugo Barbotin,40,Le mans,FRA,,6:55.0,No,M,415.0,103.75,313.4034177062438
1187,Matt Simmons,41,,USA,,6:55.0,No,M,415.0,103.75,313.4034177062438
1187,Jim Svensson,38,,SWE,,6:55.0,No,M,415.0,103.75,313.4034177062438
1196,Patrick Stephens,33,,GBR,,6:55.1,Race,M,415.1,103.775,313.17697015885784
1196,Wolf Bussian,48,,GER,,6:55.1,Yes,M,415.1,103.775,313.17697015885784
1198,Gaute Aasberg Andreassen,22,,NOR,Royal Norwegian Naval Academy,6:55.2,Yes,M,415.2,103.8,312.9507407164915
1198,Daniel Bjerregaard,54,,SUI,,6:55.2,Yes,M,415.2,103.8,312.9507407164915
1198,Xavier Choe,19,"Boston, MA",USA,Case Western Reserve University,6:55.2,Yes,M,415.2,103.8,312.9507407164915
1198,Max Jäger,41,NRW,GER,LUNA-TICS,6:55.2,Yes,M,415.2,103.8,312.9507407164915
1198,Stavros Lontos,44,,GRE,,6:55.2,Yes,M,415.2,103.8,312.9507407164915
1198,Geo Snelling,54,Wellington,NZL,Wellington Rowing Club (NZ),6:55.2,Yes,M,415.2,103.8,312.9507407164915
1198,Graeme Truluck,46,,GBR,,6:55.2,Yes,M,415.2,103.8,312.9507407164915
1205,Thomas Dray,25,,GBR,Peterborough City Rowing Club - Peterborough (UK),6:55.3,Yes,M,415.3,103.825,312.72472911662044
1205,Csaba Mészáros,17,Budapest,HUN,,6:55.3,Yes,M,415.3,103.825,312.72472911662044
1207,Shrayes Upadhyayula,21,"Atlanta, GA",USA,Georgia Tech Rowing Club,6:55.4,Race,M,415.4,103.85,312.4989350970999
1207,Mark Donaldson,52,,AUS,,6:55.4,Yes,M,415.4,103.85,312.4989350970999
1207,Tim Fenhed,35,,SWE,,6:55.4,Yes,M,415.4,103.85,312.4989350970999
1207,Matthew Henry,35,Tavistock,GBR,,6:55.4,Yes,M,415.4,103.85,312.4989350970999
1207,Jason Sykes,51,,GBR,,6:55.4,Yes,M,415.4,103.85,312.4989350970999
1207,Duncan White,42,London,GBR,Sons of the Thames Rowing Club,6:55.4,Yes,M,415.4,103.85,312.4989350970999
1207,José Calisto,56,Barreiro,POR,Grupo Desportivo Ferroviários do Barreiro,6:55.4,No,M,415.4,103.85,312.4989350970999
1214,Mike Dooley,37,"Portland, ME",USA,,6:55.5,Yes,M,415.5,103.875,312.2733583961631
1214,Ed Masson,31,,GBR,,6:55.5,Yes,M,415.5,103.875,312.2733583961631
1214,Paolo Pezzarossi,27,Hamburg,GER,,6:55.5,Yes,M,415.5,103.875,312.2733583961631
1214,Andrew SHIPTON,56,EVESHAM,GBR,,6:55.5,Yes,M,415.5,103.875,312.2733583961631
1214,Steven Wrobel,31,,USA,,6:55.5,Yes,M,415.5,103.875,312.2733583961631
1219,Peter Davison,42,"Adelaide, SA",AUS,Adelaide Rowing Club,6:55.6,Yes,M,415.6,103.9,312.04799875242134
1219,Serhii Horbachov,36,,UKR,,6:55.6,Yes,M,415.6,103.9,312.04799875242134
1219,Tor-Helge Lyngvær,38,Orkdal,NOR,Scandinavian Vikings,6:55.6,Yes,M,415.6,103.9,312.04799875242134
1219,Joseph Merron,38,,GBR,1 MP Bde,6:55.6,Yes,M,415.6,103.9,312.04799875242134
1219,Daniel Morgans,41,Crawley,GBR,British Army,6:55.6,Yes,M,415.6,103.9,312.04799875242134
1219,Julius Stratton,19,"Poughkeepsie , NY",USA,Marist College,6:55.6,Yes,M,415.6,103.9,312.04799875242134
1219,Victor Habrat,15,"Los Gatos, CA",USA,Los Gatos Rowing Club,6:55.6,No,M,415.6,103.9,312.04799875242134
1226,Eric B,37,,USA,USAF Veterans,6:55.7,Yes,M,415.7,103.925,311.82285590486333
1226,Erik Jonasson,40,Sveg,SWE,,6:55.7,Yes,M,415.7,103.925,311.82285590486333
1226,Meelis Kütt,48,,EST,Estonian Defence Forces,6:55.7,Yes,M,415.7,103.925,311.82285590486333
1226,Nicolas Roux,52,Auray,FRA,FRENCH INDOOR ROWERS TEAM,6:55.7,Yes,M,415.7,103.925,311.82285590486333
1226,Eric Breimer,50,"Rensselaer, NY",USA,Albany Rowing Center,6:55.7,No,M,415.7,103.925,311.82285590486333
1226,Scott Jason,49,"Dartmouth, MA",USA,UMass Amherst Alumni Rowing,6:55.7,No,M,415.7,103.925,311.82285590486333
1232,Spencer Newport,59,Loughborough,GBR,,6:55.8,Race,M,415.8,103.95,311.597929592854
1232,Bill Jackman,54,"Brunswick, ME",USA,Maine Coast Rowing Association,6:55.8,Yes,M,415.8,103.95,311.597929592854
1232,Rhys McKinlay,49,Palmerston North,NZL,,6:55.8,Yes,M,415.8,103.95,311.597929592854
1232,Sander Roose,43,,NED,,6:55.8,Yes,M,415.8,103.95,311.597929592854
1232,Jack Tolley,29,,GBR,,6:55.8,Yes,M,415.8,103.95,311.597929592854
1237,Antoine Brignone,27,,MLT,Birgu Regatta Club,6:55.9,Race,M,415.9,103.975,311.3732195561342
1237,Gordon Garfield,45,MO,USA,,6:55.9,Yes,M,415.9,103.975,311.3732195561342
1239,Michael Garland-Irvine,32,,GBR,,6:56.0,Yes,M,416.0,104.0,311.1487255348202
1239,Emmet Lorenz,18,"Ann Arbor, MI",USA,,6:56.0,Yes,M,416.0,104.0,311.1487255348202
1239,Chris Nicklas,30,,GBR,Glasgow Rowing Club,6:56.0,Yes,M,416.0,104.0,311.1487255348202
1239,stanley Reed,54,,CAN,,6:56.0,No,M,416.0,104.0,311.1487255348202
1243,Mark Henstridge,60,Oxford,GBR,Oxford Academicals,6:56.1,Race,M,416.1,104.025,310.92444726940283
1243,Gökalp Aras,21,,TUR,,6:56.1,Yes,M,416.1,104.025,310.92444726940283
1243,Colin Barlow,15,,USA,,6:56.1,Yes,M,416.1,104.025,310.92444726940283
1243,J Evener,51,,USA,U.S. Navy,6:56.1,Yes,M,416.1,104.025,310.92444726940283
1243,Benjamin Hall,52,"Atlanta, GA",USA,Atlanta Rowing Club,6:56.1,Yes,M,416.1,104.025,310.92444726940283
1243,Michel Morvan,54,Rennes,FRA,Société des Régates Rennaises - Aviron,6:56.1,Yes,M,416.1,104.025,310.92444726940283
1243,Zach Pattison,16,,AUS,,6:56.1,Yes,M,416.1,104.025,310.92444726940283
1243,Arthur Pidoriano,33,NY,USA,,6:56.1,Yes,M,416.1,104.025,310.92444726940283
1243,Nick Rhodes,34,,GBR,,6:56.1,Yes,M,416.1,104.025,310.92444726940283
1243,Jamie Magill,15,,USA,,6:56.1,No,M,416.1,104.025,310.92444726940283
1243,Jordan Steiker,63,,USA,The Diamonds (Over Sixties Erging Group),6:56.1,No,M,416.1,104.025,310.92444726940283
1254,John Bowskill,48,,GBR,John O Gaunt,6:56.2,Race,M,416.2,104.05,310.70038450074713
1254,Randy Biederstedt,59,,USA,,6:56.2,Yes,M,416.2,104.05,310.70038450074713
1254,Bradley Farrell,34,NC,USA,,6:56.2,Yes,M,416.2,104.05,310.70038450074713
1254,Sam Skingsley,35,,GBR,,6:56.2,Yes,M,416.2,104.05,310.70038450074713
1254,Silvan Zehnder,38,Zürich,SUI,"Concept2, Inc, Morrisville, VT",6:56.2,Yes,M,416.2,104.05,310.70038450074713
1259,George Hall,28,,GBR,RNRA,6:56.3,Race,M,416.3,104.075,310.4765369700914
1259,Jon Copping,53,,GBR,,6:56.3,Yes,M,416.3,104.075,310.4765369700914
1259,Sean Crowther,55,,IRL,,6:56.3,Yes,M,416.3,104.075,310.4765369700914
1259,Tim Duke,55,ACT,AUS,,6:56.3,Yes,M,416.3,104.075,310.4765369700914
1259,Jonathan Hudgins,50,,USA,,6:56.3,Yes,M,416.3,104.075,310.4765369700914
1259,Senih Okuyucu,22,"Binghamton, NY",USA,,6:56.3,Yes,M,416.3,104.075,310.4765369700914
1259,Tyler Sperry,51,"South Burlington, VT",USA,,6:56.3,Yes,M,416.3,104.075,310.4765369700914
1266,Ian Perry,62,Beaconsfield,GBR,SUB-7 IRC,6:56.4,Race,M,416.4,104.1,310.25290441904656
1266,James Gaunt,32,Manchester,GBR,Trafford Rowing Club,6:56.4,Yes,M,416.4,104.1,310.25290441904656
1266,Josh Graham,35,,GBR,,6:56.4,Yes,M,416.4,104.1,310.25290441904656
1266,Colin Price,46,,USA,,6:56.4,Yes,M,416.4,104.1,310.25290441904656
1266,Erik Renz,36,,USA,,6:56.4,No,M,416.4,104.1,310.25290441904656
1271,Timo Bezema,38,,GER,,6:56.5,Yes,M,416.5,104.125,310.0294865895959
1271,Michael Coupland,43,,GBR,,6:56.5,Yes,M,416.5,104.125,310.0294865895959
1271,Andrew Dunn,43,,GBR,,6:56.5,Yes,M,416.5,104.125,310.0294865895959
1271,Ben Horner,40,,GBR,,6:56.5,Yes,M,416.5,104.125,310.0294865895959
1271,Tim Potter,35,,GBR,,6:56.5,Yes,M,416.5,104.125,310.0294865895959
1271,Joe Toward,30,London,GBR,The Royal Veterinary College Boat Club,6:56.5,Yes,M,416.5,104.125,310.0294865895959
1277,Roddy Statton,60,,GBR,Absolute,6:56.6,Race,M,416.6,104.15,309.8062832240939
1277,Phil Morris,58,,GBR,Long Beach Rowing Association,6:56.6,Yes,M,416.6,104.15,309.8062832240939
1279,James Finnimore,33,,GBR,,6:56.7,Yes,M,416.7,104.175,309.5832940652665
1279,Paul Ford,30,"Jay, NY",USA,,6:56.7,Yes,M,416.7,104.175,309.5832940652665
1279,Jeff Tyson,39,,USA,Lake Union Crew,6:56.7,Yes,M,416.7,104.175,309.5832940652665
1279,Andrew Fast,44,"Lexington, KY",USA,RowAlong,6:56.7,No,M,416.7,104.175,309.5832940652665
1283,Andrew Kaminer,22,"Atlanta, GA",USA,Georgia Tech Rowing Club,6:56.8,Race,M,416.8,104.2,309.36051885620947
1283,Bjorn Balldin,47,"San Antonio, TX",USA,,6:56.8,Yes,M,416.8,104.2,309.36051885620947
1283,Alexander Crossen,22,,CAN,,6:56.8,Yes,M,416.8,104.2,309.36051885620947
1283,Bishoy Eskander,37,,AUS,,6:56.8,Yes,M,416.8,104.2,309.36051885620947
1283,Puri Garzone,17,,USA,,6:56.8,Yes,M,416.8,104.2,309.36051885620947
1283,Andrew Gu,16,NSW,AUS,,6:56.8,Yes,M,416.8,104.2,309.36051885620947
1283,Motsch Kevin,53,"Media, PA",USA,Whitemarsh Boat Club,6:56.8,Yes,M,416.8,104.2,309.36051885620947
1283,Henrik Mikkelsen,58,Roskilde,DEN,EXR Rowing,6:56.8,Yes,M,416.8,104.2,309.36051885620947
1283,Olaf Poneta,39,Koblenz / Lahnstein,GER,,6:56.8,Yes,M,416.8,104.2,309.36051885620947
1283,Scott Reid,40,,GBR,,6:56.8,Yes,M,416.8,104.2,309.36051885620947
1283,Dom O'Connor,52,,GBR,,6:56.8,No,M,416.8,104.2,309.36051885620947
1294,Sebastian Osle,17,,USA,Long Lake Rowing Crew,6:56.9,Race,M,416.9,104.225,309.1379573403883
1294,Simon Cox,43,Singapore,SGP,Coastal Fitness Performance Training,6:56.9,Yes,M,416.9,104.225,309.1379573403883
1294,Adam MOLE,50,,GBR,,6:56.9,Yes,M,416.9,104.225,309.1379573403883
1294,Sebastian O,17,MN,USA,Long Lake Rowing Crew,6:56.9,No,M,416.9,104.225,309.1379573403883
1298,Alex Brown,18,,USA,Penn Charter Quakers,6:57.0,Yes,M,417.0,104.25,308.9156092616375
1298,Sammy Dalewyn,47,,BEL,,6:57.0,Yes,M,417.0,104.25,308.9156092616375
1298,David Harris,56,"Arlington, VA",USA,,6:57.0,Yes,M,417.0,104.25,308.9156092616375
1298,Jerry Huang,26,,USA,TJ Crew,6:57.0,Yes,M,417.0,104.25,308.9156092616375
1298,Gregory Kamp,43,,USA,,6:57.0,Yes,M,417.0,104.25,308.9156092616375
1298,Joe Vidler,35,Canterbury,GBR,,6:57.0,Yes,M,417.0,104.25,308.9156092616375
1298,Tobias Elmholt,23,Horten,NOR,,6:57.0,No,M,417.0,104.25,308.9156092616375
1298,Finn Maclay,19,,GBR,,6:57.0,No,M,417.0,104.25,308.9156092616375
1306,Adam Bates,45,Cheltenham,GBR,,6:57.1,Yes,M,417.1,104.275,308.69347436415995
1306,Alexey Gerasimov,47,Worms,GER,,6:57.1,Yes,M,417.1,104.275,308.69347436415995
1306,Teemu Laaksonen,36,,FIN,,6:57.1,Yes,M,417.1,104.275,308.69347436415995
1306,George Lee,30,,GBR,,6:57.1,Yes,M,417.1,104.275,308.69347436415995
1306,Brandon Dawson,41,,USA,Lacey Fire District 3,6:57.1,No,M,417.1,104.275,308.69347436415995
1311,Mark Lysons,50,Telford,GBR,Red Line Rowers,6:57.2,Race,M,417.2,104.3,308.47155239252663
1311,Mark Schembri,36,,MLT,Siġġiewi Rowing Club,6:57.2,Race,M,417.2,104.3,308.47155239252663
1311,richard barnes,56,,GBR,Pengwern Boat Club,6:57.2,Yes,M,417.2,104.3,308.47155239252663
1311,Greg Blackwell,49,"Fernie, BC",CAN,,6:57.2,Yes,M,417.2,104.3,308.47155239252663
1311,Jeremy Geyer,39,,USA,,6:57.2,Yes,M,417.2,104.3,308.47155239252663
1311,Stephen L,16,,USA,,6:57.2,Yes,M,417.2,104.3,308.47155239252663
1311,Victor Nascimento,37,,BRA,,6:57.2,Yes,M,417.2,104.3,308.47155239252663
1311,Levi Towner,16,,USA,,6:57.2,Yes,M,417.2,104.3,308.47155239252663
1311,Hill Wellford,55,"Arlington, VA",USA,Ever Green Boat Club,6:57.2,Yes,M,417.2,104.3,308.47155239252663
1311,Kevin Barth,57,"Danville, CA",USA,,6:57.2,No,M,417.2,104.3,308.47155239252663
1321,Mark Dunnage,57,,GBR,Age Without Limits,6:57.3,Yes,M,417.3,104.325,308.2498430916752
1321,Geraint Forster,51,,GBR,,6:57.3,Yes,M,417.3,104.325,308.2498430916752
1321,Daniel Hargbøl Madsen,45,,DEN,,6:57.3,Yes,M,417.3,104.325,308.2498430916752
1321,David Millns,35,,AUS,,6:57.3,Yes,M,417.3,104.325,308.2498430916752
1321,Marcel Springer,49,Neuenhagen bei Berlin,GER,,6:57.3,Yes,M,417.3,104.325,308.2498430916752
1321,Troels Thomsen,39,,DEN,,6:57.3,Yes,M,417.3,104.325,308.2498430916752
1321,Timothy Von Dulm,56,,USA,,6:57.3,Yes,M,417.3,104.325,308.2498430916752
1321,Eric Williams,39,TX,USA,,6:57.3,Yes,M,417.3,104.325,308.2498430916752
1329,Jarlath Carey,48,,IRL,,6:57.4,Yes,M,417.4,104.35,308.0283462069103
1329,Benjamin Morris,32,,USA,,6:57.4,Yes,M,417.4,104.35,308.0283462069103
1329,Andrey Movsesyan,41,,USA,,6:57.4,Yes,M,417.4,104.35,308.0283462069103
1329,Huntur Ojala,30,"Thunder Bay, ON",CAN,,6:57.4,Yes,M,417.4,104.35,308.0283462069103
1329,Simon Taylor,55,"Brisbane, QLD",AUS,Master Strokers,6:57.4,Yes,M,417.4,104.35,308.0283462069103
1329,Fabien THIEBAULT,32,,MEX,,6:57.4,Yes,M,417.4,104.35,308.0283462069103
1329,William Walsh,44,Newtonmore,GBR,EXR Rowing,6:57.4,No,M,417.4,104.35,308.0283462069103
1336,Andrew Feilden,53,,GBR,RowAlong,6:57.5,Race,M,417.5,104.375,307.8070614839023
1336,Gavin Berns,18,CA,USA,Los Gatos Rowing Club,6:57.5,Yes,M,417.5,104.375,307.8070614839023
1336,Zachary Collyer,31,"Kyabram, VIC",AUS,,6:57.5,Yes,M,417.5,104.375,307.8070614839023
1336,Matthew Giger,51,"Maplewood, NJ",USA,,6:57.5,Yes,M,417.5,104.375,307.8070614839023
1336,Evgen Korotin,35,Odesa,UKR,,6:57.5,Yes,M,417.5,104.375,307.8070614839023
1336,Anders Imenes,29,Oslo,NOR,Bestumkilen Rowing Club,6:57.5,No,M,417.5,104.375,307.8070614839023
1342,Daniel Fox,23,,GBR,Lucy Cavendish College Boat Club,6:57.6,Yes,M,417.6,104.4,307.58598866868675
1342,Mateusz Gładysz,36,,POL,,6:57.6,Yes,M,417.6,104.4,307.58598866868675
1342,Matt K,40,,USA,,6:57.6,Yes,M,417.6,104.4,307.58598866868675
1342,Je Ko,31,,FRA,,6:57.6,Yes,M,417.6,104.4,307.58598866868675
1342,Nicola Rondinella,20,Paris,FRA,,6:57.6,Yes,M,417.6,104.4,307.58598866868675
1342,Brendon Swisher,38,,USA,,6:57.6,Yes,M,417.6,104.4,307.58598866868675
1342,Mikael Wall,40,,SWE,,6:57.6,Yes,M,417.6,104.4,307.58598866868675
1349,Mark Dooley,52,Benidorm,ESP,SUB-7 IRC,6:57.7,Yes,M,417.7,104.425,307.3651275076644
1349,Paul Hardy,65,"Victoria, BC",CAN,"Gorge Narrows Rowing Club, Victoria, BC",6:57.7,Yes,M,417.7,104.425,307.3651275076644
1349,Will Holdsworth,34,Bedford,GBR,,6:57.7,Yes,M,417.7,104.425,307.3651275076644
1349,Yuta Morohashi,20,,JPN,,6:57.7,Yes,M,417.7,104.425,307.3651275076644
1349,Markus Nylander,36,,SWE,,6:57.7,Yes,M,417.7,104.425,307.3651275076644
1349,Vova Volkov,19,,GBR,Warwick University,6:57.7,Yes,M,417.7,104.425,307.3651275076644
1349,Graham Wilson,46,Morretes,BRA,Peterborough City Rowing Club - Peterborough (UK),6:57.7,Yes,M,417.7,104.425,307.3651275076644
1356,Kalvin Anns,31,,GBR,Seal PT Indoor rowing team,6:57.8,Race,M,417.8,104.45,307.14447774759975
1356,Edward Grech,44,Tas-Sliema,MLT,University of Malta Rowing Club,6:57.8,Race,M,417.8,104.45,307.14447774759975
1356,Chris Malkin,46,,GBR,,6:57.8,Race,M,417.8,104.45,307.14447774759975
1356,Sébastien Carpentier,36,,FRA,ACVP - association club villennes poissy,6:57.8,Yes,M,417.8,104.45,307.14447774759975
1356,Brian Mailhot,50,"Yarmouth, ME",USA,,6:57.8,Yes,M,417.8,104.45,307.14447774759975
1356,Tim McGlue,67,"West Long Branch, NJ",USA,The Diamonds (Over Sixties Erging Group),6:57.8,Yes,M,417.8,104.45,307.14447774759975
1356,luis mario quiñones,27,,VEN,,6:57.8,Yes,M,417.8,104.45,307.14447774759975
1356,Philip Rotella,37,,USA,,6:57.8,Yes,M,417.8,104.45,307.14447774759975
1356,Max Sehardt,39,,GER,,6:57.8,Yes,M,417.8,104.45,307.14447774759975
1356,Chris Simpson,41,London,GBR,Royal Air Force (UK),6:57.8,Yes,M,417.8,104.45,307.14447774759975
1356,Alex Warner,43,,GBR,,6:57.8,Yes,M,417.8,104.45,307.14447774759975
1367,Liam McGrinder,28,,USA,Unaffiliated (USA),6:57.9,Race,M,417.9,104.475,306.92403913562066
1367,Shane Casey,15,,USA,,6:57.9,Yes,M,417.9,104.475,306.92403913562066
1367,andrew Donoghue,41,Newcastle,GBR,,6:57.9,Yes,M,417.9,104.475,306.92403913562066
1367,Moemen Ibrahim,21,,EGY,,6:57.9,Yes,M,417.9,104.475,306.92403913562066
1367,Guy Rutenberg,36,Tel Aviv Rowing Club,ISR,,6:57.9,Yes,M,417.9,104.475,306.92403913562066
1367,Paul Zoli,34,MD,USA,,6:57.9,Yes,M,417.9,104.475,306.92403913562066
1373,Cathal Gaule,40,,IRL,Curracloe Rowing Club,6:58.0,Race,M,418.0,104.5,306.70381141921825
1373,Mati Stendall,16,,GBR,"Royal Grammar School, Worcester",6:58.0,Race,M,418.0,104.5,306.70381141921825
1373,Garikoitz Alberdi,44,,ESP,,6:58.0,Yes,M,418.0,104.5,306.70381141921825
1373,Gibran Cunha,55,Florianópolis - SC,BRA,Clube Náutico Francisco Martinelli,6:58.0,Yes,M,418.0,104.5,306.70381141921825
1373,Massimo de Luca,50,,ITA,,6:58.0,Yes,M,418.0,104.5,306.70381141921825
1373,George H,31,,GBR,,6:58.0,Yes,M,418.0,104.5,306.70381141921825
1373,Kelvin James,61,,NFK,Free Spirits,6:58.0,Yes,M,418.0,104.5,306.70381141921825
1373,Jon M,39,,GBR,Maidstone Invicta Rowing Club,6:58.0,Yes,M,418.0,104.5,306.70381141921825
1373,Tom Penoyar,44,"Ellensburg, WA",USA,,6:58.0,Yes,M,418.0,104.5,306.70381141921825
1373,Damien Prevot,56,orgeval,FRA,ACVP - association club villennes poissy,6:58.0,Yes,M,418.0,104.5,306.70381141921825
1373,dre spencer,22,,GBR,,6:58.0,Yes,M,418.0,104.5,306.70381141921825
1373,Fredrik Weines,17,,NOR,,6:58.0,Yes,M,418.0,104.5,306.70381141921825
1373,Finnegan Bailey,15,,USA,,6:58.0,No,M,418.0,104.5,306.70381141921825
1373,John Caucutt,25,,USA,,6:58.0,No,M,418.0,104.5,306.70381141921825
1373,Richard Charrett,38,,GBR,Royal Navy (UK),6:58.0,No,M,418.0,104.5,306.70381141921825
1373,Maximilian Harkness,15,,GBR,,6:58.0,No,M,418.0,104.5,306.70381141921825
1373,Clément Monnet,16,,FRA,,6:58.0,No,M,418.0,104.5,306.70381141921825
1390,Alan Ross,51,,GBR,,6:58.1,Race,M,418.1,104.525,306.48379434624553
1390,Phillip Clark,43,,GBR,,6:58.1,Yes,M,418.1,104.525,306.48379434624553
1390,Harry Hitsman,31,"Ottawa, ON",CAN,,6:58.1,Yes,M,418.1,104.525,306.48379434624553
1390,Theo Naesens,41,,BEL,,6:58.1,Yes,M,418.1,104.525,306.48379434624553
1390,Kirk Semler,42,"Brisbane, QLD",AUS,,6:58.1,Yes,M,418.1,104.525,306.48379434624553
1390,Marti Taru,55,,EST,,6:58.1,Yes,M,418.1,104.525,306.48379434624553
1390,Jonny Senior,32,,GBR,,6:58.1,No,M,418.1,104.525,306.48379434624553
1397,Henry Brandrick,17,,GBR,Northampton Town Rowing Club,6:58.2,Race,M,418.2,104.55,306.2639876649177
1397,Markos Armaos,44,Tinos,GRE,,6:58.2,Yes,M,418.2,104.55,306.2639876649177
1397,Arthur Clinton,40,"Kennewick, WA",USA,,6:58.2,Yes,M,418.2,104.55,306.2639876649177
1397,Scott Sobka,34,,USA,,6:58.2,Yes,M,418.2,104.55,306.2639876649177
1401,Òscar Bueso Borràs,28,,ESP,,6:58.3,Yes,M,418.3,104.575,306.04439112381056
1401,Edwin Datschefski,60,,GBR,,6:58.3,Yes,M,418.3,104.575,306.04439112381056
1401,Elie Desmet,39,,BEL,,6:58.3,Yes,M,418.3,104.575,306.04439112381056
1401,Jonathan Donne,53,London,GBR,Quintin Boat Club,6:58.3,Yes,M,418.3,104.575,306.04439112381056
1401,Quentin Hardy,42,Bordeaux,FRA,,6:58.3,Yes,M,418.3,104.575,306.04439112381056
1401,Neil Hayes,46,Chester,GBR,,6:58.3,Yes,M,418.3,104.575,306.04439112381056
1401,Nick Hornblow,28,,NZL,,6:58.3,Yes,M,418.3,104.575,306.04439112381056
1401,Paul Kimber,54,Dunning,GBR,,6:58.3,Yes,M,418.3,104.575,306.04439112381056
1401,Jeroen Otto,53,Nieuw Vennep,NED,,6:58.3,Yes,M,418.3,104.575,306.04439112381056
1401,Constantin Pietrek,19,,GER,,6:58.3,Yes,M,418.3,104.575,306.04439112381056
1401,Hector Smith,28,,GBR,,6:58.3,Yes,M,418.3,104.575,306.04439112381056
1401,Ronald Reyes,26,London,USA,Furnivall Sculling Club,6:58.3,No,M,418.3,104.575,306.04439112381056
1413,Wesley Belleman,30,"Jacksonville, FL",USA,Air National Guard,6:58.4,Yes,M,418.4,104.6,305.8250044718606
1413,Matej Čambal,40,Holíč,SVK,GARAGEATHLETE,6:58.4,Yes,M,418.4,104.6,305.8250044718606
1413,Christopher Casquilho,51,"Bellingham, WA",USA,University of Montana,6:58.4,Yes,M,418.4,104.6,305.8250044718606
1413,Kyle Dotson,53,"Aurora, CO",USA,,6:58.4,Yes,M,418.4,104.6,305.8250044718606
1413,Andreas Gustafsson,39,,GBR,,6:58.4,Yes,M,418.4,104.6,305.8250044718606
1413,Leif Krvaric,15,,USA,,6:58.4,Yes,M,418.4,104.6,305.8250044718606
1413,Dean Pretorius,51,London,GBR,London Otters (LORC),6:58.4,Yes,M,418.4,104.6,305.8250044718606
1413,Anders Vittrup,23,,DEN,Aalborg Roklub,6:58.4,Yes,M,418.4,104.6,305.8250044718606
1421,Brian Binder,45,"Bedford, PA",USA,,6:58.5,Yes,M,418.5,104.625,305.605827458364
1421,Evun Dunnell,36,,USA,,6:58.5,Yes,M,418.5,104.625,305.605827458364
1421,Nate Elmer,49,"Lincoln, NE",USA,,6:58.5,Yes,M,418.5,104.625,305.605827458364
1421,Brian Jørgensen,45,Odense,DEN,,6:58.5,Yes,M,418.5,104.625,305.605827458364
1421,Ash May,51,,GBR,,6:58.5,Yes,M,418.5,104.625,305.605827458364
1421,Tyler Peniata,34,,USA,,6:58.5,Yes,M,418.5,104.625,305.605827458364
1421,Paolo Savino,43,Civitavecchia,ITA,,6:58.5,Yes,M,418.5,104.625,305.605827458364
1421,Joshua Adelman,46,"Pittsburgh, PA",USA,SUB-7 IRC,6:58.5,No,M,418.5,104.625,305.605827458364
1429,Andrew Curry,53,,GBR,,6:58.6,Race,M,418.6,104.65,305.3868598329763
1429,Gabriel Bisio,15,,USA,Greenwich Crew,6:58.6,Yes,M,418.6,104.65,305.3868598329763
1429,Nolan Boyda,34,"Garland, TX",USA,,6:58.6,Yes,M,418.6,104.65,305.3868598329763
1429,Aaron Inglethorpe,39,,GBR,,6:58.6,Yes,M,418.6,104.65,305.3868598329763
1429,Heath Larson,42,,USA,Kansas State University,6:58.6,Yes,M,418.6,104.65,305.3868598329763
1429,Ivan Murgu,45,,SRB,,6:58.6,Yes,M,418.6,104.65,305.3868598329763
1429,Marián Okál,25,,SVK,,6:58.6,Yes,M,418.6,104.65,305.3868598329763
1429,Zack Sanders,42,"Seattle, WA",USA,Row West,6:58.6,Yes,M,418.6,104.65,305.3868598329763
1429,Andy Curry,53,,GBR,50Plus,6:58.6,No,M,418.6,104.65,305.3868598329763
1438,Matthew Kearney,22,,GBR,RNRA,6:58.7,Race,M,418.7,104.675,305.16810134571205
1438,Leo Reading-East,16,,GBR,Evesham Rowing Club,6:58.7,Race,M,418.7,104.675,305.16810134571205
1438,Jeffrey Anderson,37,"Melbourne, VIC",AUS,,6:58.7,Yes,M,418.7,104.675,305.16810134571205
1438,Marcin Baginski,38,,POL,,6:58.7,Yes,M,418.7,104.675,305.16810134571205
1438,Martin Edwards,54,"Brisbane, QLD",AUS,Brisbane and GPS Rowing Club,6:58.7,Yes,M,418.7,104.675,305.16810134571205
1438,John Goodchild,51,,GBR,,6:58.7,Yes,M,418.7,104.675,305.16810134571205
1438,Heri Mortensen,59,Vágur,FRO,,6:58.7,Yes,M,418.7,104.675,305.16810134571205
1438,Edwin Prieto,36,,USA,Warrior Fitness,6:58.7,Yes,M,418.7,104.675,305.16810134571205
1438,Ryan Bruce,52,"Indianapolis, IN",USA,,6:58.7,No,M,418.7,104.675,305.16810134571205
1447,Matthew Pepper,32,,GBR,,6:58.8,Race,M,418.8,104.7,304.94955174694303
1447,Zdravko .,43,Home Alone,BUL,,6:58.8,Yes,M,418.8,104.7,304.94955174694303
1447,Rasmus Bernhardt,56,,GER,,6:58.8,Yes,M,418.8,104.7,304.94955174694303
1447,Ross Hammerer,38,,USA,,6:58.8,Yes,M,418.8,104.7,304.94955174694303
1447,Brian Manning,41,,USA,,6:58.8,Yes,M,418.8,104.7,304.94955174694303
1447,Mark Perepelitza,59,"Portland, OR",USA,Station L Rowing Club,6:58.8,Yes,M,418.8,104.7,304.94955174694303
1447,Clay Potvin,50,IL,USA,,6:58.8,Yes,M,418.8,104.7,304.94955174694303
1447,Sumit Rai,45,London,GBR,Rowfit,6:58.8,Yes,M,418.8,104.7,304.94955174694303
1447,Sam Tallantyre,22,,GBR,,6:58.8,Yes,M,418.8,104.7,304.94955174694303
1447,Alex Kearns,49,"CURTIN, ACT",AUS,,6:58.8,No,M,418.8,104.7,304.94955174694303
1447,Robert Lindsay,52,,GBR,,6:58.8,No,M,418.8,104.7,304.94955174694303
1447,David Mahon,46,,IRL,,6:58.8,No,M,418.8,104.7,304.94955174694303
1447,NATHAN MOREY,23,,AUS,,6:58.8,No,M,418.8,104.7,304.94955174694303
1447,Arthur Tokarczyk,50,,USA,,6:58.8,No,M,418.8,104.7,304.94955174694303
1461,Eric Brousseau,47,,USA,,6:58.9,Yes,M,418.9,104.725,304.7312107873992
1461,Jamie Burns,40,Edinburgh,GBR,,6:58.9,Yes,M,418.9,104.725,304.7312107873992
1461,Bryan C,32,,SGP,,6:58.9,Yes,M,418.9,104.725,304.7312107873992
1461,Zachary Gornstein,17,Slingerlands,USA,Albany Rowing Center,6:58.9,Yes,M,418.9,104.725,304.7312107873992
1461,Alex Healy,15,,AUS,,6:58.9,Yes,M,418.9,104.725,304.7312107873992
1461,Ben Molyneux,50,,GBR,,6:58.9,Yes,M,418.9,104.725,304.7312107873992
1461,Lewis Semple,26,,GBR,Tay Rowing Club,6:58.9,Yes,M,418.9,104.725,304.7312107873992
1461,Stephen Sharp,43,kent maidstone,GBR,,6:58.9,Yes,M,418.9,104.725,304.7312107873992
1461,Mathias Sivertsen,36,,NOR,Åsane VGS Ro-Club,6:58.9,Yes,M,418.9,104.725,304.7312107873992
1461,Adam Woolnough,36,,GBR,,6:58.9,Yes,M,418.9,104.725,304.7312107873992
1461,Pavel Smolka,52,Prague,CZE,Concept Fitness Czechia,6:58.9,No,M,418.9,104.725,304.7312107873992
1472,Spencer Smith,22,"Atlanta, GA",USA,Georgia Tech Rowing Club,6:59.0,Race,M,419.0,104.75,304.51307821816727
1472,Nicholas Dowell,42,,USA,,6:59.0,Yes,M,419.0,104.75,304.51307821816727
1472,Adam Evans,48,"Brisbane, QLD",AUS,,6:59.0,Yes,M,419.0,104.75,304.51307821816727
1472,Michael Graves,42,,USA,,6:59.0,Yes,M,419.0,104.75,304.51307821816727
1472,Tim Holtz,46,"Longwood, FL",USA,,6:59.0,Yes,M,419.0,104.75,304.51307821816727
1472,Matthew Koehler,39,,USA,,6:59.0,Yes,M,419.0,104.75,304.51307821816727
1472,Günter Raderschadt,61,Siegburg,GER,Siegburger Ruderverein 1910 e.V.,6:59.0,Yes,M,419.0,104.75,304.51307821816727
1472,Col Sills,41,,IRL,,6:59.0,Yes,M,419.0,104.75,304.51307821816727
1472,Merrill Magowan,31,,USA,,6:59.0,No,M,419.0,104.75,304.51307821816727
1472,Nicolas Mormaque,49,Namur,BEL,Fitness Matters,6:59.0,No,M,419.0,104.75,304.51307821816727
1482,David Archer,33,,IRL,,6:59.1,Yes,M,419.1,104.775,304.2951537906899
1482,Robert Davis,37,"Memphis, TN",USA,,6:59.1,Yes,M,419.1,104.775,304.2951537906899
1482,Scott Hayworth,54,,GBR,London Fire Brigade,6:59.1,Yes,M,419.1,104.775,304.2951537906899
1482,Alex Hill,52,St Bees,GBR,Lakeland Rowing Club,6:59.1,Yes,M,419.1,104.775,304.2951537906899
1482,Darrin Laudenbach,40,,USA,,6:59.1,Yes,M,419.1,104.775,304.2951537906899
1482,François Loiseleux,37,,NED,,6:59.1,Yes,M,419.1,104.775,304.2951537906899
1482,Jackson Lovatt,16,,USA,,6:59.1,Yes,M,419.1,104.775,304.2951537906899
1482,Will Munro,19,,AUS,,6:59.1,Yes,M,419.1,104.775,304.2951537906899
1482,Matt Neville,27,NSW,AUS,,6:59.1,Yes,M,419.1,104.775,304.2951537906899
1482,Miles Owen,51,,GBR,,6:59.1,Yes,M,419.1,104.775,304.2951537906899
1482,William Pennoyer,64,Frankfurt,GER,,6:59.1,Yes,M,419.1,104.775,304.2951537906899
1482,Arron Retterer,55,"Menlo Park, CA",USA,Studio K-FIT,6:59.1,Yes,M,419.1,104.775,304.2951537906899
1482,Kwun Ho Tsang,22,,HKG,,6:59.1,Yes,M,419.1,104.775,304.2951537906899
1482,Petteri Virtanen,30,,FIN,,6:59.1,No,M,419.1,104.775,304.2951537906899
1496,Tom Franklin,28,,GBR,RNRA,6:59.2,Race,M,419.2,104.8,304.07743725676596
1496,Christopher Jackson,35,Oundle,GBR,Oundle Town Rowing Club,6:59.2,Race,M,419.2,104.8,304.07743725676596
1496,Hayden Eisenstein,17,,USA,,6:59.2,Yes,M,419.2,104.8,304.07743725676596
1496,SEMPERE Jean-Michel,62,,FRA,The Diamonds (Over Sixties Erging Group),6:59.2,No,M,419.2,104.8,304.07743725676596
1500,Teagen Lee,20,,USA,St Cloud State Rowing Club,6:59.3,Race,M,419.3,104.825,303.85992836854854
1500,Chris Lowrie,44,,GBR,,6:59.3,Yes,M,419.3,104.825,303.85992836854854
1500,Richard Rakovan,32,,SVK,,6:59.3,Yes,M,419.3,104.825,303.85992836854854
1500,Kevin Turri,20,CT,USA,,6:59.3,Yes,M,419.3,104.825,303.85992836854854
1500,Mark Veevers-Carter,34,,USA,,6:59.3,Yes,M,419.3,104.825,303.85992836854854
1505,Christopher Andrews,46,NY,USA,,6:59.4,Yes,M,419.4,104.85,303.6426268785462
1505,Beau Elvis,34,,GBR,,6:59.4,Yes,M,419.4,104.85,303.6426268785462
1505,Doug Gerwitz,53,"Lake Oswego, OR",USA,Lake Oswego Community Rowing (LOCR),6:59.4,Yes,M,419.4,104.85,303.6426268785462
1505,Jack Hutton,37,Newquay,GBR,,6:59.4,Yes,M,419.4,104.85,303.6426268785462
1505,Martin Moravec,25,,CZE,,6:59.4,Yes,M,419.4,104.85,303.6426268785462
1505,Mark Yates,44,,GBR,215 (Scottish) MMR,6:59.4,Yes,M,419.4,104.85,303.6426268785462
1505,John Lambros,60,"Norfolk, CT",USA,Ex Nemo,6:59.4,No,M,419.4,104.85,303.6426268785462
1512,Ale Carabelli,42,CAMBRIDGE,GBR,City of Cambridge Rowing Club,6:59.5,Yes,M,419.5,104.875,303.4255325396208
1512,Kealan Chiu,18,"Los Gatos, CA",USA,Los Gatos Rowing Club,6:59.5,Yes,M,419.5,104.875,303.4255325396208
1512,Maximilian Ebenbichler,23,,AUT,,6:59.5,Yes,M,419.5,104.875,303.4255325396208
1512,Gareth Engler,56,"Corvallis, OR",USA,Corvallis Rowing Club,6:59.5,Yes,M,419.5,104.875,303.4255325396208
1512,Tim Fähnrich,52,Rüsselsheim am Main,GER,,6:59.5,Yes,M,419.5,104.875,303.4255325396208
1512,Denis Gutfreund,51,Grenoble,FRA,FRENCH INDOOR ROWERS TEAM,6:59.5,Yes,M,419.5,104.875,303.4255325396208
1512,Caleb Hennes,21,,USA,,6:59.5,Yes,M,419.5,104.875,303.4255325396208
1512,Giovanni Cagninelli,15,"darien, CT",USA,,6:59.5,No,M,419.5,104.875,303.4255325396208
1512,miguel lopes,43,Barreiro,POR,Grupo Desportivo Ferroviários do Barreiro,6:59.5,No,M,419.5,104.875,303.4255325396208
1512,Harry Mattison,52,"Boston, MA",USA,Community Rowing Inc.,6:59.5,No,M,419.5,104.875,303.4255325396208
1512,Barry O Donovan,38,,IRL,,6:59.5,No,M,419.5,104.875,303.4255325396208
1523,Martin Pierce,45,,GBR,,6:59.6,Race,M,419.6,104.9,303.20864510498757
1523,Mitch Avey,37,,USA,,6:59.6,Yes,M,419.6,104.9,303.20864510498757
1523,Matthew Donnellan,24,"Kansas City, MO",USA,Kansas City Boat Club,6:59.6,Yes,M,419.6,104.9,303.20864510498757
1523,Alan Hsu,50,"Fremont, CA",USA,University of Chicago,6:59.6,Yes,M,419.6,104.9,303.20864510498757
1523,Chris Leonard,21,,USA,,6:59.6,Yes,M,419.6,104.9,303.20864510498757
1523,Qi Wang,25,,GBR,,6:59.6,Yes,M,419.6,104.9,303.20864510498757
1523,Paul Blewett,73,Aberdeen,GBR,,6:59.6,No,M,419.6,104.9,303.20864510498757
1523,Sherwin Dowlat,14,,USA,Los Gatos Rowing Club,6:59.6,No,M,419.6,104.9,303.20864510498757
1523,Steve Mitchell,42,"Port Moody, BC",CAN,Gravity Laboratory,6:59.6,No,M,419.6,104.9,303.20864510498757
1532,Antonio Bashich,18,,GER,,6:59.7,Yes,M,419.7,104.925,302.9919643282148
1532,Kyler Campeau,36,,CAN,,6:59.7,Yes,M,419.7,104.925,302.9919643282148
1532,Wayne Davison,32,NSW,AUS,,6:59.7,Yes,M,419.7,104.925,302.9919643282148
1532,Greg Williams,37,OH,USA,,6:59.7,Yes,M,419.7,104.925,302.9919643282148
1532,Henrik Kastrup Witt,45,,DEN,,6:59.7,Yes,M,419.7,104.925,302.9919643282148
1537,Matheus Almeida,17,,BRA,,6:59.8,Yes,M,419.8,104.95,302.7754899632223
1537,Graham Johnson,17,,USA,,6:59.8,Yes,M,419.8,104.95,302.7754899632223
1537,Chris Noakes,64,,GBR,The Diamonds (Over Sixties Erging Group),6:59.8,Yes,M,419.8,104.95,302.7754899632223
1537,zhiling qiu,40,,CHN,SDBC,6:59.8,Yes,M,419.8,104.95,302.7754899632223
1537,Peter Reed,54,,GBR,,6:59.8,Yes,M,419.8,104.95,302.7754899632223
1537,Anders Steiner,53,Marloffstein,GER,,6:59.8,Yes,M,419.8,104.95,302.7754899632223
1537,Brian feeney,35,South Wales,GBR,,6:59.8,No,M,419.8,104.95,302.7754899632223
1537,Conrad Yates,25,,USA,,6:59.8,No,M,419.8,104.95,302.7754899632223
1545,Jure Dokl,43,,SLO,,6:59.9,Yes,M,419.9,104.975,302.5592217642821
1545,Kent Stader,53,"Lafayette, IN",USA,,6:59.9,Yes,M,419.9,104.975,302.5592217642821
1547,Mikael Blacklock,36,,GBR,RNRA,7:00.0,Race,M,420.0,105.0,302.34315948601665
1547,Viktor Johansson,35,,SWE,,7:00.0,No,M,420.0,105.0,302.34315948601665
1547,Sam L,14,,NZL,,7:00.0,No,M,420.0,105.0,302.34315948601665
1547,Rocco Rowett,14,,GBR,,7:00.0,No,M,420.0,105.0,302.34315948601665
1551,Thomas Coffin,33,,USA,,7:00.1,Yes,M,420.1,105.025,302.1273028833989
1551,Lorenzo Loli,24,,ITA,,7:00.1,No,M,420.1,105.025,302.1273028833989
1553,Sebastien Benoit,42,"Newcastle, ON",CAN,,7:00.2,Yes,M,420.2,105.05,301.91165171175214
1553,Steve Breschuk,49,,CAN,,7:00.2,Yes,M,420.2,105.05,301.91165171175214
1553,Larus Melka,38,,GER,STRONGMOVE® Athletic Club - Cologne,7:00.2,Yes,M,420.2,105.05,301.91165171175214
1553,Ari Weissfeld,26,,USA,,7:00.2,Yes,M,420.2,105.05,301.91165171175214
1553,Frederik Hamann,16,Leer (Ostfriesland),GER,Team NordWest,7:00.2,No,M,420.2,105.05,301.91165171175214
1558,Nicolas Dubary,34,,DEN,,7:00.3,Yes,M,420.3,105.075,301.6962057267478
1558,Liam Fitzgerald,16,"Melbourne, VIC",AUS,,7:00.3,Yes,M,420.3,105.075,301.6962057267478
1558,Jeff Wade,62,,GBR,,7:00.3,Yes,M,420.3,105.075,301.6962057267478
1561,Tanush Koduru,18,,USA,,7:00.4,Yes,M,420.4,105.1,301.48096468440696
1561,Karel Verschuere,58,West Vlaanderen,BEL,,7:00.4,Yes,M,420.4,105.1,301.48096468440696
1563,Stuart Cleary,64,"Gold Coast, QLD",AUS,The Diamonds (Over Sixties Erging Group),7:00.5,Yes,M,420.5,105.125,301.2659283410981
1563,Krzysztof Kedziora,47,Niepołomice,POL,Polish Indoor Rowing Team,7:00.5,Yes,M,420.5,105.125,301.2659283410981
1563,Phill RICKETTS,53,,GBR,,7:00.5,Yes,M,420.5,105.125,301.2659283410981
1566,Gabriel Phillips Rusenieks,17,,GBR,Avon County Rowing Club,7:00.6,Race,M,420.6,105.15,301.0510964535374
1566,Ivan Culic,40,Belgrade,SRB,,7:00.6,Yes,M,420.6,105.15,301.0510964535374
1566,Cooper Detlefsen,16,,USA,,7:00.6,Yes,M,420.6,105.15,301.0510964535374
1566,Don Kawakyu-O’Connor,49,"Pittsford, NY",USA,Rochester Boat Club,7:00.6,Yes,M,420.6,105.15,301.0510964535374
1566,Ron Lessey,39,,GBR,,7:00.6,Yes,M,420.6,105.15,301.0510964535374
1566,Jamie Lingard,36,,GBR,,7:00.6,Yes,M,420.6,105.15,301.0510964535374
1566,G W,40,,GBR,,7:00.6,Yes,M,420.6,105.15,301.0510964535374
1566,Philipp Jost,44,,GER,,7:00.6,No,M,420.6,105.15,301.0510964535374
1574,Ben Lukowski,42,,GBR,Nottingham,7:00.7,Race,M,420.7,105.175,300.8364687787882
1574,moses hert,39,"Mililani, HI",USA,,7:00.7,Yes,M,420.7,105.175,300.8364687787882
1574,Thomas Karlsen,49,Lørenskog,NOR,,7:00.7,Yes,M,420.7,105.175,300.8364687787882
1574,Brenton Triplett,38,"Burton, MI",USA,reddit /r/ rowing,7:00.7,Yes,M,420.7,105.175,300.8364687787882
1578,Henry Morrison,52,,GBR,,7:00.8,Race,M,420.8,105.2,300.6220450742593
1578,Max Deboef,34,,USA,,7:00.8,Yes,M,420.8,105.2,300.6220450742593
1578,Patrick Godin,51,NB,CAN,,7:00.8,Yes,M,420.8,105.2,300.6220450742593
1578,Dietmar Rabel,51,"Redmond, WA",USA,Sammamish Rowing,7:00.8,Yes,M,420.8,105.2,300.6220450742593
1578,Tobias Westermann,30,Ratzeburg,GER,Row New York,7:00.8,Yes,M,420.8,105.2,300.6220450742593
1583,Dan Fennell,42,BEDFORD,GBR,,7:00.9,Yes,M,420.9,105.225,300.40782509770634
1583,Patrik Imfeld,37,Cham,SUI,Ruderclub Cham,7:00.9,Yes,M,420.9,105.225,300.40782509770634
1583,Peter Kristensen,51,Svendborg,DEN,Svendborg RoKlub,7:00.9,Yes,M,420.9,105.225,300.40782509770634
1583,Abel Rozsas,45,,HUN,,7:00.9,Yes,M,420.9,105.225,300.40782509770634
1587,Josh Geisel,25,,USA,,7:01.0,Yes,M,421.0,105.25,300.19380860722924
1587,Josh K,48,Christchurch,NZL,,7:01.0,Yes,M,421.0,105.25,300.19380860722924
1587,Cathal Ó Luanaigh,15,Cork,IRL,,7:01.0,Yes,M,421.0,105.25,300.19380860722924
1587,Aymeric RICHARD,39,"Laval, QC",CAN,,7:01.0,Yes,M,421.0,105.25,300.19380860722924
1591,Kyle Simmons,50,Portrush,IRL,"Bann Rowing Club - Coleraine, Northern Ireland",7:01.1,No,M,421.1,105.275,299.97999536127287
1592,Per Atle Steinsland,54,Oslo,NOR,,7:01.2,Yes,M,421.2,105.3,299.7663851186265
1592,Martin Mario Jelani,64,Copenhagen,DEN,,7:01.2,No,M,421.2,105.3,299.7663851186265
1594,Dawson Hoyle,21,ON,CAN,Trent University,7:01.3,Yes,M,421.3,105.325,299.5529776384218
1594,Clesse jean-sebastien - ASEAAC,54,Bruz,FRA,FRENCH INDOOR ROWERS TEAM,7:01.3,Yes,M,421.3,105.325,299.5529776384218
1594,Andrew Korolev,43,St Neots,GBR,,7:01.3,Yes,M,421.3,105.325,299.5529776384218
1594,Evan Norbury,37,,AUS,Fire Rescue Victoria,7:01.3,Yes,M,421.3,105.325,299.5529776384218
1594,Sam Rowe,26,,AUS,,7:01.3,Yes,M,421.3,105.325,299.5529776384218
1599,Mike Privett,48,,USA,,7:01.4,Yes,M,421.4,105.35,299.33977268013433
1600,Peter Tartaglia,53,"La Canada, CA",USA,Long Beach Rowing Association,7:01.5,Yes,M,421.5,105.375,299.12677000358156
1600,Ronald van Blerck,61,Rijsbergen,NED,The Diamonds (Over Sixties Erging Group),7:01.5,No,M,421.5,105.375,299.12677000358156
1602,Justin Mai,50,"Yuma, AZ",USA,,7:01.7,Yes,M,421.7,105.425,298.70137053665775
1602,Martin Smith,39,,GBR,,7:01.7,Yes,M,421.7,105.425,298.70137053665775
1604,Chris Wilson,43,,GBR,,7:01.8,Race,M,421.8,105.45,298.488973267628
1604,Robert Anthony,42,,USA,,7:01.8,Yes,M,421.8,105.45,298.488973267628
1604,Lars Mukherjee,23,,USA,,7:01.8,No,M,421.8,105.45,298.488973267628
1607,Steve Hartridge,51,,GBR,,7:01.9,Yes,M,421.9,105.475,298.27677732301464
1607,Jacob Van Dorp,33,ON,CAN,,7:01.9,Yes,M,421.9,105.475,298.27677732301464
1609,Carl Eierle,59,"Plantation, FL",USA,Chinook Perfomance Racing,7:02.0,Yes,M,422.0,105.5,298.0647824643379
1609,Ian Lam,18,,USA,,7:02.0,Yes,M,422.0,105.5,298.0647824643379
1609,Sean Fitzpatrick,15,,IRL,Waterford Boat Club,7:02.0,No,M,422.0,105.5,298.0647824643379
1612,Christopher Calantone,39,,USA,,7:02.1,Yes,M,422.1,105.525,297.8529884534571
1612,Phillip Fuester,44,,USA,,7:02.1,Yes,M,422.1,105.525,297.8529884534571
1612,Adam Hardwick,42,Portsmouth,GBR,,7:02.1,Yes,M,422.1,105.525,297.8529884534571
1612,Darryl Hyne,56,,NZL,,7:02.1,Yes,M,422.1,105.525,297.8529884534571
1616,Ian Ronald,42,,GBR,Tees Rowing Club,7:02.2,Race,M,422.2,105.55,297.64139505257043
1617,David Carpenter,37,,GBR,,7:02.3,Yes,M,422.3,105.575,297.4300020242128
1617,Will Mihr,36,Canterbury,GBR,Maidstone Invicta Rowing Club,7:02.3,Yes,M,422.3,105.575,297.4300020242128
1617,Horst Kannenwischer,61,"Highland Village, TX",USA,,7:02.3,No,M,422.3,105.575,297.4300020242128
1620,Angus Aitken,49,,GBR,Hexham RC,7:02.4,Race,M,422.4,105.6,297.21880913125744
1620,Joep Vissers,44,,AUS,,7:02.4,Race,M,422.4,105.6,297.21880913125744
1620,Jesse Carter,20,,USA,Vermont Rowing,7:02.4,Yes,M,422.4,105.6,297.21880913125744
1620,Clément Janssens van der Maelen,22,,BEL,,7:02.4,Yes,M,422.4,105.6,297.21880913125744
1624,Myles Jackson,18,,CAN,,7:02.5,Yes,M,422.5,105.625,297.0078161369136
1624,Paul Pruschki,61,,USA,,7:02.5,Yes,M,422.5,105.625,297.0078161369136
1626,Trevor Asti,48,"Detroit, MI",USA,,7:02.6,Yes,M,422.6,105.65,296.7970228047268
1626,William Johnson,18,,GBR,Loughborough University,7:02.6,Yes,M,422.6,105.65,296.7970228047268
1626,Jacob Matthews,44,"Draper, UT",USA,,7:02.6,Yes,M,422.6,105.65,296.7970228047268
1629,Alistair Bruce,38,,GER,,7:02.7,Yes,M,422.7,105.675,296.5864288985784
1630,Jack Henry de Frahan,31,"Atlanta, GA",USA,"Atlanta Rowing Club, Inc.",7:02.8,Race,M,422.8,105.7,296.37603418268395
1630,Oliver Maggs,16,,GBR,RGSW,7:02.8,Race,M,422.8,105.7,296.37603418268395
1630,Alex Koller-Perger,37,"Adelaide, SA",AUS,,7:02.8,Yes,M,422.8,105.7,296.37603418268395
1633,Yann DIRLAOUEN,40,La Neuville Chant d'Oisel,FRA,Club Nautique de Belbeuf,7:02.9,Yes,M,422.9,105.725,296.1658384215945
1633,Nik Focht,47,Zürich,SUI,,7:02.9,Yes,M,422.9,105.725,296.1658384215945
1633,Alexander Robinson,42,VIC,AUS,Royal Australian Air Force,7:02.9,Yes,M,422.9,105.725,296.1658384215945
1636,Dimitri Muscat,17,,MLT,,7:03.0,Race,M,423.0,105.75,295.9558413801943
1636,Arrmandito Avanti,53,"Sunshine Coast, QLD",AUS,Sunshine Coast Rowing Club,7:03.0,Yes,M,423.0,105.75,295.9558413801943
1636,Florian Duclos,29,,FRA,,7:03.0,Yes,M,423.0,105.75,295.9558413801943
1636,Peter Hughes,41,,USA,,7:03.0,Yes,M,423.0,105.75,295.9558413801943
1636,Piotr Płusa,48,Poznań,POL,Polish Beekeepers,7:03.0,Yes,M,423.0,105.75,295.9558413801943
1636,NAOJIRI SHIOKI,19,,JPN,,7:03.0,Yes,M,423.0,105.75,295.9558413801943
1636,Douglas Wise,42,,GBR,,7:03.0,Yes,M,423.0,105.75,295.9558413801943
1643,Ryan Ness,51,,USA,Unaffiliated (USA),7:03.1,Race,M,423.1,105.775,295.74604282370103
1643,Lee Anderson,55,,GBR,,7:03.1,Yes,M,423.1,105.775,295.74604282370103
1643,Adam Kallin,40,GA,USA,University of Florida,7:03.1,Yes,M,423.1,105.775,295.74604282370103
1643,Eric Rzepa,53,Göteborg,SWE,,7:03.1,Yes,M,423.1,105.775,295.74604282370103
1647,Daniel Leduc,47,,NZL,,7:03.2,Yes,M,423.2,105.8,295.5364425176655
1647,Charles Sinkler,30,"Maynard, MA",USA,CRI Comp Men,7:03.2,Yes,M,423.2,105.8,295.5364425176655
1649,Nick VanderKodde,19,,USA,,7:03.3,Yes,M,423.3,105.825,295.32704022797014
1650,Andreas Koalick,55,Cottbus,GER,,7:03.4,Yes,M,423.4,105.85,295.1178357208297
1650,Didier Mamet,63,Porto,FRA,Real Clube Fluvial Portuense,7:03.4,No,M,423.4,105.85,295.1178357208297
1652,Aleksander Leesment,35,Jönköping,SWE,Jönköpings Roddsällskap,7:03.5,Yes,M,423.5,105.875,294.9088287627899
1652,Vini Salazar,31,"Melbourne, VIC",AUS,,7:03.5,Yes,M,423.5,105.875,294.9088287627899
1654,Tim Bartlett,43,,GBR,Army Indoor Rowing,7:03.6,Race,M,423.6,105.9,294.70001912072655
1654,Hudson Altschuler,16,,USA,,7:03.6,Yes,M,423.6,105.9,294.70001912072655
1654,Justin Chaudoir,35,WI,USA,,7:03.6,Yes,M,423.6,105.9,294.70001912072655
1654,Luka Dremelj,34,,SUI,,7:03.6,Yes,M,423.6,105.9,294.70001912072655
1654,michael stawowy,58,"Los Gatos, CA",USA,,7:03.6,Yes,M,423.6,105.9,294.70001912072655
1659,Jim Cowell,51,Worcester,GBR,,7:03.7,Yes,M,423.7,105.925,294.4914065618465
1660,Steve Collins,54,,GBR,Worthing Rowing Club,7:03.8,Race,M,423.8,105.95,294.2829908536849
1660,Daniel M. Lynch,63,CT,USA,SUB-7 IRC,7:03.8,Race,M,423.8,105.95,294.2829908536849
1660,Pierrick MOSCATELLO,65,Soisy sur Seine,FRA,,7:03.8,Race,M,423.8,105.95,294.2829908536849
1660,Albert Ajekweneh,16,,USA,,7:03.8,Yes,M,423.8,105.95,294.2829908536849
1660,paul lewis,52,,GBR,,7:03.8,Yes,M,423.8,105.95,294.2829908536849
1660,Xavier Spencer,14,,AUS,,7:03.8,Yes,M,423.8,105.95,294.2829908536849
1660,Jeroen Driessens,39,Ledegem,BEL,EXR Rowing,7:03.8,No,M,423.8,105.95,294.2829908536849
1660,Anirudh Prabhu,15,,GBR,,7:03.8,No,M,423.8,105.95,294.2829908536849
1668,Arnaud Aldebert,51,Valenciennes,FRA,,7:03.9,Yes,M,423.9,105.975,294.07477176410697
1668,Bo Qiao,36,MA,USA,SDBC,7:03.9,Yes,M,423.9,105.975,294.07477176410697
1670,Richard Wilcock,61,,GBR,North Staffs,7:04.0,Race,M,424.0,106.0,293.86674906130565
1670,Khari Benjamin,41,,TTO,,7:04.0,Yes,M,424.0,106.0,293.86674906130565
1670,Philip Box,34,,SWE,Stockholms roddförening,7:04.0,Yes,M,424.0,106.0,293.86674906130565
1670,Brett Karlson,59,,GBR,Maidenhead Rowing Club,7:04.0,Yes,M,424.0,106.0,293.86674906130565
1670,John Watson,39,,USA,,7:04.0,Yes,M,424.0,106.0,293.86674906130565
1670,Liam Andersen,28,,NZL,,7:04.0,No,M,424.0,106.0,293.86674906130565
1670,Greg Mould,45,,GBR,,7:04.0,No,M,424.0,106.0,293.86674906130565
1677,William Cazalet,57,,USA,,7:04.1,Yes,M,424.1,106.025,293.6589225138018
1677,Zach Gabriel,29,,USA,Whitemarsh Boat Club,7:04.1,Yes,M,424.1,106.025,293.6589225138018
1677,Felipe Haubert,43,,BRA,,7:04.1,Yes,M,424.1,106.025,293.6589225138018
1677,Dominic Kadlec,15,,USA,,7:04.1,Yes,M,424.1,106.025,293.6589225138018
1677,Harry Larsen,15,"Arlington, VA",USA,Potomac Boat Club,7:04.1,Yes,M,424.1,106.025,293.6589225138018
1677,Alastair Lowe,47,Hook,GBR,,7:04.1,Yes,M,424.1,106.025,293.6589225138018
1677,Phil Shaw,68,QLD,AUS,The Diamonds (Over Sixties Erging Group),7:04.1,Yes,M,424.1,106.025,293.6589225138018
1684,Stephen Campbell,60,,GBR,,7:04.2,Race,M,424.2,106.05,293.45129189044434
1684,Andrey Knyazev,53,,AIN,,7:04.2,Yes,M,424.2,106.05,293.45129189044434
1684,Iban M.,50,Ely,GBR,SUB-7 IRC,7:04.2,Yes,M,424.2,106.05,293.45129189044434
1684,Martin Dillon,56,Dunboyne,IRL,Crew Class Dublin_CRC,7:04.2,No,M,424.2,106.05,293.45129189044434
1688,Ben Hampson,30,,GBR,Peterborough City Rowing Club,7:04.3,Race,M,424.3,106.075,293.2438569604077
1688,Peter Dittrich,35,,GER,,7:04.3,Yes,M,424.3,106.075,293.2438569604077
1688,Sven Drohberg,54,,GER,"Ruderverein Kurhessen-Cassel, Kassel",7:04.3,Yes,M,424.3,106.075,293.2438569604077
1688,James Kordahl,37,"San Francisco, CA",USA,U.S. Marines,7:04.3,Yes,M,424.3,106.075,293.2438569604077
1692,George Elgar,16,,GBR,Hartpury University and College Boat Club,7:04.4,Race,M,424.4,106.1,293.0366174931938
1692,Simon Nevitt,46,,GBR,Shanklin Sandown Rowing Club,7:04.4,Race,M,424.4,106.1,293.0366174931938
1692,James Cockerton,46,,GBR,,7:04.4,Yes,M,424.4,106.1,293.0366174931938
1692,Andre Davidse,67,Middelburg,NED,GARAGEATHLETE,7:04.4,Yes,M,424.4,106.1,293.0366174931938
1692,Andrew Pinker,46,,GBR,,7:04.4,Yes,M,424.4,106.1,293.0366174931938
1692,Daniel Struthers,42,,GBR,,7:04.4,Yes,M,424.4,106.1,293.0366174931938
1692,Giulio Buanne,15,,GBR,,7:04.4,No,M,424.4,106.1,293.0366174931938
1699,Tako Lootsma,52,,NED,Free Spirits IRC,7:04.5,Race,M,424.5,106.125,292.8295732586295
1699,Brian A,42,,USA,,7:04.5,Yes,M,424.5,106.125,292.8295732586295
1699,Billy Beasley,50,"Zachary, LA",USA,,7:04.5,Yes,M,424.5,106.125,292.8295732586295
1699,Chris Guyll,53,,GBR,Bigkat,7:04.5,Yes,M,424.5,106.125,292.8295732586295
1699,Adam Haigh,43,,GBR,Cornish Pilot Gig Rowers,7:04.5,Yes,M,424.5,106.125,292.8295732586295
1699,Tako Lootsma,52,Asker 🇳🇴,NOR,Free Spirits,7:04.5,No,M,424.5,106.125,292.8295732586295
1705,Shrish Shetty,22,"Atlanta, GA",USA,Georgia Tech Rowing Club,7:04.6,Race,M,424.6,106.15,292.6227240268671
1705,Jose Carlos Carrasco,41,"Alexandria, VA",USA,Potomac Boat Club,7:04.6,Yes,M,424.6,106.15,292.6227240268671
1705,Benjamin Gáti,17,Budapest,HUN,DNHE - Danubius Budapest,7:04.6,Yes,M,424.6,106.15,292.6227240268671
1705,Ari Ginsberg,35,,USA,,7:04.6,Yes,M,424.6,106.15,292.6227240268671
1705,Vlad Iclozan,38,,CAN,,7:04.6,Yes,M,424.6,106.15,292.6227240268671
1705,Sam Weber,43,,GBR,,7:04.6,Yes,M,424.6,106.15,292.6227240268671
1705,Mike De Petris,60,Trieste,ITA,Free Spirits,7:04.6,No,M,424.6,106.15,292.6227240268671
1712,Ashley Brandrick,20,,GBR,Northampton Town Rowing Club,7:04.7,Race,M,424.7,106.175,292.4160695683838
1712,Dennis Darville,16,,GBR,Queen Elizabeth High School Rowing Club,7:04.7,Race,M,424.7,106.175,292.4160695683838
1712,Jonathan Caldwell,37,,PAN,,7:04.7,Yes,M,424.7,106.175,292.4160695683838
1712,Roelof Veenvliet,38,,NED,,7:04.7,Yes,M,424.7,106.175,292.4160695683838
1716,Alan Bates,51,,GBR,,7:04.8,Yes,M,424.8,106.2,292.2096096539803
1716,Matt Felton,37,OR,USA,Lake Oswego Community Rowing (LOCR),7:04.8,Yes,M,424.8,106.2,292.2096096539803
1716,Paul Haydt,36,,GER,,7:04.8,Yes,M,424.8,106.2,292.2096096539803
1716,Kristoffer Primsø,40,,DEN,,7:04.8,Yes,M,424.8,106.2,292.2096096539803
1716,Artur Sidoruk,63,Bialystok,POL,Multifit Rowing Team,7:04.8,Yes,M,424.8,106.2,292.2096096539803
1721,Eric Heilman,46,"Jacksonville, FL",USA,,7:04.9,Yes,M,424.9,106.225,292.00334405478145
1721,Edward Shaw,41,London,GBR,,7:04.9,Yes,M,424.9,106.225,292.00334405478145
1721,Scott Swatton,27,,GBR,,7:04.9,Yes,M,424.9,106.225,292.00334405478145
1724,Toby Payne,46,,GBR,,7:05.0,Race,M,425.0,106.25,291.7972725422349
1724,Alex DeRidder,34,"Fredericksburg, VA",USA,,7:05.0,Yes,M,425.0,106.25,291.7972725422349
1724,Dan Halliday,31,,GBR,,7:05.0,Yes,M,425.0,106.25,291.7972725422349
1724,Jasper Hitt,17,Ipwich,GBR,,7:05.0,No,M,425.0,106.25,291.7972725422349
1724,August Karlsson,35,,SWE,,7:05.0,No,M,425.0,106.25,291.7972725422349
1729,Shaun Callaghan,61,,GBR,,7:05.1,Race,M,425.1,106.275,291.59139488811064
1729,Jas Malhi,60,Reading,GBR,Reading Rowing Club (UK),7:05.1,Yes,M,425.1,106.275,291.59139488811064
1729,Shaun Callaghan,61,Congresbury,GBR,,7:05.1,No,M,425.1,106.275,291.59139488811064
1732,Ralph Corrigan,48,,GBR,,7:05.2,Yes,M,425.2,106.3,291.38571086450116
1732,Randy Roeser,35,"Texarkana, TX",USA,,7:05.2,Yes,M,425.2,106.3,291.38571086450116
1732,Thiago Jollon,17,,USA,,7:05.2,No,M,425.2,106.3,291.38571086450116
1732,Alexander Lee,31,"Southern Pines, NC",USA,Capital Rowing Club,7:05.2,No,M,425.2,106.3,291.38571086450116
1736,Duncan Bryden,41,,GBR,,7:05.3,Yes,M,425.3,106.325,291.1802202438197
1736,Gerald Finken,67,"Washington, NJ",USA,,7:05.3,Yes,M,425.3,106.325,291.1802202438197
1736,Joe Fricker,56,York,GBR,York City Rowing Club,7:05.3,Yes,M,425.3,106.325,291.1802202438197
1736,Kyle Mayo,39,,USA,,7:05.3,Yes,M,425.3,106.325,291.1802202438197
1736,David Moulton,44,,GBR,,7:05.3,Yes,M,425.3,106.325,291.1802202438197
1736,Omar Osman,18,,USA,University of New Hampshire,7:05.3,Yes,M,425.3,106.325,291.1802202438197
1736,Peter Watson,62,"Melbourne, VIC",AUS,The Diamonds (Over Sixties Erging Group),7:05.3,Yes,M,425.3,106.325,291.1802202438197
1743,Rhys Kelly,37,"Jindabyne, NSW",AUS,,7:05.4,Yes,M,425.4,106.35,290.97492279880106
1743,Michael Schwarz,41,,GER,,7:05.4,Yes,M,425.4,106.35,290.97492279880106
1743,Rob Foster,58,Windsor,GBR,Remigo Ergo Sum,7:05.4,No,M,425.4,106.35,290.97492279880106
1746,Josh Bowman,44,,USA,,7:05.5,Yes,M,425.5,106.375,290.7698183025001
1746,Christian Cammisa,30,Parma,ITA,,7:05.5,Yes,M,425.5,106.375,290.7698183025001
1746,Ryan Graf,31,,USA,,7:05.5,Yes,M,425.5,106.375,290.7698183025001
1746,Peter Maes,29,"Toms River, NJ",USA,,7:05.5,Yes,M,425.5,106.375,290.7698183025001
1746,Jonathan Scott,43,,GBR,,7:05.5,Yes,M,425.5,106.375,290.7698183025001
1746,Akito Wada,19,,JPN,,7:05.5,Yes,M,425.5,106.375,290.7698183025001
1752,Emanuel A,39,,GER,,7:05.6,Yes,M,425.6,106.4,290.5649065282914
1752,Kieran Lilley,47,Bristol,GBR,,7:05.6,Yes,M,425.6,106.4,290.5649065282914
1752,GINO REA,36,London,GBR,,7:05.6,Yes,M,425.6,106.4,290.5649065282914
1752,Alexander Liljeblad,37,,SWE,,7:05.6,No,M,425.6,106.4,290.5649065282914
1752,David Madson,44,"Las Vegas , NV",USA,,7:05.6,No,M,425.6,106.4,290.5649065282914
1757,Aidan Donnelly,16,,IRL,Castleconnell Boat Club,7:05.7,Yes,M,425.7,106.425,290.36018724986945
1757,Matt Lamberti,42,"Rochester Hills, MI",USA,,7:05.7,Yes,M,425.7,106.425,290.36018724986945
1757,Daniel Schättler,47,,GER,,7:05.7,Yes,M,425.7,106.425,290.36018724986945
1757,Kelley Toben,35,"Dothan, AL",USA,,7:05.7,Yes,M,425.7,106.425,290.36018724986945
1761,Grayson Barron,22,,USA,Alabama Crew Club,7:05.8,Yes,M,425.8,106.45,290.1556602412468
1761,Fin O’Sullivan,51,,GBR,British Army,7:05.8,Yes,M,425.8,106.45,290.1556602412468
1761,Chris McCormick,49,"Ware, Hertfordshire",GBR,,7:05.8,No,M,425.8,106.45,290.1556602412468
1764,Bruno De Decker,59,Drongen,BEL,,7:05.9,Yes,M,425.9,106.475,289.95132527675503
1764,Milky Way,44,Wilmington,KOR,Geobukseon -「거북선」,7:05.9,Yes,M,425.9,106.475,289.95132527675503
1764,Daniel Webb,48,,GBR,,7:05.9,Yes,M,425.9,106.475,289.95132527675503
1767,Matt Andrews,44,Lisbon,POR,,7:06.0,Yes,M,426.0,106.5,289.7471821310429
1767,Billy Beard,45,FL,USA,,7:06.0,Yes,M,426.0,106.5,289.7471821310429
1767,Baldur Gudbjornsson,49,,GBR,Reading Rowing Club (UK),7:06.0,Yes,M,426.0,106.5,289.7471821310429
1767,Austin Newcomer,40,,USA,U.S. Coast Guard,7:06.0,Yes,M,426.0,106.5,289.7471821310429
1767,Jamie Thompson,45,,GBR,,7:06.0,Yes,M,426.0,106.5,289.7471821310429
1772,Glen Bailey,44,,GBR,,7:06.1,Race,M,426.1,106.525,289.54323057907675
1772,Craig Diver,60,Rochdale,GBR,Hollingworth Lake Rowing Club,7:06.1,Race,M,426.1,106.525,289.54323057907675
1772,Ryder Camp,15,,USA,,7:06.1,Yes,M,426.1,106.525,289.54323057907675
1772,Paris Gutiérrez,17,,MEX,,7:06.1,Yes,M,426.1,106.525,289.54323057907675
1772,Kienan Patrick,33,,USA,,7:06.1,Yes,M,426.1,106.525,289.54323057907675
1777,Benjamin Pritchard,33,,GBR,GB Rowing Team,7:06.2,Race,M,426.2,106.55,289.3394703961397
1777,Harry Roussos,44,,GBR,,7:06.2,Race,M,426.2,106.55,289.3394703961397
1777,Late Bloomer,47,Daejeon,KOR,Geobukseon -「거북선」,7:06.2,Yes,M,426.2,106.55,289.3394703961397
1777,Peter Coyle,37,,USA,,7:06.2,Yes,M,426.2,106.55,289.3394703961397
1777,Jon Perez,17,Bilbao,ESP,,7:06.2,Yes,M,426.2,106.55,289.3394703961397
1782,Michael Davis,50,,GBR,,7:06.3,Yes,M,426.3,106.575,289.1359013578306
1782,"R, L",31,,USA,,7:06.3,Yes,M,426.3,106.575,289.1359013578306
1782,Austin Taterka,37,"Morristown, NJ",USA,Rutgers University,7:06.3,Yes,M,426.3,106.575,289.1359013578306
1782,Nick Thorp,51,Rangiora,NZL,,7:06.3,Yes,M,426.3,106.575,289.1359013578306
1782,Nuno Cunha,56,Porto,POR,Real Clube Fluvial Portuense,7:06.3,No,M,426.3,106.575,289.1359013578306
1787,Richard Potter,34,Somerset,GBR,Fitness Matters,7:06.4,Race,M,426.4,106.6,288.9325232400646
1787,Joseba Saies Alzua,67,,ESP,Orio Arraun Elkartea,7:06.4,Race,M,426.4,106.6,288.9325232400646
1787,Tyler Sleep,20,"Atlanta, GA",USA,Georgia Tech Rowing Club,7:06.4,Race,M,426.4,106.6,288.9325232400646
1787,Jordan Arron,44,"Toronto, ON",CAN,,7:06.4,Yes,M,426.4,106.6,288.9325232400646
1787,David Ellis,52,"Sydney , NSW",AUS,,7:06.4,Yes,M,426.4,106.6,288.9325232400646
1787,Scott Glover,42,ON,CAN,Brock University,7:06.4,Yes,M,426.4,106.6,288.9325232400646
1787,Joseph LeMay,59,"Danbury, CT",USA,GMS Rowing Center,7:06.4,No,M,426.4,106.6,288.9325232400646
1787,Joseba Saies,67,Donostia,ESP,The Diamonds (Over Sixties Erging Group),7:06.4,No,M,426.4,106.6,288.9325232400646
1795,John Beecroft,55,London,GBR,,7:06.5,Race,M,426.5,106.625,288.72933581907165
1795,Alexandre Herpin,39,Brummen,FRA,,7:06.5,Yes,M,426.5,106.625,288.72933581907165
1795,Sheridan Hindle,53,Flash,GBR,SUB-7 IRC,7:06.5,Yes,M,426.5,106.625,288.72933581907165
1795,David Johnson,30,,AUS,,7:06.5,Yes,M,426.5,106.625,288.72933581907165
1795,Ben Kent,60,Marlow RC,GBR,Remigo Ergo Sum,7:06.5,Yes,M,426.5,106.625,288.72933581907165
1795,Greg Kinsey,41,,GBR,,7:06.5,No,M,426.5,106.625,288.72933581907165
1801,Ethan Gold,17,,USA,Long Lake Rowing Crew,7:06.6,Race,M,426.6,106.65,288.52633887139626
1801,Matt Swinson,31,,GBR,,7:06.6,Race,M,426.6,106.65,288.52633887139626
1801,Derek Wanders,59,,NZL,,7:06.6,Yes,M,426.6,106.65,288.52633887139626
1801,David Gonzalez,40,"Curtis Bay, MD",USA,U.S. Coast Guard Academy,7:06.6,No,M,426.6,106.65,288.52633887139626
1805,Frank Haanappel,58,Alkmaar,NED,,7:06.7,Yes,M,426.7,106.675,288.3235321738978
1805,Johnathan Lauer,17,,USA,Upper Arlington High School,7:06.7,Yes,M,426.7,106.675,288.3235321738978
1805,Uffe Poulsen,51,Brabrand,DEN,,7:06.7,Yes,M,426.7,106.675,288.3235321738978
1805,Vojtech Roupa,40,,CZE,,7:06.7,Yes,M,426.7,106.675,288.3235321738978
1809,Chris Mitchell,31,,GBR,,7:06.8,Yes,M,426.8,106.7,288.120915503748
1809,Alex Sultoon,46,London,GBR,Lea Rowing Club,7:06.8,Yes,M,426.8,106.7,288.120915503748
1811,John Reilly,16,"Atlanta, GA",USA,Row Georgia,7:06.9,Race,M,426.9,106.725,287.91848863843285
1811,Thomas Crowley,29,,GBR,,7:06.9,Yes,M,426.9,106.725,287.91848863843285
1811,Krijn Haak,54,,NED,,7:06.9,Yes,M,426.9,106.725,287.91848863843285
1811,Richard Limpkin,47,Kilkenny,IRL,Fitness Matters,7:06.9,Yes,M,426.9,106.725,287.91848863843285
1811,Daniel Taylor,40,,GBR,,7:06.9,Yes,M,426.9,106.725,287.91848863843285
1811,Andreas Boegsted-Moeller,50,"Roenne, Bornholm",DEN,RowPro Rowers,7:06.9,No,M,426.9,106.725,287.91848863843285
1811,Ben Gonser,17,,USA,,7:06.9,No,M,426.9,106.725,287.91848863843285
1818,Andrew Lang,58,,GBR,,7:07.0,Race,M,427.0,106.75,287.71625135575044
1818,Norbert Gajos,36,Pasco,USA,,7:07.0,Yes,M,427.0,106.75,287.71625135575044
1818,Víctor Hernández Alvarado,50,Las Palmas de Gran Canaria,ESP,,7:07.0,Yes,M,427.0,106.75,287.71625135575044
1821,Phil Brown,52,"Cleveland, TN",USA,Lookout Rowing Club,7:07.1,Yes,M,427.1,106.775,287.51420343381085
1821,James Crawford,71,"Manhasset, NY",USA,Ever Green Boat Club,7:07.1,Yes,M,427.1,106.775,287.51420343381085
1821,Peter Fox,57,"BLAXLAND, NSW",AUS,,7:07.1,Yes,M,427.1,106.775,287.51420343381085
1821,Slohan Jean marie marie magdeleine,32,,FRA,,7:07.1,Yes,M,427.1,106.775,287.51420343381085
1821,Ryan Minty,29,Saltash,GBR,Caradon Pilot Gig Club,7:07.1,Yes,M,427.1,106.775,287.51420343381085
1821,Robert White,59,Auckland,NZL,,7:07.1,Yes,M,427.1,106.775,287.51420343381085
1827,Neil Hitt,58,EXETER,GBR,Exeter Rowing Club,7:07.2,Yes,M,427.2,106.8,287.31234465103614
1827,Will Hudgins,35,WI,USA,,7:07.2,Yes,M,427.2,106.8,287.31234465103614
1827,Mats Ceder,61,Vasa,FIN,,7:07.2,No,M,427.2,106.8,287.31234465103614
1830,Jeremy Martin,75,Canterbury,GBR,,7:07.3,Race,M,427.3,106.825,287.1106747861589
1830,Edd Pineda,57,,USA,,7:07.3,Yes,M,427.3,106.825,287.1106747861589
1830,Peter Wilkinson,63,,GBR,,7:07.3,Yes,M,427.3,106.825,287.1106747861589
1833,Paul Gibson,41,,GBR,Doncaster Rowing Club,7:07.4,Race,M,427.4,106.85,286.9091936182227
1833,Johnny Crow,37,,USA,,7:07.4,Yes,M,427.4,106.85,286.9091936182227
1833,Ben Durbin,50,,USA,,7:07.4,Yes,M,427.4,106.85,286.9091936182227
1833,Albert Kavsek,58,Castricum 🇳🇱,NED,RowPro Rowers,7:07.4,Yes,M,427.4,106.85,286.9091936182227
1837,Julian Ashworth,54,,GBR,,7:07.5,Yes,M,427.5,106.875,286.7079009265809
1837,Devin Kellar,50,"Hamburg, NJ",USA,,7:07.5,Yes,M,427.5,106.875,286.7079009265809
1837,Gérard LE FLOHIC,71,COGNAC YACHT ROWING CLUB,FRA,,7:07.5,Yes,M,427.5,106.875,286.7079009265809
1837,David Martinez,51,Weybridge,GBR,Weybridge Rowing Club (UK),7:07.5,Yes,M,427.5,106.875,286.7079009265809
1837,Paul Sawyer,57,"Cambridge, ON",CAN,,7:07.5,Yes,M,427.5,106.875,286.7079009265809
1837,Thomas Shepherd,19,"North Sutton, NH",USA,,7:07.5,Yes,M,427.5,106.875,286.7079009265809
1837,Rylan Branson,18,MI,USA,Riverview High School,7:07.5,No,M,427.5,106.875,286.7079009265809
1844,Pat Seale,42,,GBR,,7:07.6,Race,M,427.6,106.9,286.5067964908964
1844,Trek Cross,45,,BEL,,7:07.6,Yes,M,427.6,106.9,286.5067964908964
1844,Giles Davies,56,Hereford,GBR,,7:07.6,Yes,M,427.6,106.9,286.5067964908964
1844,Paul Deasy,38,Cork,IRL,,7:07.6,Yes,M,427.6,106.9,286.5067964908964
1844,Tobias Fernholz,45,Würzburg,GER,Ruderclub Zellingen,7:07.6,Yes,M,427.6,106.9,286.5067964908964
1844,Richard Tosh,49,,GBR,Kingston Rowing Club,7:07.6,Yes,M,427.6,106.9,286.5067964908964
1844,Ryan Watson,42,,NZL,,7:07.6,Yes,M,427.6,106.9,286.5067964908964
1844,Aleksandr Derzitski,46,,EST,,7:07.6,No,M,427.6,106.9,286.5067964908964
1844,Armaan Habib,16,,CAN,Upper Canada College,7:07.6,No,M,427.6,106.9,286.5067964908964
1844,Scott Nendza,64,"Lancaster, PA",USA,,7:07.6,No,M,427.6,106.9,286.5067964908964
1854,Jon Heaney,65,,GBR,Oundle Town Rowing Club,7:07.7,Race,M,427.7,106.925,286.3058800911416
1854,Chris Loveman,46,,GBR,,7:07.7,Race,M,427.7,106.925,286.3058800911416
1854,Tristan Forsey,43,Torquay,GBR,,7:07.7,Yes,M,427.7,106.925,286.3058800911416
1854,Andrew Holtzen,46,WI,USA,,7:07.7,Yes,M,427.7,106.925,286.3058800911416
1854,Henning Schnell,59,Rendsburg 🇩🇪,GER,Team Ruderathlet,7:07.7,Yes,M,427.7,106.925,286.3058800911416
1854,Guillaume Toublanc,54,Paris,FRA,,7:07.7,Yes,M,427.7,106.925,286.3058800911416
1854,Patrick Secor,45,"Lake Stevens, WA",USA,,7:07.7,No,M,427.7,106.925,286.3058800911416
1861,Graham Gori,50,,USA,,7:07.8,Yes,M,427.8,106.95,286.10515150759653
1861,Nathan Han,17,"Painted Post, NY",USA,Hill School Boat Club,7:07.8,Yes,M,427.8,106.95,286.10515150759653
1861,Will Marshall,17,Worcester,GBR,,7:07.8,Yes,M,427.8,106.95,286.10515150759653
1864,Iain Burgess,39,,GBR,,7:07.9,Yes,M,427.9,106.975,285.9046105208501
1864,Matthew Cave,53,Derby,GBR,,7:07.9,Yes,M,427.9,106.975,285.9046105208501
1864,Greg Sewell,48,,NZL,,7:07.9,Yes,M,427.9,106.975,285.9046105208501
1864,Jay Keith,59,"Fairport, NY",USA,Fitness Matters,7:07.9,No,M,427.9,106.975,285.9046105208501
1868,Dennis Krupenik,42,"Warsaw, Poland",UKR,,7:08.0,Yes,M,428.0,107.0,285.7042569117982
1868,Javier Rebolledo,40,,VEN,,7:08.0,Yes,M,428.0,107.0,285.7042569117982
1868,Rainer Nigg,62,Cugnasco,SUI,,7:08.0,No,M,428.0,107.0,285.7042569117982
1871,Callum Smith,28,,GBR,RNRA,7:08.1,Race,M,428.1,107.025,285.5040904616439
1871,Mathieu cote,44,"Eastman, QC",CAN,SUB-7 IRC,7:08.1,Yes,M,428.1,107.025,285.5040904616439
1871,Dan Griffin,30,Bath,GBR,,7:08.1,Yes,M,428.1,107.025,285.5040904616439
1871,Kai Steinmetz,40,,GER,,7:08.1,Yes,M,428.1,107.025,285.5040904616439
1871,Matt Wilson,31,,USA,,7:08.1,Yes,M,428.1,107.025,285.5040904616439
1876,Andrew Heine,42,,RSA,,7:08.2,Yes,M,428.2,107.05,285.30411095189703
1876,Pierre Le Goff,45,,FRA,,7:08.2,Yes,M,428.2,107.05,285.30411095189703
1876,Darren Morris,50,,GBR,,7:08.2,Yes,M,428.2,107.05,285.30411095189703
1879,Guy Blackburn,53,,GBR,,7:08.3,Race,M,428.3,107.075,285.1043181643727
1879,Roy van Wezel,49,,NED,,7:08.3,Yes,M,428.3,107.075,285.1043181643727
1881,Drew Bach,39,,BRA,,7:08.4,Yes,M,428.4,107.1,284.9047118811926
1881,Dan Connor,57,Portsmouth,GBR,Royal Navy (UK),7:08.4,Yes,M,428.4,107.1,284.9047118811926
1881,yuri nikonchuk,44,,USA,,7:08.4,Yes,M,428.4,107.1,284.9047118811926
1881,Tom Phillips,70,"New York, NY",USA,Rowfit,7:08.4,Yes,M,428.4,107.1,284.9047118811926
1881,Brad Platt,59,"San Diego, CA",USA,,7:08.4,Yes,M,428.4,107.1,284.9047118811926
1881,Emmett Walter,16,IL,USA,,7:08.4,Yes,M,428.4,107.1,284.9047118811926
1881,Simon Williams,48,,GBR,,7:08.4,Yes,M,428.4,107.1,284.9047118811926
1881,Jack Chatziyakoumis,64,"Melbourne, VIC",AUS,"Yarra Yarra Rowing Club, Melbourne Australia",7:08.4,No,M,428.4,107.1,284.9047118811926
1881,Henrik Johansson,64,Helsinki,FIN,Keravan Urheilijat,7:08.4,No,M,428.4,107.1,284.9047118811926
1881,Dougal McLeod,31,Stockholm,SWE,Hammarby Rodd,7:08.4,No,M,428.4,107.1,284.9047118811926
1891,Matthew Fahey,37,"Fayetteville, NC",USA,,7:08.5,Yes,M,428.5,107.125,284.70529188478247
1891,Louis Greenleaf,26,,GBR,,7:08.5,Yes,M,428.5,107.125,284.70529188478247
1891,Oliver Kellett,38,"Melbourne, VIC",AUS,TEAM OARSOME IRC,7:08.5,Yes,M,428.5,107.125,284.70529188478247
1891,Jacob Christian Lindegaard,66,Aarhus,DEN,Aarhus Roklub,7:08.5,No,M,428.5,107.125,284.70529188478247
1895,Andre Davidse,67,,GBR,,7:08.6,Race,M,428.6,107.15,284.5060579578729
1895,Will Boden,50,,GBR,Cornish Pilot Gig Rowers,7:08.6,Yes,M,428.6,107.15,284.5060579578729
1895,Chris Czerny,48,Stanz,AUT,LA-PAWS,7:08.6,Yes,M,428.6,107.15,284.5060579578729
1895,Benjamin GARGALLO,45,Alès,FRA,,7:08.6,Yes,M,428.6,107.15,284.5060579578729
1895,Tim Johnson,43,,GBR,,7:08.6,Yes,M,428.6,107.15,284.5060579578729
1895,Bengt-Olaf Schneider,63,"Westfield, MA",USA,Pioneer Valley Riverfront Club,7:08.6,Yes,M,428.6,107.15,284.5060579578729
1901,Patrick Ditz,43,,AUT,,7:08.7,Yes,M,428.7,107.175,284.3070098834989
1901,Stephen George,37,,USA,U.S. Coast Guard,7:08.7,Yes,M,428.7,107.175,284.3070098834989
1901,Goran Rakocija,62,,CRO,The Diamonds (Over Sixties Erging Group),7:08.7,Yes,M,428.7,107.175,284.3070098834989
1901,Chris Martin,59,"Hampstead, NC",USA,,7:08.7,No,M,428.7,107.175,284.3070098834989
1901,Jamie Nelson,54,"Washington, DC",USA,Capital Rowing Club,7:08.7,No,M,428.7,107.175,284.3070098834989
1906,Jonny Eldridge,38,,GBR,,7:08.8,Yes,M,428.8,107.2,284.10814744499817
1906,Neil Melville-Kenney,45,Leiden,NED,,7:08.8,Yes,M,428.8,107.2,284.10814744499817
1906,Felix Rittel,32,,DEN,,7:08.8,Yes,M,428.8,107.2,284.10814744499817
1906,Tim Shelton,45,,USA,,7:08.8,Yes,M,428.8,107.2,284.10814744499817
1906,Pete Tomczak,43,,USA,,7:08.8,Yes,M,428.8,107.2,284.10814744499817
1906,Casey Wolf,38,"Dallas, TX",USA,,7:08.8,Yes,M,428.8,107.2,284.10814744499817
1912,John Hurst,44,,GBR,,7:08.9,Race,M,428.9,107.225,283.90947042601226
1912,Sam Burnett,35,,AUS,,7:08.9,Yes,M,428.9,107.225,283.90947042601226
1912,Jeff Gustafson,47,VA,USA,,7:08.9,Yes,M,428.9,107.225,283.90947042601226
1912,Tony Powell,38,"Fort Collins, CO",USA,,7:08.9,Yes,M,428.9,107.225,283.90947042601226
1916,Aled Davies,42,,GBR,,7:09.0,Yes,M,429.0,107.25,283.7109786104847
1916,Bernardo Heller,34,Novo Hamburgo,BRA,,7:09.0,Yes,M,429.0,107.25,283.7109786104847
1916,Salvatore Pino,45,"Melbourne, VIC",AUS,"Concept2, Inc, Morrisville, VT",7:09.0,No,M,429.0,107.25,283.7109786104847
1919,Mike Pearce,68,Somerset,GBR,SUB-7 IRC,7:09.1,Yes,M,429.1,107.275,283.5126717826612
1919,Will Sweetman,54,Dunedin,NZL,Otago Rowing Club,7:09.1,Yes,M,429.1,107.275,283.5126717826612
1919,Alex Pappas,30,"Wyandotte, MI",USA,Wyandotte Boat Club,7:09.1,No,M,429.1,107.275,283.5126717826612
1922,James Cuddy,49,,USA,U.S. Navy,7:09.2,Yes,M,429.2,107.3,283.31454972708934
1922,Willie Howard,18,,USA,,7:09.2,No,M,429.2,107.3,283.31454972708934
1922,Dan McCormack,38,,NZL,,7:09.2,No,M,429.2,107.3,283.31454972708934
1925,Cris Bolgar,48,Nottingham,GBR,,7:09.3,Yes,M,429.3,107.325,283.116612228617
1925,Ethan Chu,17,,USA,Chicago Training Center,7:09.3,Yes,M,429.3,107.325,283.116612228617
1925,Chris Goalby,37,Manchester,GBR,,7:09.3,Yes,M,429.3,107.325,283.116612228617
1925,Max H,24,Zurich,SUI,,7:09.3,Yes,M,429.3,107.325,283.116612228617
1925,Dirk Kettelhut,59,Cologne,GER,,7:09.3,Yes,M,429.3,107.325,283.116612228617
1925,Jake McLaughlin,37,"Greensboro, NC",USA,,7:09.3,Yes,M,429.3,107.325,283.116612228617
1925,Vitaliy P,33,,UKR,,7:09.3,Yes,M,429.3,107.325,283.116612228617
1925,Ben Townsend,41,,GBR,Maidenhead Rowing Club,7:09.3,Yes,M,429.3,107.325,283.116612228617
1933,Andreas Andrews,38,,USA,,7:09.4,Yes,M,429.4,107.35,282.91885907239356
1933,Garrett Glanz,56,,USA,,7:09.4,Yes,M,429.4,107.35,282.91885907239356
1933,Peter Tue Jensen,56,,DEN,,7:09.4,Yes,M,429.4,107.35,282.91885907239356
1933,Steve Coram,47,WA,USA,,7:09.4,No,M,429.4,107.35,282.91885907239356
1937,Henry Carlson,20,,USA,Georgia Tech Rowing Club,7:09.5,Race,M,429.5,107.375,282.72129004386767
1937,Simon Jacobs,38,,GBR,,7:09.5,Race,M,429.5,107.375,282.72129004386767
1937,Andrew Blackett-May,33,,GBR,Runcorn Rowing Club,7:09.5,Yes,M,429.5,107.375,282.72129004386767
1937,Scott Miller,45,,USA,,7:09.5,Yes,M,429.5,107.375,282.72129004386767
1937,Roland Rebek,38,Bexhill on Sea,GBR,Hastings Rowing Club (South East England),7:09.5,Yes,M,429.5,107.375,282.72129004386767
1937,Dominic Rollo-Walker,34,,GBR,,7:09.5,Yes,M,429.5,107.375,282.72129004386767
1937,Yannick Slaets,32,,BEL,,7:09.5,Yes,M,429.5,107.375,282.72129004386767
1937,Ole Harald L. Kveseth,36,,NOR,,7:09.5,No,M,429.5,107.375,282.72129004386767
1945,Cody Reese,25,"Drums, PA",USA,,7:09.6,Yes,M,429.6,107.4,282.52390492878794
1946,Mark Miller,17,"Atlanta, GA",USA,"Friends of Hickory Rowing, Inc",7:09.7,Race,M,429.7,107.425,282.32670351320235
1946,Karl Alexander,47,High Wycombe,GBR,,7:09.7,Yes,M,429.7,107.425,282.32670351320235
1946,Sammy Clark,60,Auckland,NZL,New Zealand Defence Force,7:09.7,Yes,M,429.7,107.425,282.32670351320235
1946,Michael Kleczka,39,,USA,,7:09.7,Yes,M,429.7,107.425,282.32670351320235
1950,Damien Bartlett,42,,GBR,,7:09.8,Race,M,429.8,107.45,282.12968558345665
1950,Lewis Barber,16,,GBR,,7:09.8,Yes,M,429.8,107.45,282.12968558345665
1950,Alexandre Boivin,45,,CAN,,7:09.8,Yes,M,429.8,107.45,282.12968558345665
1950,Michael Mäschig,49,,GER,,7:09.8,Yes,M,429.8,107.45,282.12968558345665
1950,Tim Metzgen,49,,BIZ,,7:09.8,Yes,M,429.8,107.45,282.12968558345665
1955,Christian De Vries,48,Helmond,NED,,7:09.9,Yes,M,429.9,107.475,281.93285092619556
1955,Adrian Kirk,56,Weymouth,GBR,Royal Navy Veterans,7:09.9,Yes,M,429.9,107.475,281.93285092619556
1955,Francois Liebenberg,54,"Rockhampton, QLD",AUS,,7:09.9,Yes,M,429.9,107.475,281.93285092619556
1955,Paul Shepherd,31,,GBR,,7:09.9,Yes,M,429.9,107.475,281.93285092619556
1955,Florian Vogler,43,,GER,,7:09.9,Yes,M,429.9,107.475,281.93285092619556
1960,James Anderson,40,"Broome, WA",AUS,,7:10.0,Yes,M,430.0,107.5,281.736199328361
1960,Robert Griffin,63,,FRA,,7:10.0,Yes,M,430.0,107.5,281.736199328361
1960,Uni Heðinsson,52,Klaksvík,FRO,,7:10.0,Yes,M,430.0,107.5,281.736199328361
1960,Tom Limb,38,,GBR,,7:10.0,Yes,M,430.0,107.5,281.736199328361
1960,Jeff Swoboda,37,,USA,Kentucky Virtual Rowers,7:10.0,Yes,M,430.0,107.5,281.736199328361
1960,Brian Rutkowski,53,"Southgate, MI",USA,Grand Valley State University,7:10.0,No,M,430.0,107.5,281.736199328361
1960,Jail Sport Zwolle,28,Zwolle,NED,,7:10.0,No,M,430.0,107.5,281.736199328361
1967,James O’Connell,16,,GBR,Thames Scullers,7:10.1,Race,M,430.1,107.525,281.53973057719213
1967,Tom Carnall,44,London,GBR,,7:10.1,Yes,M,430.1,107.525,281.53973057719213
1967,Orlando Lourenço,50,Santo André-Barreiro,POR,Grupo Desportivo Ferroviários do Barreiro,7:10.1,No,M,430.1,107.525,281.53973057719213
1970,Jorge De Castro Alonso,31,Maidenhead,GBR,Maidenhead Rowing Club,7:10.2,Yes,M,430.2,107.55,281.34344446022493
1970,Jim Don,49,"Ottawa, ON",CAN,,7:10.2,Yes,M,430.2,107.55,281.34344446022493
1970,Cory Donahue,35,"Hall, MT",USA,,7:10.2,Yes,M,430.2,107.55,281.34344446022493
1970,Thomas Gilson,18,,GBR,,7:10.2,Yes,M,430.2,107.55,281.34344446022493
1970,Aaron Grubb,35,,USA,U.S. Army,7:10.2,Yes,M,430.2,107.55,281.34344446022493
1970,Bobby Headbird,38,,USA,,7:10.2,Yes,M,430.2,107.55,281.34344446022493
1970,Henry Liao,42,,TPE,Free Spirits,7:10.2,Yes,M,430.2,107.55,281.34344446022493
1970,James Loughran,17,,IRL,,7:10.2,Yes,M,430.2,107.55,281.34344446022493
1970,Karl Smith,49,,GBR,,7:10.2,Yes,M,430.2,107.55,281.34344446022493
1970,Aaron Tomlinson,33,Exeter,GBR,Exeter Rowing Club,7:10.2,Yes,M,430.2,107.55,281.34344446022493
1970,Niall ODonnchu,60,,IRL,The Renegades,7:10.2,No,M,430.2,107.55,281.34344446022493
1981,Ioan Hughes,46,,GBR,,7:10.3,No,M,430.3,107.575,281.1473407652912
1982,Steve Humphrey,62,,GBR,Chesterton Rowing Club,7:10.4,Race,M,430.4,107.6,280.9514192805188
1982,David Loock,19,,USA,,7:10.4,Yes,M,430.4,107.6,280.9514192805188
1982,Jerome Pabbruwe,57,"Perth, WA",AUS,,7:10.4,Yes,M,430.4,107.6,280.9514192805188
1982,Luke Tudor,36,,GBR,Royal Air Force (UK),7:10.4,Yes,M,430.4,107.6,280.9514192805188
1986,David Kabat,51,,FRA,FRENCH INDOOR ROWERS TEAM,7:10.5,Yes,M,430.5,107.625,280.75567979433066
1986,Eamonn Bradley,15,,USA,,7:10.5,No,M,430.5,107.625,280.75567979433066
1988,Timothy Cronin,40,"Wayland, MA",USA,,7:10.6,Yes,M,430.6,107.65,280.5601220954444
1988,Tony Harper,53,,GBR,,7:10.6,Yes,M,430.6,107.65,280.5601220954444
1988,Alex Sieroczuk,37,,GBR,,7:10.6,Yes,M,430.6,107.65,280.5601220954444
1991,Elliott Cunningham,24,,GBR,,7:10.7,Race,M,430.7,107.675,280.36474597287236
1991,Sebastian Nivon Galvez,20,"Atlanta, GA",USA,Berry College Viking Crew,7:10.7,Race,M,430.7,107.675,280.36474597287236
1991,Adam Davis,45,,USA,,7:10.7,Yes,M,430.7,107.675,280.36474597287236
1991,Peter Hall,44,,GBR,,7:10.7,Yes,M,430.7,107.675,280.36474597287236
1991,Paul O’Quinn,40,,USA,,7:10.7,Yes,M,430.7,107.675,280.36474597287236
1991,John Perä,60,Kukkola Haparanda 🇸🇪,SWE,,7:10.7,Yes,M,430.7,107.675,280.36474597287236
1991,Andrew Maas,21,NE,USA,University of Nebraska at Lincoln,7:10.7,No,M,430.7,107.675,280.36474597287236
1998,Peter Lewis,63,"Surrey, BC",CAN,Nicomekl Rowing Club,7:10.8,Yes,M,430.8,107.7,280.1695512159197
1998,Dan Mathisson,55,"Rye, NY",USA,,7:10.8,Yes,M,430.8,107.7,280.1695512159197
1998,George Perrin,73,,GBR,Runcorn Rowing Club,7:10.8,Yes,M,430.8,107.7,280.1695512159197
1998,Patrick Louazel,62,Saint-Jorioz,FRA,The Diamonds (Over Sixties Erging Group),7:10.8,No,M,430.8,107.7,280.1695512159197
1998,Brett Russell,49,,NZL,,7:10.8,No,M,430.8,107.7,280.1695512159197
2003,Jason Bell,38,,USA,,7:10.9,Yes,M,430.9,107.725,279.97453761418603
2003,Stijn Doms,45,Bornem,BEL,EXR Rowing,7:10.9,Yes,M,430.9,107.725,279.97453761418603
2003,Pino Gentile,54,QLD,AUS,RowAlong,7:10.9,Yes,M,430.9,107.725,279.97453761418603
2003,jason hortiatis,39,,USA,,7:10.9,Yes,M,430.9,107.725,279.97453761418603
2003,Patrick Hussey,27,,IRL,,7:10.9,Yes,M,430.9,107.725,279.97453761418603
2003,Joe Krakker,39,,USA,,7:10.9,Yes,M,430.9,107.725,279.97453761418603
2003,Massimiliano Mattei,56,Napoli,ITA,,7:10.9,Yes,M,430.9,107.725,279.97453761418603
2003,Iain McKenzie,49,,NZL,,7:10.9,Yes,M,430.9,107.725,279.97453761418603
2003,Antoine Reguis,51,,GBR,,7:10.9,No,M,430.9,107.725,279.97453761418603
2012,Shane Logan,62,,GBR,,7:11.0,Race,M,431.0,107.75,279.7797049575627
2013,Marius Berger,42,Bochum,GER,,7:11.1,Yes,M,431.1,107.775,279.58505303623434
2013,Robert Russo,59,"Haddonfield, NJ",USA,Cooper Rowing Club,7:11.1,No,M,431.1,107.775,279.58505303623434
2015,Ethan Pritchard,17,"Atlanta, GA",USA,Lake Lanier Rowing Club,7:11.2,Race,M,431.2,107.8,279.39058164067717
2015,Cade Sivil,17,,GBR,NSB,7:11.2,Race,M,431.2,107.8,279.39058164067717
2015,Starlord _,44,The Milano,USA,,7:11.2,Yes,M,431.2,107.8,279.39058164067717
2015,Paul Hayden,54,"Eureka, CA",USA,,7:11.2,Yes,M,431.2,107.8,279.39058164067717
2015,Daniel Parkinson,49,,GBR,,7:11.2,Yes,M,431.2,107.8,279.39058164067717
2015,Kristian Perry,50,,USA,Washington Rowing School,7:11.2,Yes,M,431.2,107.8,279.39058164067717
2015,Thomas Sutton,47,"Silver Spring, MD",USA,,7:11.2,Yes,M,431.2,107.8,279.39058164067717
2022,Keith Darby,50,Ashingdon,GBR,Red Line Rowers,7:11.3,Yes,M,431.3,107.825,279.19629056165843
2022,Todd Purvis,63,"Dallas , NC",USA,,7:11.3,Yes,M,431.3,107.825,279.19629056165843
2024,Reid Balwinski,15,,USA,,7:11.4,Yes,M,431.4,107.85,279.0021795902369
2025,Kyle Kemper,32,,USA,,7:11.5,Yes,M,431.5,107.875,278.8082485177611
2025,Mike Probert,47,Newcastle Upon Tyne,GBR,"Tyne Rowing Club, Newcastle upon Tyne, England",7:11.5,Yes,M,431.5,107.875,278.8082485177611
2025,Harry Roussos,43,London,GBR,,7:11.5,Yes,M,431.5,107.875,278.8082485177611
2025,Nick Shearn,65,London,GBR,,7:11.5,Yes,M,431.5,107.875,278.8082485177611
2030,Anton Nikolaiev,39,,GER,CrossFit Linchpin,7:11.6,Yes,M,431.6,107.9,278.61449713587035
2030,J.R. Tarabocchia,43,"Portland, OR",USA,,7:11.6,Yes,M,431.6,107.9,278.61449713587035
2032,Paul Ducommun,55,Telford,GBR,Gym Mostyn,7:11.7,Race,M,431.7,107.925,278.4209252364932
2032,Jákup Martin á Válinum,43,,FRO,,7:11.7,Yes,M,431.7,107.925,278.4209252364932
2032,Tim Collage,40,Gent,BEL,,7:11.7,Yes,M,431.7,107.925,278.4209252364932
2032,Jakub Fojt,36,Prague,CZE,VK Slavia Prague,7:11.7,Yes,M,431.7,107.925,278.4209252364932
2032,Michael Meyer,67,Kolbnitz,AUT,The Diamonds (Over Sixties Erging Group),7:11.7,Yes,M,431.7,107.925,278.4209252364932
2032,Paul Snape,49,,USA,CrossFit Indianapolis,7:11.7,Yes,M,431.7,107.925,278.4209252364932
2032,Nicolas Tissier,44,,FRA,,7:11.7,Yes,M,431.7,107.925,278.4209252364932
2032,Kevin Truitt,37,"Boyertown, PA",USA,,7:11.7,Yes,M,431.7,107.925,278.4209252364932
2032,Taras Verhun,45,,UKR,,7:11.7,Yes,M,431.7,107.925,278.4209252364932
2041,Guy Blackburn,53,,GBR,Castle Semple rowing club,7:11.8,Race,M,431.8,107.95,278.2275326118467
2041,James Bailey,44,QLD,AUS,,7:11.8,Yes,M,431.8,107.95,278.2275326118467
2041,Rob Guyll,55,,GBR,,7:11.8,Yes,M,431.8,107.95,278.2275326118467
2041,Morten Bjoerner Jensen,48,Fredericia,DEN,,7:11.8,Yes,M,431.8,107.95,278.2275326118467
2041,Kyle Rimmer-Greaves,39,Bilbao,ESP,,7:11.8,Yes,M,431.8,107.95,278.2275326118467
2046,Mustafa Bor,48,ON,CAN,,7:11.9,Yes,M,431.9,107.975,278.0343190544375
2046,Richard Fearn,40,Kent,GBR,,7:11.9,Yes,M,431.9,107.975,278.0343190544375
2046,Charlie Povey,18,,CAN,,7:11.9,Yes,M,431.9,107.975,278.0343190544375
2046,Jeffrey Wise,41,,USA,,7:11.9,Yes,M,431.9,107.975,278.0343190544375
2050,Dennis Pabst,67,"Encinitas, CA",USA,,7:12.0,Yes,M,432.0,108.0,277.8412843570594
2051,Per Aarup Simonsen,44,Varde,DEN,,7:12.1,Yes,M,432.1,108.025,277.6484283127944
2051,Jukka Koskiniemi,45,Mustasaari,FIN,,7:12.1,Yes,M,432.1,108.025,277.6484283127944
2051,Fabian Lombris,35,,SUI,,7:12.1,Yes,M,432.1,108.025,277.6484283127944
2051,Jim Orten,55,"Mona, UT",USA,,7:12.1,Yes,M,432.1,108.025,277.6484283127944
2055,Malcolm Ferguson,20,"Atlanta, GA",USA,Georgia Tech Rowing Club,7:12.2,Race,M,432.2,108.05,277.45575071501185
2055,Brendan Tullson,34,,USA,,7:12.2,Yes,M,432.2,108.05,277.45575071501185
2055,福岡 克仁,29,,JPN,,7:12.2,Yes,M,432.2,108.05,277.45575071501185
2058,Robert Collins,57,"Annapolis, MD",USA,Annapolis Rowing Club,7:12.3,Yes,M,432.3,108.075,277.2632513573671
2058,Darren Rich,64,"Des Moines, IA",USA,,7:12.3,Yes,M,432.3,108.075,277.2632513573671
2058,Pierre Clement,65,Ampuis,FRA,FRENCH INDOOR ROWERS TEAM,7:12.3,No,M,432.3,108.075,277.2632513573671
2058,Stuart Paton,58,"Gold Coast, QLD",AUS,,7:12.3,No,M,432.3,108.075,277.2632513573671
2062,Jeff Liipfert,47,"Atlanta, GA",USA,"Atlanta Rowing Club, Inc.",7:12.4,Race,M,432.4,108.1,277.0709300338026
2062,Sebastian Ellis,29,,GBR,,7:12.4,Yes,M,432.4,108.1,277.0709300338026
2064,Bob Burnham,54,,USA,,7:12.5,Yes,M,432.5,108.125,276.87878653854585
2064,Nathan Douay,23,,FRA,,7:12.5,Yes,M,432.5,108.125,276.87878653854585
2064,Thomas Materman,60,Dublin,IRL,,7:12.5,Yes,M,432.5,108.125,276.87878653854585
2067,jem Grey,55,"Bedfordshire, UK",GBR,,7:12.6,Yes,M,432.6,108.15,276.6868206661101
2067,Łukasz Nowiński,35,Siedlce,POL,,7:12.6,Yes,M,432.6,108.15,276.6868206661101
2069,Clem Birdsall,35,,AUS,,7:12.7,Yes,M,432.7,108.175,276.4950322112938
2069,Rowing Duck,56,,CAN,,7:12.7,Yes,M,432.7,108.175,276.4950322112938
2069,Axel Herman,33,Liège,BEL,,7:12.7,Yes,M,432.7,108.175,276.4950322112938
2069,Michael Maier,36,,AUT,,7:12.7,Yes,M,432.7,108.175,276.4950322112938
2069,Arild Nilsen,60,Drammen,NOR,Norwegian Navy,7:12.7,Yes,M,432.7,108.175,276.4950322112938
2069,Philip Stanbury,69,Sidmouth,GBR,Sidmouth Cornish pilot gig rowing club,7:12.7,Yes,M,432.7,108.175,276.4950322112938
2069,Al Kraft,59,"Fargo, ND",USA,Sanford POWER Center Fargo,7:12.7,No,M,432.7,108.175,276.4950322112938
2069,Fergus O Driscoll,57,,IRL,,7:12.7,No,M,432.7,108.175,276.4950322112938
2077,Kay Connor,31,,NOR,,7:12.8,Yes,M,432.8,108.2,276.3034209691787
2077,Mark Evans,60,"Brixham, England",GBR,The Diamonds (Over Sixties Erging Group),7:12.8,Yes,M,432.8,108.2,276.3034209691787
2077,Anthony Sacco,50,"Folsom, CA",USA,,7:12.8,Yes,M,432.8,108.2,276.3034209691787
2080,Wes Barnett,42,"Lyndhurst, NJ",USA,Passaic River Rowing Association,7:12.9,Yes,M,432.9,108.225,276.11198673513195
2080,Nick Bennett,53,Bucks,GBR,SUB-7 IRC,7:12.9,Yes,M,432.9,108.225,276.11198673513195
2080,Guillaume Boillet,49,,USA,Los Gatos Rowing Club,7:12.9,Yes,M,432.9,108.225,276.11198673513195
2080,Andrea Ghira,47,Trieste,ITA,,7:12.9,Yes,M,432.9,108.225,276.11198673513195
2080,Philip Hayward,50,,SGP,,7:12.9,Yes,M,432.9,108.225,276.11198673513195
2080,Paolo Ranalli,51,,ITA,,7:12.9,Yes,M,432.9,108.225,276.11198673513195
2080,Kade French,34,,AUS,Aussie Roos,7:12.9,No,M,432.9,108.225,276.11198673513195
2087,Richard Levell,46,,GBR,,7:13.0,Yes,M,433.0,108.25,275.9207293048028
2087,Mark Lewarne,58,"Mosman, NSW",AUS,Mosman Rowing Club,7:13.0,Yes,M,433.0,108.25,275.9207293048028
2087,Andrew McCabe,37,,USA,,7:13.0,Yes,M,433.0,108.25,275.9207293048028
2087,Dave Pickerd,39,NSW,AUS,,7:13.0,Yes,M,433.0,108.25,275.9207293048028
2087,virgil watson,49,"Trumbull, CT",USA,New Haven Rowing Club,7:13.0,Yes,M,433.0,108.25,275.9207293048028
2087,長﨑 楓太,20,,JPN,,7:13.0,Yes,M,433.0,108.25,275.9207293048028
2094,Ben Watson,22,,GBR,West Norfolk RC,7:13.1,Race,M,433.1,108.275,275.7296484741245
2094,Eduardo Braga,39,Montreal,CAN,,7:13.1,Yes,M,433.1,108.275,275.7296484741245
2094,Simon Davis,52,,GBR,,7:13.1,Yes,M,433.1,108.275,275.7296484741245
2094,Richard Jones,59,,GBR,,7:13.1,Yes,M,433.1,108.275,275.7296484741245
2094,Luka Pavelic,36,Zagreb,CRO,,7:13.1,Yes,M,433.1,108.275,275.7296484741245
2094,Guy Risedorph,48,,USA,,7:13.1,Yes,M,433.1,108.275,275.7296484741245
2094,Jon Taylor,30,,GBR,Gloucester Rowing Club,7:13.1,Yes,M,433.1,108.275,275.7296484741245
2101,Lucas Alonso-Munoyerro Anton,25,"Atlanta, GA",USA,Georgia Tech Rowing Club,7:13.2,Race,M,433.2,108.3,275.5387440393127
2101,Stephen Chapman,49,,GBR,,7:13.2,Yes,M,433.2,108.3,275.5387440393127
2101,Nick Coates,48,Bristol,GBR,,7:13.2,Yes,M,433.2,108.3,275.5387440393127
2101,Richard Cook,46,,GBR,,7:13.2,Yes,M,433.2,108.3,275.5387440393127
2101,Nicolas Dugot,42,Bordeaux,FRA,,7:13.2,Yes,M,433.2,108.3,275.5387440393127
2101,Brad Gott,34,,AUS,,7:13.2,Yes,M,433.2,108.3,275.5387440393127
2101,Austin Hallock,34,,USA,,7:13.2,Yes,M,433.2,108.3,275.5387440393127
2101,Matt Tyler,42,,MEX,,7:13.2,Yes,M,433.2,108.3,275.5387440393127
2101,Marc Wefers,56,"Concord, MA",USA,,7:13.2,Yes,M,433.2,108.3,275.5387440393127
2110,Fernando Bernal,56,MADRID,ESP,Ejército del Aire y del Espacio,7:13.3,Yes,M,433.3,108.325,275.3480157968646
2110,Michael Feigl,50,Geltendorf,GER,Team Ruderathlet,7:13.3,No,M,433.3,108.325,275.3480157968646
2110,Yuji Ujiie,65,Hiratsuka,JPN,,7:13.3,No,M,433.3,108.325,275.3480157968646
2113,Martin B,24,,ARG,,7:13.4,Yes,M,433.4,108.35,275.15746354356
2113,Matthew Brown,47,"Stevens Point, WI",USA,RowAlong,7:13.4,Yes,M,433.4,108.35,275.15746354356
2113,William Endres,65,"Grand Rapids, MI",USA,Rowing for Beer,7:13.4,Yes,M,433.4,108.35,275.15746354356
2116,Ian Tyers,61,,GBR,,7:13.5,Yes,M,433.5,108.375,274.967087076459
2116,Bo Vaughan,17,,USA,,7:13.5,Yes,M,433.5,108.375,274.967087076459
2118,Gareth Dix,42,,GBR,,7:13.6,Yes,M,433.6,108.4,274.7768861929029
2118,Sacha Gimenez,50,"Townsville, QLD",AUS,,7:13.6,Yes,M,433.6,108.4,274.7768861929029
2118,Hans Glick,33,"Albuquerque, NM",USA,Lake Union Crew,7:13.6,Yes,M,433.6,108.4,274.7768861929029
2118,Brendan McAuley,44,Sunderland,IRL,Fitness Matters,7:13.6,Yes,M,433.6,108.4,274.7768861929029
2118,Anton Quist,57,,USA,,7:13.6,Yes,M,433.6,108.4,274.7768861929029
2118,Huw Roberts,41,Anglesey,GBR,Free Spirits,7:13.6,Yes,M,433.6,108.4,274.7768861929029
2118,Donald Sutherland,53,"Arab, AL",USA,Rocket City Rowing Club,7:13.6,Yes,M,433.6,108.4,274.7768861929029
2118,Liam Roche,25,,AUS,,7:13.6,No,M,433.6,108.4,274.7768861929029
2118,Chris Williams,39,,IRL,,7:13.6,No,M,433.6,108.4,274.7768861929029
2127,Francis Santerre,32,"Saint-Jean-Sur-Richelieu, QC",CAN,Canadian Army,7:13.7,Yes,M,433.7,108.425,274.5868606905136
2127,Jens Thomae,48,,GER,,7:13.7,Yes,M,433.7,108.425,274.5868606905136
2127,Carlos BALANA CAP MARARA TAHITI,66,Saint Avertin,PYF,,7:13.7,No,M,433.7,108.425,274.5868606905136
2127,Adnan Tahir,34,,BUL,,7:13.7,No,M,433.7,108.425,274.5868606905136
2131,Ian Bathgate,41,,GBR,,7:13.8,Yes,M,433.8,108.45,274.397010367192
2131,Bouke Dieleman,65,,NED,Empty the Tanks,7:13.8,Yes,M,433.8,108.45,274.397010367192
2131,Cole Lachapelle,15,,USA,,7:13.8,Yes,M,433.8,108.45,274.397010367192
2131,Charles Leduc,53,"Montreal, QC",CAN,,7:13.8,No,M,433.8,108.45,274.397010367192
2135,Cillian Duffy,42,,IRL,,7:13.9,Yes,M,433.9,108.475,274.20733502111943
2135,Matt Evans,63,Bridport,GBR,Bridport Gig Rowing Club,7:13.9,Yes,M,433.9,108.475,274.20733502111943
2135,Juha Niemi,31,,FIN,,7:13.9,Yes,M,433.9,108.475,274.20733502111943
2138,Alex Brennwald,43,,SUI,,7:14.0,Yes,M,434.0,108.5,274.01783445075523
2138,alex cheyne,35,doncaster,GBR,,7:14.0,Yes,M,434.0,108.5,274.01783445075523
2138,Gareth Davies,48,Leicestershire,GBR,,7:14.0,Yes,M,434.0,108.5,274.01783445075523
2138,Joonas Hartikka,36,Turku,FIN,Finnish Defence Forces,7:14.0,Yes,M,434.0,108.5,274.01783445075523
2138,James Innes,42,,USA,,7:14.0,Yes,M,434.0,108.5,274.01783445075523
2138,Christoffer Sørensen,42,Copenhagen,DEN,Danske Studenters Roklub,7:14.0,Yes,M,434.0,108.5,274.01783445075523
2138,Peter Sewell,44,,NZL,,7:14.0,No,M,434.0,108.5,274.01783445075523
2138,Jonas van Eijnsbergen,18,,BEL,,7:14.0,No,M,434.0,108.5,274.01783445075523
2146,John Karnosh,21,"Atlanta, GA",USA,Georgia Tech Rowing Club,7:14.1,Race,M,434.1,108.525,273.82850845483773
2146,Nick Duffy,42,,USA,,7:14.1,Yes,M,434.1,108.525,273.82850845483773
2146,Martin Luirink,66,Waalre,NED,,7:14.1,Yes,M,434.1,108.525,273.82850845483773
2146,Sören Wenzel,44,,GER,,7:14.1,Yes,M,434.1,108.525,273.82850845483773
2146,Mark Williams,45,,GBR,,7:14.1,Yes,M,434.1,108.525,273.82850845483773
2151,Grant Weidekamp,17,"Atlanta, GA",USA,Row Georgia,7:14.2,Race,M,434.2,108.55,273.6393568323836
2151,Alfredo Achecar,52,"Bronx, NY",USA,,7:14.2,Yes,M,434.2,108.55,273.6393568323836
2151,Matthew Curgenven,43,Lindfield,GBR,Ardingly Rowing club,7:14.2,Yes,M,434.2,108.55,273.6393568323836
2151,Matt J,41,,USA,,7:14.2,Yes,M,434.2,108.55,273.6393568323836
2151,Jason Talbot,57,Pork pie land,GBR,Red Line Rowers,7:14.2,Yes,M,434.2,108.55,273.6393568323836
2156,Michael Henry,38,,USA,,7:14.3,Yes,M,434.3,108.575,273.45037938268615
2156,Are Kristiansen,60,Vøyenenga,NOR,The Diamonds (Over Sixties Erging Group),7:14.3,Yes,M,434.3,108.575,273.45037938268615
2156,Mikael Rise,46,,DEN,,7:14.3,Yes,M,434.3,108.575,273.45037938268615
2156,John Rubera,18,"Haverhill/Boston, MA",USA,Boston University,7:14.3,Yes,M,434.3,108.575,273.45037938268615
2156,Frans Saxen,46,"Seattle, WA",USA,Lake Union Crew,7:14.3,Yes,M,434.3,108.575,273.45037938268615
2156,Jasbir Singh,52,"Austin, TX",USA,Texas Rowing Center,7:14.3,Yes,M,434.3,108.575,273.45037938268615
2156,Gerard LALOYAU,70,Montgeron,FRA,,7:14.3,No,M,434.3,108.575,273.45037938268615
2163,Danny Burke,39,,GBR,We Are Invictus,7:14.4,Race,M,434.4,108.6,273.26157590531704
2163,Dmitry Arkhipov,39,Saint-Petersburg,AIN,,7:14.4,Yes,M,434.4,108.6,273.26157590531704
2163,Kay Bieri,49,Thun,SUI,Free Spirits,7:14.4,Yes,M,434.4,108.6,273.26157590531704
2163,Kristian Jensen,57,,NOR,,7:14.4,Yes,M,434.4,108.6,273.26157590531704
2163,Andreas Nilsson,38,Olofström,SWE,Holje Gym,7:14.4,Yes,M,434.4,108.6,273.26157590531704
2163,Krzysztof Rutte,57,Gharghur,POL,,7:14.4,Yes,M,434.4,108.6,273.26157590531704
2163,Andrew Johnston,60,"NV2, Muir of Ord",GBR,,7:14.4,No,M,434.4,108.6,273.26157590531704
2170,Stuart Harris,56,,GBR,CrossFit Kernow,7:14.5,Race,M,434.5,108.625,273.07294620012357
2170,Jason Roe,16,"Atlanta, GA",USA,Columbia Rowing Club,7:14.5,Race,M,434.5,108.625,273.07294620012357
2170,Richard Brantjes,62,Buzet-sur-Tarn,FRA,Montpitol Aviron Club,7:14.5,Yes,M,434.5,108.625,273.07294620012357
2170,Peter Clayton,53,,GBR,,7:14.5,Yes,M,434.5,108.625,273.07294620012357
2170,Theodore Logan,17,Cambridge,GBR,"The King's School, Ely, Boat Club",7:14.5,Yes,M,434.5,108.625,273.07294620012357
2170,Nick Warren,54,Johannesburg,RSA,,7:14.5,Yes,M,434.5,108.625,273.07294620012357
2170,Paul Gallen,72,Athlone,IRL,Athlone Boat Club,7:14.5,No,M,434.5,108.625,273.07294620012357
2170,Mark Hutchison,49,"Burnaby, BC",CAN,Deep Cove Rowing Club,7:14.5,No,M,434.5,108.625,273.07294620012357
2178,Daniel Brown,36,,USA,,7:14.6,Yes,M,434.6,108.65,272.88449006722993
2178,David Dosoudil,48,,GBR,,7:14.6,Yes,M,434.6,108.65,272.88449006722993
2178,Jason Jane,42,CA,USA,Los Gatos Rowing Club,7:14.6,Yes,M,434.6,108.65,272.88449006722993
2178,Ben Morris,48,Bristol,GBR,,7:14.6,Yes,M,434.6,108.65,272.88449006722993
2178,Vincent Muller,49,Leiden,NED,,7:14.6,Yes,M,434.6,108.65,272.88449006722993
2178,Martin Søreng,42,Lillehammer,NOR,,7:14.6,Yes,M,434.6,108.65,272.88449006722993
2178,Ben Willlis,52,Cambridge,GBR,,7:14.6,Yes,M,434.6,108.65,272.88449006722993
2178,Chris Constable,54,,USA,,7:14.6,No,M,434.6,108.65,272.88449006722993
2186,Charlie Kilvert,17,,GBR,Trent Rowing Club,7:14.7,Race,M,434.7,108.675,272.6962073070362
2186,Michael Tracey,52,,GBR,Mike,7:14.7,Race,M,434.7,108.675,272.6962073070362
2186,Mark Banks,56,OH,USA,,7:14.7,Yes,M,434.7,108.675,272.6962073070362
2186,James Faulk,16,,USA,,7:14.7,Yes,M,434.7,108.675,272.6962073070362
2186,Ron Moller,64,"Port Townsend, WA",USA,"Rat Island Rowing & Sculling Club, Port Townsend, WA",7:14.7,Yes,M,434.7,108.675,272.6962073070362
2191,Kyle Boyd,27,Wells,GBR,,7:14.8,Yes,M,434.8,108.7,272.5080977202172
2191,Cam Brown,14,Auckland,NZL,West End Rowing Club,7:14.8,Yes,M,434.8,108.7,272.5080977202172
2191,Jim Burck,61,BC,CAN,The Diamonds (Over Sixties Erging Group),7:14.8,Yes,M,434.8,108.7,272.5080977202172
2191,Dominik G,33,,GER,,7:14.8,Yes,M,434.8,108.7,272.5080977202172
2191,Arash Haile,41,"Los Angeles, CA",USA,,7:14.8,Yes,M,434.8,108.7,272.5080977202172
2191,Jose Miguel Reyes Marín,46,,ESP,,7:14.8,Yes,M,434.8,108.7,272.5080977202172
2191,Marty Schwartz,16,IL,USA,,7:14.8,Yes,M,434.8,108.7,272.5080977202172
2191,Unai Villaro,38,,ESP,,7:14.8,Yes,M,434.8,108.7,272.5080977202172
2191,Col de Legend,51,,GBR,,7:14.8,No,M,434.8,108.7,272.5080977202172
2200,Giles Crown,56,,GBR,,7:14.9,Race,M,434.9,108.725,272.3201611077235
2200,Vladimir Chernatov,44,,AIN,,7:14.9,Yes,M,434.9,108.725,272.3201611077235
2200,Justin Gyton,49,,GBR,,7:14.9,Yes,M,434.9,108.725,272.3201611077235
2200,Garleð Kælebro,56,🇦🇹,AUT,,7:14.9,Yes,M,434.9,108.725,272.3201611077235
2200,Carlos Mona,42,,USA,,7:14.9,Yes,M,434.9,108.725,272.3201611077235
2200,Leo Revko,15,,USA,,7:14.9,Yes,M,434.9,108.725,272.3201611077235
2206,John Walsh,57,,GBR,,7:15.0,Race,M,435.0,108.75,272.13239727077934
2206,James Chiscariu,16,Shropshire,GBR,,7:15.0,Yes,M,435.0,108.75,272.13239727077934
2206,José Ramón Del Pino,33,,GBR,Hexham Rowing Club,7:15.0,Yes,M,435.0,108.75,272.13239727077934
2206,Rich Jones,46,"Maywood, NJ",USA,Worcester Polytechnic Institute,7:15.0,Yes,M,435.0,108.75,272.13239727077934
2206,Cameron Torrance,54,,AUS,,7:15.0,No,M,435.0,108.75,272.13239727077934
2211,Jonathan Cohen,61,"Plano, TX",USA,The Diamonds (Over Sixties Erging Group),7:15.1,Yes,M,435.1,108.775,271.94480601088355
2211,Justin Coles,35,,GBR,,7:15.1,Yes,M,435.1,108.775,271.94480601088355
2211,John Oxley,59,"Rothesay 🇨🇦, NB",CAN,Kennebecasis Rowing Club,7:15.1,Yes,M,435.1,108.775,271.94480601088355
2211,Maik Zentner,42,,AFG,,7:15.1,Yes,M,435.1,108.775,271.94480601088355
2215,Matthew Houlihan,45,,GBR,,7:15.2,Race,M,435.2,108.8,271.7573871298087
2215,Claus Fey,44,,DEN,,7:15.2,Yes,M,435.2,108.8,271.7573871298087
2215,James McKee,39,,IRL,,7:15.2,Yes,M,435.2,108.8,271.7573871298087
2215,Tim Povey,55,,GBR,Kingston Rowing Club,7:15.2,Yes,M,435.2,108.8,271.7573871298087
2215,Jim Roberts,22,,GBR,,7:15.2,Yes,M,435.2,108.8,271.7573871298087
2220,Dario Cesarotto,31,,ITA,,7:15.3,Yes,M,435.3,108.825,271.57014042959986
2220,Marko Cvokic,43,,FRA,,7:15.3,Yes,M,435.3,108.825,271.57014042959986
2220,Ollie Till,42,,GBR,,7:15.3,Yes,M,435.3,108.825,271.57014042959986
2220,Dennis Veismann,33,,GER,,7:15.3,Yes,M,435.3,108.825,271.57014042959986
2224,Du Hai,32,,GER,,7:15.4,Yes,M,435.4,108.85,271.3830657125755
2224,James Hearson,45,Melton Mowbray,GBR,,7:15.4,Yes,M,435.4,108.85,271.3830657125755
2224,D K,51,,NED,,7:15.4,Yes,M,435.4,108.85,271.3830657125755
2224,Alexandre Marcus,47,Saint Galmier,FRA,,7:15.4,Yes,M,435.4,108.85,271.3830657125755
2224,Hunter Marshall,51,,USA,,7:15.4,Yes,M,435.4,108.85,271.3830657125755
2224,Matt Pitchforth,41,Twickenham,GBR,S2 4SU Rowing Club,7:15.4,Yes,M,435.4,108.85,271.3830657125755
2224,Grzegorz Szopa,57,,POL,,7:15.4,Yes,M,435.4,108.85,271.3830657125755
2224,Sam Webster,50,"Rochester, NY",USA,Rochester Boat Club,7:15.4,Yes,M,435.4,108.85,271.3830657125755
2224,Palmy Galician,43,,AUS,CYSM Sea Dragons,7:15.4,No,M,435.4,108.85,271.3830657125755
2233,Dario Guerra Munoz,16,"Farifax, VA",USA,,7:15.5,Yes,M,435.5,108.875,271.1961627813258
2233,Florian Konicek,46,Wien,AUT,,7:15.5,Yes,M,435.5,108.875,271.1961627813258
2233,Jesus Navarro Orts,28,,ESP,,7:15.5,Yes,M,435.5,108.875,271.1961627813258
2233,Sergio Roldan,39,"Ottawa, ON",CAN,,7:15.5,Yes,M,435.5,108.875,271.1961627813258
2237,Mike Gatlin,39,"Forest City, IA",USA,GARAGEATHLETE,7:15.6,Yes,M,435.6,108.9,271.00943143871336
2237,Drew Hoyt,36,,USA,,7:15.6,Yes,M,435.6,108.9,271.00943143871336
2237,Elijah Magrane,45,,USA,,7:15.6,Yes,M,435.6,108.9,271.00943143871336
2237,Tomáš Pluhař,45,,CZE,,7:15.6,Yes,M,435.6,108.9,271.00943143871336
2237,Victor Sukacz,59,"Adelaide, SA",AUS,,7:15.6,Yes,M,435.6,108.9,271.00943143871336
2242,Ethan Roberts,23,,GBR,"STRATFORD UPON AVON ROWING CLUB, AND WORCESTER ROWING CLUB",7:15.7,Race,M,435.7,108.925,270.82287148787196
2242,Andreas Amundin,53,Täby Kyrkby :-),SWE,,7:15.7,Yes,M,435.7,108.925,270.82287148787196
2242,Vladimir Cudek,46,Lazany,CZE,,7:15.7,Yes,M,435.7,108.925,270.82287148787196
2242,Chuck Hayward,40,"Gorham, ME",USA,,7:15.7,Yes,M,435.7,108.925,270.82287148787196
2242,Rouven Sacha,50,,DEN,,7:15.7,Yes,M,435.7,108.925,270.82287148787196
2242,Johnny Village,62,Brixham,GBR,Brixham Gig Club,7:15.7,Yes,M,435.7,108.925,270.82287148787196
2242,Patrick Wright,34,,AUS,,7:15.7,Yes,M,435.7,108.925,270.82287148787196
2249,Mark Carlton,39,,AUS,,7:15.8,Yes,M,435.8,108.95,270.636482732206
2249,Matt Graham,39,"ottawa, ON",CAN,,7:15.8,Yes,M,435.8,108.95,270.636482732206
2249,Petr Kucera,41,,CZE,,7:15.8,Yes,M,435.8,108.95,270.636482732206
2249,Michael Metzger,62,"Haddonfield, NJ",USA,,7:15.8,Yes,M,435.8,108.95,270.636482732206
2249,Karel van Brederode,58,Almere,NED,,7:15.8,Yes,M,435.8,108.95,270.636482732206
2249,Adam Edwards,43,,USA,,7:15.8,No,M,435.8,108.95,270.636482732206
2249,Frederick Pattyn,48,Koksijde,BEL,EXR Rowing,7:15.8,No,M,435.8,108.95,270.636482732206
2256,Jacob Bachman,18,"Atlanta, GA",USA,Lake Lanier Rowing Club,7:15.9,Race,M,435.9,108.975,270.45026497539124
2256,Gerardo Ortiz,50,"Atlanta, GA",USA,Unaffiliated (USA),7:15.9,Race,M,435.9,108.975,270.45026497539124
2256,Matt Gries,40,,USA,,7:15.9,Yes,M,435.9,108.975,270.45026497539124
2256,Chris Knight,36,,GBR,,7:15.9,Yes,M,435.9,108.975,270.45026497539124
2256,Brad Stevenson,47,WA,USA,,7:15.9,Yes,M,435.9,108.975,270.45026497539124
2256,Mike Williamson,44,,GBR,,7:15.9,Yes,M,435.9,108.975,270.45026497539124
2262,Roland Rebek,38,,HUN,Hastings Rowing club,7:16.0,Race,M,436.0,109.0,270.26421802137247
2262,Stephan Mölls,57,Leobendorf,AUT,,7:16.0,Yes,M,436.0,109.0,270.26421802137247
2262,Greig Rapley,49,,RSA,,7:16.0,Yes,M,436.0,109.0,270.26421802137247
2262,Peter Wohlfart,45,Lomma,SWE,,7:16.0,Yes,M,436.0,109.0,270.26421802137247
2262,Tom Carpenter,65,"Kingston, ON",CAN,,7:16.0,No,M,436.0,109.0,270.26421802137247
2267,Christopher Zeiner,45,,USA,GARAGEATHLETE,7:16.1,Yes,M,436.1,109.025,270.0783416743651
2268,Tom Grosvenor,31,,GBR,,7:16.2,Race,M,436.2,109.05,269.8926357388535
2268,Bryce Asselin,15,,USA,,7:16.2,Yes,M,436.2,109.05,269.8926357388535
2268,Bodo Brzenk,65,Windhagen,GER,The Diamonds (Over Sixties Erging Group),7:16.2,Yes,M,436.2,109.05,269.8926357388535
2268,Colin Quirke,46,Cork,IRL,,7:16.2,Yes,M,436.2,109.05,269.8926357388535
2272,David Cain,47,"Lafayette, CO",USA,Yale Alumni,7:16.3,Yes,M,436.3,109.075,269.70710001959054
2272,Rob Cottam,44,,GBR,,7:16.3,Yes,M,436.3,109.075,269.70710001959054
2272,Kevin McNerney,61,"Columbia, SC",USA,U.S. Marines,7:16.3,Yes,M,436.3,109.075,269.70710001959054
2272,Leo Cambridge,15,,AUS,Sydney Rowing Club,7:16.3,No,M,436.3,109.075,269.70710001959054
2272,Dean Phelan,59,"Melbourne, VIC",AUS,,7:16.3,No,M,436.3,109.075,269.70710001959054
2277,Yoni Anderson,17,,USA,Evanston Rowing Club,7:16.4,Yes,M,436.4,109.1,269.52173432159793
2277,Aren Faklis,43,"Grand Rapids, MI",USA,,7:16.4,Yes,M,436.4,109.1,269.52173432159793
2277,FRANCESCO PERCONTI,48,Trevignano Romano (RM),ITA,,7:16.4,Yes,M,436.4,109.1,269.52173432159793
2277,Wim Ter beek,57,,NED,,7:16.4,Yes,M,436.4,109.1,269.52173432159793
2277,Jason Wolfe,26,,USA,,7:16.4,Yes,M,436.4,109.1,269.52173432159793
2282,Jeffrey Montanari,51,"Interlaken, NJ",USA,,7:16.5,Yes,M,436.5,109.125,269.3365384501648
2282,Todd Ogrin,50,MD,USA,,7:16.5,Yes,M,436.5,109.125,269.3365384501648
2284,Paul Fischer,54,CA,USA,Los Angeles Rowing Club,7:16.6,Yes,M,436.6,109.15,269.15151221084835
2284,Roger Graham,54,Cape Town,RSA,,7:16.6,Yes,M,436.6,109.15,269.15151221084835
2284,David Lopez,36,,USA,,7:16.6,Yes,M,436.6,109.15,269.15151221084835
2284,Niall McKenzie,41,Motherwell,GBR,,7:16.6,Yes,M,436.6,109.15,269.15151221084835
2284,Andrew McLaughlin,46,,USA,,7:16.6,Yes,M,436.6,109.15,269.15151221084835
2289,Robert Chevli,55,Lincoln,GBR,Royal Air Force (UK),7:16.7,Yes,M,436.7,109.175,268.96665540947276
2289,Piotr Czerpak,42,,POL,,7:16.7,Yes,M,436.7,109.175,268.96665540947276
2289,Colby H,14,,USA,,7:16.7,Yes,M,436.7,109.175,268.96665540947276
2289,Petro K,40,Kyiv,UKR,,7:16.7,Yes,M,436.7,109.175,268.96665540947276
2289,Mitchell Marks,43,,USA,,7:16.7,Yes,M,436.7,109.175,268.96665540947276
2289,John Moors,60,Poole,GBR,,7:16.7,Yes,M,436.7,109.175,268.96665540947276
2289,Steve Nelson,44,,GBR,,7:16.7,Yes,M,436.7,109.175,268.96665540947276
2289,Roland POIROT_La Passepierre Château-Salins,44,Haraucourt/Seille,FRA,Mittersheim US,7:16.7,Yes,M,436.7,109.175,268.96665540947276
2289,Fabien Tourde,46,,FRA,,7:16.7,Yes,M,436.7,109.175,268.96665540947276
2289,Pål Wilhelmsen,46,Tønsberg,NOR,DSB-kjellern Roklubb,7:16.7,Yes,M,436.7,109.175,268.96665540947276
2299,Zachary Benke,32,WI,USA,,7:16.8,Yes,M,436.8,109.2,268.7819678521284
2299,Geraint Evans,65,Dursley,GBR,,7:16.8,Yes,M,436.8,109.2,268.7819678521284
2299,Max Huhn,38,,GER,,7:16.8,Yes,M,436.8,109.2,268.7819678521284
2302,Russell Brayshaw,66,,GBR,,7:16.9,Race,M,436.9,109.225,268.5974493451726
2302,Richard Collinson,45,,GBR,,7:16.9,Yes,M,436.9,109.225,268.5974493451726
2302,Aris Siegfrid Serquina,44,,PHI,,7:16.9,Yes,M,436.9,109.225,268.5974493451726
2302,Ryan Shields,44,,NZL,,7:16.9,Yes,M,436.9,109.225,268.5974493451726
2306,Paul Marsden,39,,GBR,,7:17.0,Yes,M,437.0,109.25,268.4130996952277
2306,Matt McMaster,33,"Nanaimo, BC",CAN,University of Waterloo,7:17.0,Yes,M,437.0,109.25,268.4130996952277
2306,mtz mtz,41,,GER,Darkhorse Rowing,7:17.0,Yes,M,437.0,109.25,268.4130996952277
2306,Angel Perez,38,,ESP,,7:17.0,Yes,M,437.0,109.25,268.4130996952277
2310,Rémi Cathelin,45,,FRA,,7:17.1,Yes,M,437.1,109.275,268.2289187091821
2310,Fred Kirk,64,"Peabody, MA",USA,,7:17.1,Yes,M,437.1,109.275,268.2289187091821
2310,Jevan Raynor,34,,GBR,Royal Navy (UK),7:17.1,Yes,M,437.1,109.275,268.2289187091821
2310,Paul Chick,56,,GBR,Fitness Matters,7:17.1,No,M,437.1,109.275,268.2289187091821
2314,Leon Childs,38,QLD,AUS,,7:17.2,Yes,M,437.2,109.3,268.044906194189
2314,Hector Contreras,42,,MEX,,7:17.2,Yes,M,437.2,109.3,268.044906194189
2314,Daniel Falk,54,,GER,,7:17.2,Yes,M,437.2,109.3,268.044906194189
2314,Rafal Habrat,42,"Los Gatos, CA",USA,Los Gatos Rowing Club,7:17.2,Yes,M,437.2,109.3,268.044906194189
2314,Graham Harriman,38,"Victoria , BC",CAN,Blue Strength Fitness,7:17.2,Yes,M,437.2,109.3,268.044906194189
2314,vince harriman,57,"Annapolis, MD",USA,,7:17.2,Yes,M,437.2,109.3,268.044906194189
2314,Dirk Hellmuth,48,Duisburg,GER,SUB-7 IRC,7:17.2,Yes,M,437.2,109.3,268.044906194189
2314,Brian Jackson,54,NSW,AUS,,7:17.2,Yes,M,437.2,109.3,268.044906194189
2314,Vishnu Kini,17,,USA,Sammamish Rowing,7:17.2,Yes,M,437.2,109.3,268.044906194189
2314,Patrick Neary,35,Worcester,GBR,Worcester Rowing Club,7:17.2,Yes,M,437.2,109.3,268.044906194189
2314,Rob McMurtry,57,"Coquitlam, BC",CAN,Inlet Rowing Club,7:17.2,No,M,437.2,109.3,268.044906194189
2325,Lane Olsen,19,,USA,St. Olaf Rowing Club,7:17.3,Race,M,437.3,109.325,267.8610619576658
2325,Nick Efthimiou,39,,AUS,,7:17.3,Yes,M,437.3,109.325,267.8610619576658
2325,Daniel Oravetz,39,"Yakima, WA",USA,USAF Veterans,7:17.3,Yes,M,437.3,109.325,267.8610619576658
2325,Martin Rydel,47,"Nashville, GA",USA,,7:17.3,Yes,M,437.3,109.325,267.8610619576658
2325,Nick Holland,65,Bridgnorth,GBR,Remigo Ergo Sum,7:17.3,No,M,437.3,109.325,267.8610619576658
2330,Andrew Scott,54,,GBR,Seal PT Indoor rowing team,7:17.4,Race,M,437.4,109.35,267.67738580729457
2330,William Edmondson,57,,GBR,,7:17.4,Yes,M,437.4,109.35,267.67738580729457
2330,Kyle Martelle,40,,AUS,,7:17.4,Yes,M,437.4,109.35,267.67738580729457
2330,Graham McLellan,45,,NZL,,7:17.4,Yes,M,437.4,109.35,267.67738580729457
2330,James Hooper,53,,GBR,,7:17.4,No,M,437.4,109.35,267.67738580729457
2330,Charles Kingston,51,,NZL,,7:17.4,No,M,437.4,109.35,267.67738580729457
2336,Silvio Welkner,47,,GER,,7:17.5,Yes,M,437.5,109.375,267.4938775510204
2337,Martin Casson-Grave,42,,GBR,lancaster John O'Gaunt,7:17.6,Race,M,437.6,109.4,267.31053699705217
2337,Danilo Bürger,38,Augsburg,GER,,7:17.6,Yes,M,437.6,109.4,267.31053699705217
2337,Gareth Deacon,32,,AUS,,7:17.6,Yes,M,437.6,109.4,267.31053699705217
2337,Gastón Goñi Canosa,52,Tigre,ARG,,7:17.6,Yes,M,437.6,109.4,267.31053699705217
2337,Rob Wright,58,"Media, PA",USA,,7:17.6,Yes,M,437.6,109.4,267.31053699705217
2342,Roger Chandler,54,,USA,,7:17.7,Yes,M,437.7,109.425,267.1273639538616
2342,Glen Crawford,55,"Villanova, PA",USA,U.S. Air Force Veteran,7:17.7,Yes,M,437.7,109.425,267.1273639538616
2342,Harry Fine,62,,AUS,,7:17.7,Yes,M,437.7,109.425,267.1273639538616
2342,Doug Fripp,46,,GBR,,7:17.7,Yes,M,437.7,109.425,267.1273639538616
2342,Saku Halttunen,29,,FIN,,7:17.7,Yes,M,437.7,109.425,267.1273639538616
2342,James Miller,38,,GBR,,7:17.7,Yes,M,437.7,109.425,267.1273639538616
2342,Alex Sandrey,45,,GBR,Reading Rowing Club (UK),7:17.7,Yes,M,437.7,109.425,267.1273639538616
2342,Tyler Speed,36,,USA,U.S. Navy,7:17.7,Yes,M,437.7,109.425,267.1273639538616
2342,Noah Taub,16,,USA,,7:17.7,Yes,M,437.7,109.425,267.1273639538616
2342,John Faithful,62,"Townsville, QLD",AUS,The Diamonds (Over Sixties Erging Group),7:17.7,No,M,437.7,109.425,267.1273639538616
2342,Robert Morgan,55,"Egg Harbor Township, NJ",USA,,7:17.7,No,M,437.7,109.425,267.1273639538616
2353,Austin Browne,29,,USA,,7:17.8,Yes,M,437.8,109.45,266.9443582301824
2353,Jérôme duwez,37,Chambéry,FRA,,7:17.8,Yes,M,437.8,109.45,266.9443582301824
2353,Jeff Gonzales,33,,USA,,7:17.8,Yes,M,437.8,109.45,266.9443582301824
2353,Ian Hall,50,,AUS,,7:17.8,Yes,M,437.8,109.45,266.9443582301824
2353,Jonny Lindsay,41,Coleraine,GBR,,7:17.8,Yes,M,437.8,109.45,266.9443582301824
2353,John Muse,63,"Bryn Mawr, PA",USA,,7:17.8,Yes,M,437.8,109.45,266.9443582301824
2353,Matt Sargent,56,"St. Paul, MN",USA,Minneapolis Rowing Club,7:17.8,Yes,M,437.8,109.45,266.9443582301824
2360,Simon Bessant,44,,GBR,,7:17.9,Yes,M,437.9,109.475,266.7615196350109
2360,Jon G,38,,USA,U.S. Air Force Veteran,7:17.9,Yes,M,437.9,109.475,266.7615196350109
2360,Miłosz Jurgiel,32,,POL,,7:17.9,Yes,M,437.9,109.475,266.7615196350109
2360,Aarón SB,25,Barcelona,ESP,,7:17.9,Yes,M,437.9,109.475,266.7615196350109
2360,Chotichanit Soonthornsima,33,,THA,Thailand Rowing,7:17.9,Yes,M,437.9,109.475,266.7615196350109
2365,Michael Colledge,46,,GBR,,7:18.0,Yes,M,438.0,109.5,266.5788479776043
2365,Pau Cortes,52,MN,USA,Minneapolis Rowing Club,7:18.0,Yes,M,438.0,109.5,266.5788479776043
2365,Jani Marok,61,Devon,GBR,The Diamonds (Over Sixties Erging Group),7:18.0,Yes,M,438.0,109.5,266.5788479776043
2365,Robert O Donovan,46,,IRL,,7:18.0,Yes,M,438.0,109.5,266.5788479776043
2365,Jeroen Seynaeve,49,,BEL,,7:18.0,Yes,M,438.0,109.5,266.5788479776043
2365,Paul Astley,56,Herzogenaurach,GER,,7:18.0,No,M,438.0,109.5,266.5788479776043
2371,Matthew Ciolfi,27,DM Kineton,GBR,,7:18.1,Yes,M,438.1,109.525,266.39634306748155
2371,Andy Daniels,46,,AUS,,7:18.1,Yes,M,438.1,109.525,266.39634306748155
2371,Johan Denekamp,65,London,GBR,"Leander Club, Henley-on-Thames",7:18.1,Yes,M,438.1,109.525,266.39634306748155
2371,Jan Garvik,58,Gothenburg,SWE,Darkhorse Rowing,7:18.1,Yes,M,438.1,109.525,266.39634306748155
2371,Franck Lepage,56,Blois,FRA,Aviron Blesois,7:18.1,Yes,M,438.1,109.525,266.39634306748155
2371,kyle rogerson,48,"Bend, OR",USA,,7:18.1,Yes,M,438.1,109.525,266.39634306748155
2371,Marcus Tang,16,,CHN,,7:18.1,Yes,M,438.1,109.525,266.39634306748155
2371,James Turner,52,Hamilton,NZL,,7:18.1,Yes,M,438.1,109.525,266.39634306748155
2371,Sean Wayani,20,"San Diego, CA",USA,UCSB,7:18.1,Yes,M,438.1,109.525,266.39634306748155
2371,Tom McKinney,15,"vancouver, BC",CAN,,7:18.1,No,M,438.1,109.525,266.39634306748155
2381,Alex Heath,16,,GBR,"Queen Elizabeth High School, Rowing Club",7:18.2,Race,M,438.2,109.55,266.21400471442246
2381,George Osborne,17,,GBR,Wrekin College,7:18.2,Race,M,438.2,109.55,266.21400471442246
2381,Joe Brutton,53,,GBR,Derwent Rowing Club (UK),7:18.2,Yes,M,438.2,109.55,266.21400471442246
2381,Michael Orr,65,,USA,,7:18.2,Yes,M,438.2,109.55,266.21400471442246
2381,Mike Channin,54,Wickford,GBR,Free Spirits,7:18.2,No,M,438.2,109.55,266.21400471442246
2386,Henry Cribbs,14,,USA,,7:18.3,Yes,M,438.3,109.575,266.0318327284663
2386,Chris Hackley,66,Oxfordshire,GBR,The Diamonds (Over Sixties Erging Group),7:18.3,Yes,M,438.3,109.575,266.0318327284663
2386,Ulrich Ixkes,60,Lanark,GBR,,7:18.3,Yes,M,438.3,109.575,266.0318327284663
2386,Atli Vestergård,51,,FRO,,7:18.3,Yes,M,438.3,109.575,266.0318327284663
2386,Steen Wilson,24,"Edmonton, AB",CAN,,7:18.3,Yes,M,438.3,109.575,266.0318327284663
2386,Jonathan Zisko,41,,USA,,7:18.3,Yes,M,438.3,109.575,266.0318327284663
2392,Samuel Fowkes,22,,GBR,Hartpury University and College Boat Club,7:18.4,Race,M,438.4,109.6,265.8498269199134
2392,Robert Darke,37,,GBR,,7:18.4,Yes,M,438.4,109.6,265.8498269199134
2392,Toby Martlew,40,,GBR,,7:18.4,Yes,M,438.4,109.6,265.8498269199134
2392,Daniel Curtis,52,,GBR,,7:18.4,No,M,438.4,109.6,265.8498269199134
2392,Joe Steccato,60,"Thornwood, NY",USA,IONA COLLEGE,7:18.4,No,M,438.4,109.6,265.8498269199134
2397,Clayton Adams,16,CT,USA,,7:18.5,Yes,M,438.5,109.625,265.66798709932266
2397,Karl-Gustav Falkenbergh,56,Finström,FIN,,7:18.5,Yes,M,438.5,109.625,265.66798709932266
2397,Lukas Gerhard,43,,GER,,7:18.5,Yes,M,438.5,109.625,265.66798709932266
2397,Chris Gibbons,42,,CAN,,7:18.5,Yes,M,438.5,109.625,265.66798709932266
2397,Barney Grainger,47,,GBR,Reading Rowing Club (UK),7:18.5,Yes,M,438.5,109.625,265.66798709932266
2397,Casey Mahon,40,,USA,Green Lake Adult Crew,7:18.5,Yes,M,438.5,109.625,265.66798709932266
2397,Jon Ross-Wiley,51,"Greenwich, CT",USA,,7:18.5,Yes,M,438.5,109.625,265.66798709932266
2397,Matt Storey,46,,GBR,,7:18.5,Yes,M,438.5,109.625,265.66798709932266
2397,Joël Saurin,58,,FRA,,7:18.5,No,M,438.5,109.625,265.66798709932266
2406,Florian Daxberger,33,,AUT,,7:18.6,Yes,M,438.6,109.65,265.48631307751253
2406,Adam Eggum,33,,USA,,7:18.6,Yes,M,438.6,109.65,265.48631307751253
2406,Adam Hanger,37,,GBR,Eastbourne Rowing Club,7:18.6,Yes,M,438.6,109.65,265.48631307751253
2406,Thomas Hayden,16,,IRL,,7:18.6,Yes,M,438.6,109.65,265.48631307751253
2406,Lasse Henriksen,43,,NOR,,7:18.6,Yes,M,438.6,109.65,265.48631307751253
2406,Cédric Huygens,20,,BEL,,7:18.6,Yes,M,438.6,109.65,265.48631307751253
2406,Daryl Sneath,49,"Seagrave, ON",CAN,,7:18.6,Yes,M,438.6,109.65,265.48631307751253
2413,John Corbett,41,,GBR,,7:18.7,Yes,M,438.7,109.675,265.30480466556037
2413,Adam Galley,43,"Birmingham, AL",USA,,7:18.7,Yes,M,438.7,109.675,265.30480466556037
2413,Mukunth Karunakaran,30,,IND,,7:18.7,Yes,M,438.7,109.675,265.30480466556037
2413,Tommi Nieminen,52,,FIN,,7:18.7,Yes,M,438.7,109.675,265.30480466556037
2413,David Windybank,52,Surrey,GBR,,7:18.7,Yes,M,438.7,109.675,265.30480466556037
2413,Dirk Huth,61,Bonn,GER,,7:18.7,No,M,438.7,109.675,265.30480466556037
2419,Tony Nash,55,,GBR,,7:18.8,Race,M,438.8,109.7,265.1234616748011
2419,Jason Benn,55,"Caves Beach, NSW",AUS,,7:18.8,Yes,M,438.8,109.7,265.1234616748011
2419,Owen Chesley,15,"Oakton, VA",USA,,7:18.8,Yes,M,438.8,109.7,265.1234616748011
2419,Drew Hawkins,38,,USA,,7:18.8,Yes,M,438.8,109.7,265.1234616748011
2419,Wes Swindale,48,"Cairns, QLD",AUS,,7:18.8,Yes,M,438.8,109.7,265.1234616748011
2419,Austin Vincent,37,,GBR,Furnivall Sculling Club,7:18.8,Yes,M,438.8,109.7,265.1234616748011
2419,Axel Vorbauer,54,Vienna,AUT,,7:18.8,Yes,M,438.8,109.7,265.1234616748011
2419,John Ward,60,"Missourit City, TX",USA,U.S. Navy Veteran,7:18.8,Yes,M,438.8,109.7,265.1234616748011
2419,Aneirin Glyn,49,,GBR,,7:18.8,No,M,438.8,109.7,265.1234616748011
2419,Jack Sanderson,68,"Boston, MA",USA,The Diamonds (Over Sixties Erging Group),7:18.8,No,M,438.8,109.7,265.1234616748011
2429,Ethan Blackwell,21,"Atlanta, GA",USA,Auburn University Rowing Club,7:18.9,Race,M,438.9,109.725,264.9422839168282
2429,Martin Skehan,64,,IRL,GymMostyn,7:18.9,Race,M,438.9,109.725,264.9422839168282
2429,Andy Scott,58,York,GBR,,7:18.9,Yes,M,438.9,109.725,264.9422839168282
2429,Mark Whittaker,59,"Berry, NSW",AUS,"Shoalhaven Rowing Club , Australia",7:18.9,Yes,M,438.9,109.725,264.9422839168282
2433,alejandro dorado,40,,USA,,7:19.0,Yes,M,439.0,109.75,264.7612712034921
2433,Jan Graham,58,"Chessington, Sy",GBR,Royal Engineers,7:19.0,Yes,M,439.0,109.75,264.7612712034921
2433,Filip Huwaert,62,Mélin,BEL,The Diamonds (Over Sixties Erging Group),7:19.0,Yes,M,439.0,109.75,264.7612712034921
2433,Simon Lunn,51,,GBR,,7:19.0,Yes,M,439.0,109.75,264.7612712034921
2433,Felipe Sanchez,46,,ESP,,7:19.0,Yes,M,439.0,109.75,264.7612712034921
2433,Benjamin Smith,41,"New Orleans, LA",USA,,7:19.0,Yes,M,439.0,109.75,264.7612712034921
2433,Alan Taylor,48,Aberdeen,GBR,,7:19.0,Yes,M,439.0,109.75,264.7612712034921
2433,David Woo,49,,GBR,,7:19.0,Yes,M,439.0,109.75,264.7612712034921
2433,John Offord,65,Rugby,GBR,,7:19.0,No,M,439.0,109.75,264.7612712034921
2442,Eric Lindberg,40,"Kirkland, WA",USA,Kenmore Community Rowing Club,7:19.1,Yes,M,439.1,109.775,264.5804233469005
2442,Lars Meldgård,54,,DEN,,7:19.1,Yes,M,439.1,109.775,264.5804233469005
2442,Michael Melling,40,"Southend, essex",GBR,,7:19.1,Yes,M,439.1,109.775,264.5804233469005
2442,Connor Rasulo,16,,USA,,7:19.1,Yes,M,439.1,109.775,264.5804233469005
2446,Menno den Oude,51,,NED,,7:19.2,Yes,M,439.2,109.8,264.3997401594179
2446,Mackenzie Dow,34,NJ,USA,,7:19.2,Yes,M,439.2,109.8,264.3997401594179
2446,Daniel Drage,37,,GBR,Wally Challenge Rowing Club (WCRC),7:19.2,Yes,M,439.2,109.8,264.3997401594179
2446,Andy Gray,52,KNUTSFORD,GBR,,7:19.2,Yes,M,439.2,109.8,264.3997401594179
2446,Bennet Kröpke,29,Hamburg,GER,,7:19.2,Yes,M,439.2,109.8,264.3997401594179
2446,Zachary Ledyard,32,,USA,,7:19.2,Yes,M,439.2,109.8,264.3997401594179
2446,Mick Proud,57,Naminya,UGA,British Forces Veterans,7:19.2,Yes,M,439.2,109.8,264.3997401594179
2446,Garry Rhoades,51,,GBR,,7:19.2,Yes,M,439.2,109.8,264.3997401594179
2454,Max Haddock,19,,GBR,Reading University Boat Club / Guildford Rowing Club,7:19.3,Race,M,439.3,109.825,264.2192214536645
2454,Boson Bai,15,"Andover, MA",USA,,7:19.3,Yes,M,439.3,109.825,264.2192214536645
2454,Clemens Czech,57,Diez,GER,,7:19.3,Yes,M,439.3,109.825,264.2192214536645
2454,Jonathan Elderkamp,38,,NED,,7:19.3,Yes,M,439.3,109.825,264.2192214536645
2454,JOEL HAMILTON,35,"Camel City, NC",USA,,7:19.3,Yes,M,439.3,109.825,264.2192214536645
2454,Ethan Hoffman,16,VA,USA,,7:19.3,Yes,M,439.3,109.825,264.2192214536645
2454,Mikkel Holm Matthiassen,27,,DEN,,7:19.3,Yes,M,439.3,109.825,264.2192214536645
2454,lavell walton,50,,USA,USMC Veterans,7:19.3,Yes,M,439.3,109.825,264.2192214536645
2454,Charles Workman,34,,GBR,British Army,7:19.3,Yes,M,439.3,109.825,264.2192214536645
2463,Brant Taylor,67,Bradford,GBR,The Diamonds (Over Sixties Erging Group),7:19.4,Race,M,439.4,109.85,264.03886704251687
2463,Henry Wischusen,73,"Atlanta, GA",USA,Unaffiliated (AFG),7:19.4,Race,M,439.4,109.85,264.03886704251687
2463,Cullen Archer,52,"Fort Worth, TX",USA,Fort Worth Rowing Club,7:19.4,Yes,M,439.4,109.85,264.03886704251687
2463,Great Coffee,40,,CAN,,7:19.4,Yes,M,439.4,109.85,264.03886704251687
2463,Andy Conn,59,,GBR,,7:19.4,Yes,M,439.4,109.85,264.03886704251687
2463,Daniel Hoch-Kraft,47,,GER,,7:19.4,Yes,M,439.4,109.85,264.03886704251687
2463,Harlan Ilett,34,,GBR,,7:19.4,Yes,M,439.4,109.85,264.03886704251687
2463,Paulo Vilaverde,53,,POR,,7:19.4,Yes,M,439.4,109.85,264.03886704251687
2463,Malte Wehowski,23,,GER,,7:19.4,Yes,M,439.4,109.85,264.03886704251687
2463,JIE YU,36,,CHN,,7:19.4,Yes,M,439.4,109.85,264.03886704251687
2473,Ezak B,38,,CAN,,7:19.5,Yes,M,439.5,109.875,263.8586767391065
2473,Rick Heyer,57,CA,USA,,7:19.5,Yes,M,439.5,109.875,263.8586767391065
2473,John Hoskins,61,"Falls Church, VA",USA,The Diamonds (Over Sixties Erging Group),7:19.5,Yes,M,439.5,109.875,263.8586767391065
2473,Tim Hutton,49,,GBR,"St Radegund Boat Club, Cambridge, UK",7:19.5,Yes,M,439.5,109.875,263.8586767391065
2473,Nicolas Marra,37,,FRA,,7:19.5,Yes,M,439.5,109.875,263.8586767391065
2473,Kilian Rault,45,,IRL,Passage West Rowing Club,7:19.5,Yes,M,439.5,109.875,263.8586767391065
2473,Nick Sprague,58,,GBR,,7:19.5,Yes,M,439.5,109.875,263.8586767391065
2473,Ian Nelson,15,,USA,,7:19.5,No,M,439.5,109.875,263.8586767391065
2473,Paul Scaife,59,London,GBR,,7:19.5,No,M,439.5,109.875,263.8586767391065
2482,Jared Heymann,44,"The Woodlands, TX",USA,Duke University,7:19.6,Yes,M,439.6,109.9,263.6786503568201
2482,Guy Laycock,46,Manchester,GBR,Darkhorse Rowing,7:19.6,Yes,M,439.6,109.9,263.6786503568201
2482,Kevin MEYFROOT,38,zedelgem,BEL,,7:19.6,Yes,M,439.6,109.9,263.6786503568201
2485,Conor Carr,34,"Longmont, CO",USA,reddit /r/ rowing,7:19.7,Yes,M,439.7,109.925,263.49878770929934
2485,Stefano Crispi,58,,ITA,Bunch of Stars,7:19.7,Yes,M,439.7,109.925,263.49878770929934
2485,Lou Jeanneau,34,,FRA,,7:19.7,Yes,M,439.7,109.925,263.49878770929934
2485,Paul Jennings,48,Manchester,GBR,,7:19.7,Yes,M,439.7,109.925,263.49878770929934
2485,Carl Le Men,51,,GBR,,7:19.7,Yes,M,439.7,109.925,263.49878770929934
2485,Geert Ongena,43,Berlare,BEL,,7:19.7,Yes,M,439.7,109.925,263.49878770929934
2485,Stuart Prussner,56,"Hobart, TAS",AUS,Rivulet Rowers,7:19.7,Yes,M,439.7,109.925,263.49878770929934
2485,Brian Siperstein,37,OR,USA,,7:19.7,Yes,M,439.7,109.925,263.49878770929934
2493,Miles Graham,27,,GBR,,7:19.8,Yes,M,439.8,109.95,263.3190886104393
2493,Stuart Peachey,45,Isle of Wight,GBR,The Parachute Regiment,7:19.8,Yes,M,439.8,109.95,263.3190886104393
2493,Tobias Savage,45,,GBR,Mevagissey Rowing Club,7:19.8,Yes,M,439.8,109.95,263.3190886104393
2493,Kurt Schulenburg,51,"Winnetka, IL",USA,,7:19.8,Yes,M,439.8,109.95,263.3190886104393
2493,Freddie Sewell,42,,GBR,,7:19.8,Yes,M,439.8,109.95,263.3190886104393
2498,Ash Billington,57,,HKG,,7:19.9,Yes,M,439.9,109.975,263.1395528743895
2498,J H,30,,USA,,7:19.9,Yes,M,439.9,109.975,263.1395528743895
2498,Christophe Hardy,38,,FRA,,7:19.9,Yes,M,439.9,109.975,263.1395528743895
2498,Clay Jacobs,30,,USA,North Cedar Academy Rowing,7:19.9,Yes,M,439.9,109.975,263.1395528743895
2498,Aleksandr Pugac,42,Klaipeda,LTU,,7:19.9,Yes,M,439.9,109.975,263.1395528743895
2498,R S,35,,USA,,7:19.9,Yes,M,439.9,109.975,263.1395528743895
2498,Juho Särkilä,49,Vantaa,FIN,,7:19.9,Yes,M,439.9,109.975,263.1395528743895
2498,Tony Wilkinson,46,,GBR,,7:19.9,Yes,M,439.9,109.975,263.1395528743895
2498,Martin Conroy,62,"Lantana, FL",USA,Northeastern University Rowing Alumni (NURA),7:19.9,No,M,439.9,109.975,263.1395528743895
2498,Doug Horne,50,,NZL,,7:19.9,No,M,439.9,109.975,263.1395528743895
2498,Denis Müller,47,,GER,,7:19.9,No,M,439.9,109.975,263.1395528743895
2509,Eric Andrews,54,"Seattle, WA",USA,,7:20.0,Yes,M,440.0,110.0,262.96018031555224
2509,Nick Howgrave-Graham,54,"Bedford, MA",USA,,7:20.0,Yes,M,440.0,110.0,262.96018031555224
2509,Colin Hudson,54,,GBR,,7:20.0,Yes,M,440.0,110.0,262.96018031555224
2509,Paul Jones,40,Huddersfield,GBR,,7:20.0,Yes,M,440.0,110.0,262.96018031555224
2509,Paul Bloom,34,"Austin, TX",USA,Austin Rowing Club,7:20.0,No,M,440.0,110.0,262.96018031555224
2509,Lee Hall,49,,GBR,,7:20.0,No,M,440.0,110.0,262.96018031555224
2509,Evan Reiter,59,"Henrico, VA",USA,Virginia Boat Club,7:20.0,No,M,440.0,110.0,262.96018031555224
2516,Rob Grift,53,,NED,,7:20.1,Yes,M,440.1,110.025,262.7809707485833
2516,Hamish Mason,45,,GBR,,7:20.1,Yes,M,440.1,110.025,262.7809707485833
2516,Jagjit Singh,28,,GBR,,7:20.1,Yes,M,440.1,110.025,262.7809707485833
2519,Hans Jørgen Ekker,48,,NOR,,7:20.2,Yes,M,440.2,110.05,262.6019239883911
2519,Edwin Er,41,,SGP,,7:20.2,Yes,M,440.2,110.05,262.6019239883911
2519,Oddmund Mehus,70,Tysvær,NOR,,7:20.2,Yes,M,440.2,110.05,262.6019239883911
2522,Arkadiusz Chilinski,38,,POL,,7:20.3,Race,M,440.3,110.075,262.4230398501356
2522,Calum Woodhouse,16,,GBR,Hartpury University and College Boat Club,7:20.3,Race,M,440.3,110.075,262.4230398501356
2522,Mark Gendall,53,,GBR,,7:20.3,Yes,M,440.3,110.075,262.4230398501356
2522,Bertil Reitan,56,Trondheim,NOR,,7:20.3,Yes,M,440.3,110.075,262.4230398501356
2522,Bartek T,45,Rumia,POL,,7:20.3,Yes,M,440.3,110.075,262.4230398501356
2522,Travis Literate,27,,USA,,7:20.3,No,M,440.3,110.075,262.4230398501356
2528,Toby Blackman,51,,GBR,,7:20.4,Race,M,440.4,110.1,262.2443181492293
2528,Timothy Cyders,42,OH,USA,,7:20.4,Yes,M,440.4,110.1,262.2443181492293
2528,Caulen Kress,47,,USA,,7:20.4,Yes,M,440.4,110.1,262.2443181492293
2528,Barry Maag,38,,USA,,7:20.4,Yes,M,440.4,110.1,262.2443181492293
2528,Scott Martin,42,QLD,AUS,,7:20.4,Yes,M,440.4,110.1,262.2443181492293
2528,Chris Welch,56,"Hindmarsh Island, SA",AUS,,7:20.4,Yes,M,440.4,110.1,262.2443181492293
2534,J Hood,37,,GBR,,7:20.5,Yes,M,440.5,110.125,262.06575870133526
2534,Michał Kuplowski,46,,POL,,7:20.5,Yes,M,440.5,110.125,262.06575870133526
2534,Todd Leather,47,,AUS,,7:20.5,Yes,M,440.5,110.125,262.06575870133526
2534,Johann Mulder,41,"Malgas, Swellendam",RSA,Shosholoza,7:20.5,Yes,M,440.5,110.125,262.06575870133526
2534,Jaedon Peters,25,"Canberra, ACT",AUS,,7:20.5,Yes,M,440.5,110.125,262.06575870133526
2534,Brendon Ross,54,Christchurch,NZL,SUB-7 IRC,7:20.5,Yes,M,440.5,110.125,262.06575870133526
2534,Oskar Roy,16,,CAN,,7:20.5,Yes,M,440.5,110.125,262.06575870133526
2534,Ryan Squires,51,"Vienna, VA",USA,U.S. Army,7:20.5,Yes,M,440.5,110.125,262.06575870133526
2542,Ryan Brinson,37,"Atlanta, GA",USA,Unaffiliated (USA),7:20.6,Race,M,440.6,110.15,261.88736132236806
2542,Rohan Arora,22,,SGP,,7:20.6,Yes,M,440.6,110.15,261.88736132236806
2542,Nick Broese,30,,USA,,7:20.6,Yes,M,440.6,110.15,261.88736132236806
2542,Paul Chambers,56,Southampton,GBR,,7:20.6,Yes,M,440.6,110.15,261.88736132236806
2542,Dan Hodgson,45,,GBR,,7:20.6,Yes,M,440.6,110.15,261.88736132236806
2542,Gordon Joyce,47,,IRL,Capital Rowing Club,7:20.6,Yes,M,440.6,110.15,261.88736132236806
2542,LARMANDE Rémi,54,,FRA,,7:20.6,Yes,M,440.6,110.15,261.88736132236806
2549,Kevin Giles,60,Chepstow South Wales,GBR,RowPro Rowers,7:20.7,Race,M,440.7,110.175,261.7091258284931
2549,Jacob Hoogendyk,21,"Atlanta, GA",USA,Berry College Viking Crew,7:20.7,Race,M,440.7,110.175,261.7091258284931
2549,Warren Walker,19,"Atlanta, GA",USA,Berry College Viking Crew,7:20.7,Race,M,440.7,110.175,261.7091258284931
2549,Henning Berge,46,Guard Langhus,NOR,,7:20.7,Yes,M,440.7,110.175,261.7091258284931
2549,Rick Dzubin,51,,USA,,7:20.7,Yes,M,440.7,110.175,261.7091258284931
2549,Robert Morgan,34,"Newark, DE",USA,,7:20.7,Yes,M,440.7,110.175,261.7091258284931
2549,Kyle Price,39,,USA,,7:20.7,Yes,M,440.7,110.175,261.7091258284931
2556,Brian Elfstrom,46,,USA,,7:20.8,Yes,M,440.8,110.2,261.53105203612495
2556,Anthony IMISON,61,"West Leederville., WA",AUS,"ANA Rowing Club. Bayswater, Western Australia",7:20.8,No,M,440.8,110.2,261.53105203612495
2558,Riccardo Di Mille,48,Anzio,ITA,,7:20.9,Yes,M,440.9,110.225,261.3531397619292
2558,Richard Lawson,54,NSW,AUS,North Shore Rowing Club,7:20.9,Yes,M,440.9,110.225,261.3531397619292
2558,Jason Minahan,44,,USA,,7:20.9,Yes,M,440.9,110.225,261.3531397619292
2558,Soren Odegard,15,"Arlington, VA",USA,Wakefield High School,7:20.9,Yes,M,440.9,110.225,261.3531397619292
2558,Nick Suter,54,Wellington,NZL,,7:20.9,Yes,M,440.9,110.225,261.3531397619292
2558,Mike Swinbank,65,Solihull,GBR,The Diamonds (Over Sixties Erging Group),7:20.9,Yes,M,440.9,110.225,261.3531397619292
2558,Matthew Warken’s,32,,GBR,,7:20.9,Yes,M,440.9,110.225,261.3531397619292
2565,Bon Bernardo,35,,PHI,,7:21.0,Yes,M,441.0,110.25,261.1753888228197
2565,Cian Hennessy,14,,IRL,,7:21.0,Yes,M,441.0,110.25,261.1753888228197
2565,David Johnston,29,,AUS,,7:21.0,Yes,M,441.0,110.25,261.1753888228197
2565,Phillip Jones,52,,GBR,,7:21.0,Yes,M,441.0,110.25,261.1753888228197
2565,Frans van der Steen,67,Ossenzijl,NED,Aengwirden Heerenveen NLD,7:21.0,Yes,M,441.0,110.25,261.1753888228197
2565,Richard Chappell,42,,USA,U.S. Navy,7:21.0,No,M,441.0,110.25,261.1753888228197
2565,Derek Laird,61,"Breinton, Hereford",GBR,,7:21.0,No,M,441.0,110.25,261.1753888228197
2572,Lee Matejek,18,"Atlanta, GA",USA,Allatoona Rowing Association,7:21.1,Race,M,441.1,110.275,260.9977990359599
2572,David Hofmeier,24,,GER,,7:21.1,Yes,M,441.1,110.275,260.9977990359599
2572,Paweł Król,41,Strzelin,POL,,7:21.1,Yes,M,441.1,110.275,260.9977990359599
2572,Davide Squadrone,31,,ITA,,7:21.1,Yes,M,441.1,110.275,260.9977990359599
2572,tom lynch,56,"chicago, IL",USA,Lincoln Park Boat Club,7:21.1,No,M,441.1,110.275,260.9977990359599
2577,Alex Evenson,47,"St. Paul, MN",USA,,7:21.2,Yes,M,441.2,110.3,260.820370218762
2577,mike felker,58,"Omaha, NE",USA,U.S. Army Retired,7:21.2,Yes,M,441.2,110.3,260.820370218762
2577,Philippe Guegan,32,CO,USA,,7:21.2,Yes,M,441.2,110.3,260.820370218762
2577,Nick O'Hara,58,,GBR,,7:21.2,Yes,M,441.2,110.3,260.820370218762
2577,Jorge Sayago,56,Algorta,ESP,,7:21.2,Yes,M,441.2,110.3,260.820370218762
2577,Keenan Walsh,21,,GBR,,7:21.2,Yes,M,441.2,110.3,260.820370218762
2577,Hideki Nishizawa,64,Tokyo,JPN,,7:21.2,No,M,441.2,110.3,260.820370218762
2577,Mario Pfeiffer,36,,SUI,,7:21.2,No,M,441.2,110.3,260.820370218762
2577,Nuno Silvestre,61,Lisboa,POR,Grupo Desportivo Ferroviários do Barreiro,7:21.2,No,M,441.2,110.3,260.820370218762
2586,Chris Grimley,44,,GBR,Seal PT Indoor rowing team,7:21.3,Race,M,441.3,110.325,260.64310218888573
2586,Ramses Santoyo,23,"Atlanta, GA",USA,Auburn University Rowing Club,7:21.3,Race,M,441.3,110.325,260.64310218888573
2586,Steve Armishaw,39,"Port Hope, ON",CAN,,7:21.3,Yes,M,441.3,110.325,260.64310218888573
2586,Kevin Glover,37,"Dallas, TX",USA,,7:21.3,Yes,M,441.3,110.325,260.64310218888573
2586,Eng-Jon Ong,49,,GBR,,7:21.3,Yes,M,441.3,110.325,260.64310218888573
2591,Witold Leonowicz,59,Stevenage,GBR,Free Spirits,7:21.4,Yes,M,441.4,110.35,260.4659947642393
2591,Jeremy Metcalfe,39,,GBR,,7:21.4,Yes,M,441.4,110.35,260.4659947642393
2591,Tobias Sturm,37,,GER,,7:21.4,Yes,M,441.4,110.35,260.4659947642393
2591,Steve Yung,51,,CAN,Vancouver Rowing Club,7:21.4,Yes,M,441.4,110.35,260.4659947642393
2591,Sean Pozarek,44,"Manhattan , KS",USA,,7:21.4,No,M,441.4,110.35,260.4659947642393
2596,Tatum Lubinski,21,,USA,St. Olaf Rowing Club,7:21.5,Race,M,441.5,110.375,260.28904776297776
2596,Richard Woodham,66,,GBR,Champion of the Thames,7:21.5,Race,M,441.5,110.375,260.28904776297776
2596,Robert Beckman,29,,USA,,7:21.5,Yes,M,441.5,110.375,260.28904776297776
2596,Steven Clark,39,Weymouth,GBR,Weymouth Rowing Club,7:21.5,Yes,M,441.5,110.375,260.28904776297776
2596,Danny McKinley,45,,NZL,,7:21.5,Yes,M,441.5,110.375,260.28904776297776
2601,Patrick Pritchard,17,"Atlanta, GA",USA,"Augusta Rowing Club, Inc.",7:21.6,Race,M,441.6,110.4,260.1122610035036
2601,Graham Reeves,51,,NZL,,7:21.6,Yes,M,441.6,110.4,260.1122610035036
2601,Alexander Schmid,37,Hohentengen,GER,,7:21.6,Yes,M,441.6,110.4,260.1122610035036
2601,Moritz Sender,38,Castrop-Rauxel,GER,,7:21.6,Yes,M,441.6,110.4,260.1122610035036
2601,Mike Ruplinger,63,"Iowa City, IA",USA,,7:21.6,No,M,441.6,110.4,260.1122610035036
2606,Daire Gilmore,51,,IRL,,7:21.7,Yes,M,441.7,110.425,259.93563430446596
2606,Craig Warden,60,,GBR,Carmarthen Rowing Club,7:21.7,Yes,M,441.7,110.425,259.93563430446596
2606,Mitchell Wimbush,50,"St. Joseph, MI",USA,RowPro Rowers,7:21.7,Yes,M,441.7,110.425,259.93563430446596
2609,Travis Hall,39,,USA,,7:21.8,Yes,M,441.8,110.45,259.7591674847596
2609,Jason Hilkey,55,"Corvallis, OR",USA,Corvallis Rowing Club,7:21.8,Yes,M,441.8,110.45,259.7591674847596
2609,Oleksandr Mazalov,44,London,GBR,Kingston Rowing Club,7:21.8,Yes,M,441.8,110.45,259.7591674847596
2609,Patrick Sykes,43,Dover,GBR,,7:21.8,Yes,M,441.8,110.45,259.7591674847596
2613,Kelvin Lam,39,,GBR,,7:21.9,Race,M,441.9,110.475,259.58286036352604
2613,James Cloney,50,,IRL,,7:21.9,Yes,M,441.9,110.475,259.58286036352604
2613,Bartłomiej Gajewski,30,Opole,POL,,7:21.9,Yes,M,441.9,110.475,259.58286036352604
2613,Casey Grey,40,"Ottawa, ON",CAN,Rowers United,7:21.9,Yes,M,441.9,110.475,259.58286036352604
2613,Graham Kendall,53,Keswick,GBR,,7:21.9,Yes,M,441.9,110.475,259.58286036352604
2613,Graham Reid,64,Keevil,GBR,The Diamonds (Over Sixties Erging Group),7:21.9,Yes,M,441.9,110.475,259.58286036352604
2619,Rafael Elkabets,33,,BRA,Clube de Regatas Guanabara,7:22.0,Yes,M,442.0,110.5,259.4067127601513
2619,Nick Frunzi,57,"Solana Beach, CA",USA,san diego rowing club,7:22.0,Yes,M,442.0,110.5,259.4067127601513
2619,Hugh Dive,52,"Sydney, NSW",AUS,,7:22.0,No,M,442.0,110.5,259.4067127601513
2619,Paolo Scala,16,trieste,ITA,,7:22.0,No,M,442.0,110.5,259.4067127601513
2623,Daniel Breese,36,Maidenhead,GBR,Maidenhead Rowing Club,7:22.1,Yes,M,442.1,110.525,259.23072449426724
2623,Marco Valerio Lindner,23,,AUT,,7:22.1,Yes,M,442.1,110.525,259.23072449426724
2623,Steve Ottenad,39,,USA,,7:22.1,Yes,M,442.1,110.525,259.23072449426724
2623,Chris Sear,61,Emsworth,GBR,The Diamonds (Over Sixties Erging Group),7:22.1,Yes,M,442.1,110.525,259.23072449426724
2623,Mike Tucknott,51,Cambridge,GBR,,7:22.1,Yes,M,442.1,110.525,259.23072449426724
2623,Zbigniew Zielinski,62,Tychy,POL,Polish Indoor Rowing Team,7:22.1,Yes,M,442.1,110.525,259.23072449426724
2629,Simon Lord,66,,GBR,Royal Navy Veterans,7:22.2,Race,M,442.2,110.55,259.0548953857501
2629,Elias Van Veldhuizen,15,"Atlanta, GA",USA,Row Georgia,7:22.2,Race,M,442.2,110.55,259.0548953857501
2629,Berto Carotti,54,,GER,,7:22.2,Yes,M,442.2,110.55,259.0548953857501
2629,Gary Elwood,61,IL,USA,,7:22.2,Yes,M,442.2,110.55,259.0548953857501
2629,Karl Lavender,44,TX,USA,,7:22.2,Yes,M,442.2,110.55,259.0548953857501
2629,Harvey Reall,49,Cambridge,GBR,,7:22.2,Yes,M,442.2,110.55,259.0548953857501
2629,Brenden Campise,16,"Kingston, NY",USA,"Rondout Rowing Club, Kingston NY",7:22.2,No,M,442.2,110.55,259.0548953857501
2629,Sylvain GENIS,43,Ceret,FRA,,7:22.2,No,M,442.2,110.55,259.0548953857501
2637,Joe Baker,41,"Annapolis, MD",USA,,7:22.3,Yes,M,442.3,110.575,258.8792252547202
2637,Sebastien Cantie,48,PORT LA NOUVELLE,FRA,,7:22.3,Yes,M,442.3,110.575,258.8792252547202
2637,Valentin Duarte,24,Tigre,ARG,,7:22.3,Yes,M,442.3,110.575,258.8792252547202
2637,Juan Nachon,32,Buenos Aires,ARG,,7:22.3,Yes,M,442.3,110.575,258.8792252547202
2637,Leonardo Pedrosa,51,"Monterrey, CA",USA,iRowing,7:22.3,Yes,M,442.3,110.575,258.8792252547202
2637,Florian Pfaff,44,,GER,,7:22.3,Yes,M,442.3,110.575,258.8792252547202
2637,Piru Pirowski,40,,POL,,7:22.3,Yes,M,442.3,110.575,258.8792252547202
2637,Jim Trueman,61,High Peak,GBR,Trafford Rowing Club,7:22.3,Yes,M,442.3,110.575,258.8792252547202
2645,Nils El,28,Sankt Georgen im Schwarzwald,GER,,7:22.4,Yes,M,442.4,110.6,258.7037139215423
2645,Mike Jansen,42,"Chicago, IL",USA,Happy Little Hug Factory,7:22.4,Yes,M,442.4,110.6,258.7037139215423
2645,Herman Sips,53,,NED,,7:22.4,Yes,M,442.4,110.6,258.7037139215423
2645,Jamie Wallis,43,,GBR,,7:22.4,Yes,M,442.4,110.6,258.7037139215423
2649,Jay Heddell,44,"St. Louis, MO",USA,,7:22.5,Yes,M,442.5,110.625,258.5283612068239
2649,Samuel Lazar,50,,CAN,,7:22.5,Yes,M,442.5,110.625,258.5283612068239
2649,Martin Lugg,67,,GBR,The Diamonds (Over Sixties Erging Group),7:22.5,Yes,M,442.5,110.625,258.5283612068239
2649,Anthony Walpole,57,Luton,GBR,Fitness Matters,7:22.5,Yes,M,442.5,110.625,258.5283612068239
2653,João António,58,Lisbon,POR,Clube Ferroviário de Portugal,7:22.6,Yes,M,442.6,110.65,258.35316693141635
2653,Mike Brownlie,64,"Ottawa, ON",CAN,The Diamonds (Over Sixties Erging Group),7:22.6,Yes,M,442.6,110.65,258.35316693141635
2655,William Kirby,24,,GBR,Eton Excelsior Rowing Club,7:22.7,Race,M,442.7,110.675,258.1781309164137
2655,David Amberger,33,,GER,,7:22.7,Yes,M,442.7,110.675,258.1781309164137
2655,Nathan Ko,17,,USA,,7:22.7,Yes,M,442.7,110.675,258.1781309164137
2655,Chris Moore-Carlsen,52,Eiksmarka,NOR,,7:22.7,Yes,M,442.7,110.675,258.1781309164137
2655,Tony Tyler,70,,HKG,Remigo Ergo Sum,7:22.7,Yes,M,442.7,110.675,258.1781309164137
2655,Florian GEISS,46,Lorient,FRA,,7:22.7,No,M,442.7,110.675,258.1781309164137
2661,Chris Brannen,44,,GBR,,7:22.8,Yes,M,442.8,110.7,258.0032529831517
2661,Aaron Kneebone,37,,GBR,,7:22.8,Yes,M,442.8,110.7,258.0032529831517
2661,Josh Slap,15,,USA,,7:22.8,Yes,M,442.8,110.7,258.0032529831517
2661,Dirk Van Hove,60,,BEL,,7:22.8,Yes,M,442.8,110.7,258.0032529831517
2661,Edgar Wong-Lun-Hing,41,Den Bosch,NED,,7:22.8,No,M,442.8,110.7,258.0032529831517
2666,Jonny Chambers,52,"Redmond, WA",USA,Sammamish Rowing,7:22.9,Yes,M,442.9,110.725,257.8285329532089
2666,Mouhamed rayen Hammami,19,Djerba,TUN,,7:22.9,Yes,M,442.9,110.725,257.8285329532089
2666,David Kent,34,,USA,,7:22.9,Yes,M,442.9,110.725,257.8285329532089
2666,Søren Mose Nielsen,45,,DEN,,7:22.9,Yes,M,442.9,110.725,257.8285329532089
2666,Scott Pratt,54,,CAN,,7:22.9,Yes,M,442.9,110.725,257.8285329532089
2666,Clint Ufford,45,OR,USA,U.S. Marines,7:22.9,Yes,M,442.9,110.725,257.8285329532089
2666,Frank VandeVeegaete,50,NJ,USA,Free Spirits,7:22.9,Yes,M,442.9,110.725,257.8285329532089
2666,Max Filippi,15,Edinburgh,GBR,,7:22.9,No,M,442.9,110.725,257.8285329532089
2674,D GT,33,,GBR,,7:23.0,Yes,M,443.0,110.75,257.6539706484047
2674,Jimmy Gwartney,46,,USA,,7:23.0,Yes,M,443.0,110.75,257.6539706484047
2674,Matjaž Klančar,57,,SLO,,7:23.0,Yes,M,443.0,110.75,257.6539706484047
2674,Richard Moss,56,"Perth, WA",AUS,EXR Rowing,7:23.0,Yes,M,443.0,110.75,257.6539706484047
2674,Len Osborn,69,"Geelong, VIC",AUS,Team Diamonds,7:23.0,Yes,M,443.0,110.75,257.6539706484047
2674,Florian Putterer,34,Aschaffenburg,GER,GERMAN Rowers and FRIENDS United,7:23.0,Yes,M,443.0,110.75,257.6539706484047
2674,Brooks Anderson,56,Buffalo,USA,,7:23.0,No,M,443.0,110.75,257.6539706484047
2674,James Appleby,41,London,GBR,,7:23.0,No,M,443.0,110.75,257.6539706484047
2682,Daniel Birman,35,"Seattle, WA",USA,Lake Union Crew,7:23.1,Yes,M,443.1,110.775,257.47956589080036
2682,Justin Fichtner,48,,USA,,7:23.1,Yes,M,443.1,110.775,257.47956589080036
2682,Lukas Hrdy,42,,CZE,,7:23.1,Yes,M,443.1,110.775,257.47956589080036
2682,Joseph Pitchford,63,"Dallas, TX",USA,Dallas Rowing Club,7:23.1,Yes,M,443.1,110.775,257.47956589080036
2682,charlie swanton,51,AZ,USA,Trident Performance Training,7:23.1,Yes,M,443.1,110.775,257.47956589080036
2682,Hannes Vogt,45,Stralsund,GER,GERMAN Rowers and FRIENDS United,7:23.1,Yes,M,443.1,110.775,257.47956589080036
2682,Steve Higgins,51,,CAN,,7:23.1,No,M,443.1,110.775,257.47956589080036
2689,Michael Simmons,20,"Atlanta, GA",USA,Berry College Viking Crew,7:23.2,Race,M,443.2,110.8,257.30531850269784
2689,John Veysey,50,"Washington, DC",USA,Yale University,7:23.2,Yes,M,443.2,110.8,257.30531850269784
2691,Dean Keeber,47,,GBR,,7:23.3,Yes,M,443.3,110.825,257.13122830663906
2691,Cenk Senay,52,"Brookfield, WI",USA,,7:23.3,Yes,M,443.3,110.825,257.13122830663906
2693,Richard Galpin,50,,GBR,We Are Invictus,7:23.4,Race,M,443.4,110.85,256.95729512540686
2693,Oscar Alexandersson,36,,SWE,,7:23.4,Yes,M,443.4,110.85,256.95729512540686
2693,James Cain,40,,GBR,,7:23.4,Yes,M,443.4,110.85,256.95729512540686
2693,Shane Carruthers,53,,AUS,,7:23.4,Yes,M,443.4,110.85,256.95729512540686
2693,Laurent De Ruyck,47,Waregem,BEL,,7:23.4,Yes,M,443.4,110.85,256.95729512540686
2693,Glyn Fargher,52,,GBR,,7:23.4,Yes,M,443.4,110.85,256.95729512540686
2693,Chris Gast,42,"Seattle, WA",USA,,7:23.4,Yes,M,443.4,110.85,256.95729512540686
2693,Don Pavinski,55,PA,USA,,7:23.4,Yes,M,443.4,110.85,256.95729512540686
2693,Tim Phillips,46,WA,AUS,Christ Church Grammar School,7:23.4,Yes,M,443.4,110.85,256.95729512540686
2693,Pedro Antonio Regordán,44,,ESP,,7:23.4,Yes,M,443.4,110.85,256.95729512540686
2693,Kaj Storgaard Nielsen,51,Odense,DEN,,7:23.4,No,M,443.4,110.85,256.95729512540686
2704,David Cooper,42,"Brisbane, QLD",AUS,,7:23.5,Yes,M,443.5,110.875,256.7835187820228
2704,Olivier EPAILLY,55,Aviron Seynois SIX FOURS,FRA,FRENCH INDOOR ROWERS TEAM,7:23.5,Yes,M,443.5,110.875,256.7835187820228
2704,alistair haywood,54,,GBR,,7:23.5,Yes,M,443.5,110.875,256.7835187820228
2704,Harry Vandewalle,56,Sint-Denijs,BEL,,7:23.5,Yes,M,443.5,110.875,256.7835187820228
2708,Greyson Clearie,17,"Atlanta, GA",USA,Row Georgia,7:23.6,Race,M,443.6,110.9,256.60989909974853
2708,Hugh Sturrock,44,,GBR,Blade Rowers,7:23.6,Race,M,443.6,110.9,256.60989909974853
2708,Neil Coates,55,RAYLEIGH,GBR,Fetch Everyone Rowing Team,7:23.6,Yes,M,443.6,110.9,256.60989909974853
2711,Darren Chase,62,"Atlanta, GA",USA,Unaffiliated (USA),7:23.7,Race,M,443.7,110.925,256.43643590208455
2711,Jacob Smith,17,,GBR,Langstone Pilot Gig Club,7:23.7,Race,M,443.7,110.925,256.43643590208455
2711,Christophe COLIN,51,,FRA,,7:23.7,Yes,M,443.7,110.925,256.43643590208455
2711,Daniel Lösche,51,,GER,,7:23.7,Yes,M,443.7,110.925,256.43643590208455
2711,Dave Pecha,49,"Elkhorn, NE",USA,Rowing for Beer,7:23.7,Yes,M,443.7,110.925,256.43643590208455
2711,Craig Warbinton,60,"Indianapolis, IN",USA,CrossFit Indianapolis,7:23.7,Yes,M,443.7,110.925,256.43643590208455
2717,David Brown,68,,GBR,Henley Rowing Club,7:23.8,Race,M,443.8,110.95,256.2631290127694
2717,Cooper Collins,16,,GBR,RGS Worcester,7:23.8,Race,M,443.8,110.95,256.2631290127694
2717,Bill Haynes,65,,GBR,Warwick Boat Club,7:23.8,Race,M,443.8,110.95,256.2631290127694
2717,Chris Gaffney,60,CA,USA,,7:23.8,Yes,M,443.8,110.95,256.2631290127694
2717,Jurrian Hartveldt,40,Utrecht,NED,,7:23.8,Yes,M,443.8,110.95,256.2631290127694
2717,Tom Power,63,Limerick,IRL,YAMSQUAD,7:23.8,Yes,M,443.8,110.95,256.2631290127694
2717,Geoffrey Thompson,42,,USA,,7:23.8,Yes,M,443.8,110.95,256.2631290127694
2717,Jakub Zaremba,41,Banská Bystrica,SVK,,7:23.8,Yes,M,443.8,110.95,256.2631290127694
2725,Christopher Adams,38,"Santa Rosa, CA",USA,,7:23.9,Yes,M,443.9,110.975,256.0899782557806
2725,Matt Booher,49,OH,USA,,7:23.9,Yes,M,443.9,110.975,256.0899782557806
2725,Alessandro Caruso,43,TERMOLI,ITA,,7:23.9,Yes,M,443.9,110.975,256.0899782557806
2725,Jukka Laitinen,44,,FIN,,7:23.9,Yes,M,443.9,110.975,256.0899782557806
2725,M. Purdie,54,,CAN,,7:23.9,Yes,M,443.9,110.975,256.0899782557806
2725,Charles Rannells,68,Edmonton,CAN,Edmonton Rowing Club,7:23.9,Yes,M,443.9,110.975,256.0899782557806
2725,Chris Wollmar,54,"Simsbury, CT",USA,,7:23.9,Yes,M,443.9,110.975,256.0899782557806
2732,Phil Brass,55,"Atlanta, GA",USA,"Atlanta Rowing Club, Inc.",7:24.0,Race,M,444.0,111.0,255.9169834553326
2732,Galen Callahan,36,"Lynnwood, WA",USA,Cardiac Arrest Survivors,7:24.0,Yes,M,444.0,111.0,255.9169834553326
2732,João Costa,39,,POR,CrossFit Almada,7:24.0,Yes,M,444.0,111.0,255.9169834553326
2732,Dave Frost,73,"San Diego, CA",USA,Navy Old Goats,7:24.0,Yes,M,444.0,111.0,255.9169834553326
2732,Ingo Hartenberger,56,Schondorf am Ammersee,GER,RowPro Rowers,7:24.0,Yes,M,444.0,111.0,255.9169834553326
2732,Daryll Yarger,43,,USA,,7:24.0,No,M,444.0,111.0,255.9169834553326
2732,Andy Zimmer,30,,GBR,,7:24.0,No,M,444.0,111.0,255.9169834553326
2739,Simon Canning,57,Gloucester,GBR,,7:24.1,Yes,M,444.1,111.025,255.74414443587796
2739,Rick Gallagher,53,"Piedmont, CA",USA,,7:24.1,Yes,M,444.1,111.025,255.74414443587796
2739,Gareth Latham,47,Crewe,GBR,,7:24.1,Yes,M,444.1,111.025,255.74414443587796
2739,Paul Durban,65,,GBR,,7:24.1,No,M,444.1,111.025,255.74414443587796
2739,Nikolas Ivancevich,44,"Seattle, WA",USA,Green Lake Adult Crew,7:24.1,No,M,444.1,111.025,255.74414443587796
2744,James Donovan,16,,AUS,,7:24.2,Yes,M,444.2,111.05,255.57146102210632
2744,Oliver Ellerton,41,,SGP,,7:24.2,Yes,M,444.2,111.05,255.57146102210632
2744,Lars Heise Korsgaard,62,Middelfart,DEN,,7:24.2,Yes,M,444.2,111.05,255.57146102210632
2744,Xavier Montet,39,La Flèche,FRA,French Army,7:24.2,Yes,M,444.2,111.05,255.57146102210632
2744,Matthew Ritchie,56,,GBR,,7:24.2,Yes,M,444.2,111.05,255.57146102210632
2744,Phil Walker,55,,GBR,,7:24.2,Yes,M,444.2,111.05,255.57146102210632
2750,Andre Koops,40,,NED,RowAlong,7:24.3,Yes,M,444.3,111.075,255.39893303894337
2750,Bryan Scott,41,"Clinton, MS",USA,U.S. Coast Guard,7:24.3,Yes,M,444.3,111.075,255.39893303894337
2750,John Steed,47,"Belfast, ME",USA,,7:24.3,Yes,M,444.3,111.075,255.39893303894337
2753,Dan Blackburn,50,Cambridge,GBR,,7:24.4,Yes,M,444.4,111.1,255.22656031155194
2753,Peter Blair,51,Moira,GBR,,7:24.4,Yes,M,444.4,111.1,255.22656031155194
2753,Julian Hine,56,"Melbourne, VIC",AUS,"Ergfit Indoor Rowing, Melbourne, AUS",7:24.4,Yes,M,444.4,111.1,255.22656031155194
2753,Ken Lake,71,Sliema,MLT,Lakes Fitness Studio,7:24.4,Yes,M,444.4,111.1,255.22656031155194
2753,Sean Schoales,38,,IRL,,7:24.4,Yes,M,444.4,111.1,255.22656031155194
2753,Frank Thielicke,74,,GER,,7:24.4,No,M,444.4,111.1,255.22656031155194
2759,Mark Moran,56,,GBR,,7:24.5,Race,M,444.5,111.125,255.05434266532998
2759,Jordi Bennink,27,,NED,,7:24.5,Yes,M,444.5,111.125,255.05434266532998
2759,Christian Schramm,62,Linz,AUT,Law Enforcement Austria,7:24.5,Yes,M,444.5,111.125,255.05434266532998
2762,Jorma Niemi,63,Vantaa,FIN,,7:24.6,Race,M,444.6,111.15,254.88227992591183
2762,Tom Bi,32,,CAN,,7:24.6,Yes,M,444.6,111.15,254.88227992591183
2762,Samuel Bland,33,,USA,,7:24.6,Yes,M,444.6,111.15,254.88227992591183
2762,Joseph D,20,,FRA,,7:24.6,Yes,M,444.6,111.15,254.88227992591183
2762,James Kiely,58,"Edina, MN",USA,,7:24.6,Yes,M,444.6,111.15,254.88227992591183
2762,Ivan Kolar,53,Smederevo,SRB,Long Beach Rowing Association,7:24.6,Yes,M,444.6,111.15,254.88227992591183
2762,Sam Shelton,17,,GBR,,7:24.6,Yes,M,444.6,111.15,254.88227992591183
2762,Sebastian Ulrich Jensen,16,,DEN,,7:24.6,Yes,M,444.6,111.15,254.88227992591183
2762,Barney Wood,18,,GBR,"Hertford College, Oxford",7:24.6,Yes,M,444.6,111.15,254.88227992591183
2771,Nick Bates,63,,GBR,Reading Rowing Club,7:24.7,Race,M,444.7,111.175,254.71037191916645
2771,Rob Cree,55,,GBR,British Rowing,7:24.7,Race,M,444.7,111.175,254.71037191916645
2771,Damian Barnes,46,,GBR,HM Coastguard,7:24.7,Yes,M,444.7,111.175,254.71037191916645
2771,Darcy Haggith,58,"Lasalle, ON",CAN,LaSalle Rowing Club,7:24.7,Yes,M,444.7,111.175,254.71037191916645
2771,Steve Humphries,57,,GBR,Dorset & Wiltshire Fire Service,7:24.7,Yes,M,444.7,111.175,254.71037191916645
2771,Peder Lyseng-Grundt,43,,NOR,,7:24.7,Yes,M,444.7,111.175,254.71037191916645
2771,Reed Rediger,44,"Lincoln , NE",USA,,7:24.7,Yes,M,444.7,111.175,254.71037191916645
2771,Liam Shaw,15,,AUS,,7:24.7,Yes,M,444.7,111.175,254.71037191916645
2779,Liam O'Brien,18,"Atlanta, GA",USA,"Augusta Rowing Club, Inc.",7:24.8,Race,M,444.8,111.2,254.53861847119782
2779,Chris Baird,64,"Los Angeles, CA",USA,The Diamonds (Over Sixties Erging Group),7:24.8,Yes,M,444.8,111.2,254.53861847119782
2779,Blake Jordan,45,,USA,,7:24.8,Yes,M,444.8,111.2,254.53861847119782
2779,Leo Koskiniemi,29,,USA,,7:24.8,Yes,M,444.8,111.2,254.53861847119782
2779,Guy Marshall,52,Colehill,GBR,,7:24.8,Yes,M,444.8,111.2,254.53861847119782
2779,Jonathon Karam,49,Sydney,AUS,,7:24.8,No,M,444.8,111.2,254.53861847119782
2779,Rain Vellerind,60,Jüri,EST,,7:24.8,No,M,444.8,111.2,254.53861847119782
2786,Tom Carrangis,53,SA,AUS,,7:24.9,Yes,M,444.9,111.225,254.36701940834465
2786,Byungmoon Cho,50,"Geneva, NY USA",KOR,,7:24.9,Yes,M,444.9,111.225,254.36701940834465
2786,Jean-François GUEVEL,47,,FRA,,7:24.9,Yes,M,444.9,111.225,254.36701940834465
2786,Claes Martinson,61,Göteborg,SWE,,7:24.9,Yes,M,444.9,111.225,254.36701940834465
2786,Ken Ward,54,"Sunrise , FL",USA,,7:24.9,Yes,M,444.9,111.225,254.36701940834465
2786,Dawson Wray,60,"Ballymoney, Northern Ireland, UK",IRL,,7:24.9,No,M,444.9,111.225,254.36701940834465
2792,Hatem Allam,62,Stockholm 🇸🇪,SWE,Stockholms roddförening,7:25.0,Yes,M,445.0,111.25,254.19557455717907
2792,Sebastian Bartsch,41,,GER,,7:25.0,Yes,M,445.0,111.25,254.19557455717907
2792,Rick Fick,67,"Mission Viejo, CA",USA,The Diamonds (Over Sixties Erging Group),7:25.0,Yes,M,445.0,111.25,254.19557455717907
2792,Dado Horvat,46,Čakovec,CRO,RowAlong,7:25.0,Yes,M,445.0,111.25,254.19557455717907
2792,Chris Ray,54,,GBR,,7:25.0,Yes,M,445.0,111.25,254.19557455717907
2792,Alex Wade,50,,GBR,,7:25.0,Yes,M,445.0,111.25,254.19557455717907
2792,Joe Senechalle,16,,USA,,7:25.0,No,M,445.0,111.25,254.19557455717907
2799,philipp berger,33,,AUT,,7:25.1,Yes,M,445.1,111.275,254.02428374450776
2799,Doug Berges,63,"Gunn, AB",CAN,TEAM MELALEUCA,7:25.1,Yes,M,445.1,111.275,254.02428374450776
2799,Luca Colonna,30,,ITA,,7:25.1,Yes,M,445.1,111.275,254.02428374450776
2799,David Martineau,47,"Idaho Falls, ID",USA,TEAM MELALEUCA,7:25.1,Yes,M,445.1,111.275,254.02428374450776
2799,Konrad von Dreck,42,,GER,,7:25.1,Yes,M,445.1,111.275,254.02428374450776
2804,Simon Pryor,20,,USA,St. Olaf Rowing Club,7:25.2,Race,M,445.2,111.3,253.85314679737016
2804,Michael Ertel,50,NY,USA,,7:25.2,Yes,M,445.2,111.3,253.85314679737016
2804,Ashley Iceton-Morris,30,,GBR,,7:25.2,Yes,M,445.2,111.3,253.85314679737016
2804,Mathieu Jeandel,38,,FRA,,7:25.2,Yes,M,445.2,111.3,253.85314679737016
2804,DAVID LE PORS,53,férel,FRA,Coach-Rameur.com,7:25.2,Yes,M,445.2,111.3,253.85314679737016
2804,André Pires,39,,POR,,7:25.2,Yes,M,445.2,111.3,253.85314679737016
2804,David O'Doherty,27,"Ballarat, VIC",AUS,Ballarat City Rowing Club,7:25.2,No,M,445.2,111.3,253.85314679737016
2811,Nick Minor,31,"Atlanta, GA",USA,Team OxFit,7:25.3,Race,M,445.3,111.325,253.68216354303894
2811,Dean Webster,46,,GBR,,7:25.3,Race,M,445.3,111.325,253.68216354303894
2811,Stephen Ashworth,58,"Norwich, UK",GBR,UEA Norwich,7:25.3,Yes,M,445.3,111.325,253.68216354303894
2811,Adam Azzam,37,La bazouge des alleux,FRA,,7:25.3,Yes,M,445.3,111.325,253.68216354303894
2811,Pierre Chartier,34,,FRA,,7:25.3,Yes,M,445.3,111.325,253.68216354303894
2811,George Faalogo,61,,NZL,,7:25.3,Yes,M,445.3,111.325,253.68216354303894
2811,Jerry Moore,65,Whitby,GBR,,7:25.3,Yes,M,445.3,111.325,253.68216354303894
2811,Matthew Neill,35,,USA,,7:25.3,Yes,M,445.3,111.325,253.68216354303894
2811,Dave Woodmore,58,"Caloundra West, QLD",AUS,,7:25.3,Yes,M,445.3,111.325,253.68216354303894
2811,Richard Dale,51,"Burlington, NJ",USA,,7:25.3,No,M,445.3,111.325,253.68216354303894
2811,Nicolas Hartmann,45,,FRA,Mulhouse-Aviron,7:25.3,No,M,445.3,111.325,253.68216354303894
2811,Huw Thomas,65,Milverton,GBR,Free Spirits,7:25.3,No,M,445.3,111.325,253.68216354303894
2823,Mike Robinson,66,,GBR,Gym Mostyn,7:25.4,Race,M,445.4,111.35,253.5113338090196
2823,Simon Pastoors,49,VIC,AUS,Fire Rescue Victoria,7:25.4,Yes,M,445.4,111.35,253.5113338090196
2823,Diego Pauluzzi,44,Trieste,ITA,VVF Ravalico Trieste,7:25.4,Yes,M,445.4,111.35,253.5113338090196
2823,Jason Self,50,,USA,,7:25.4,Yes,M,445.4,111.35,253.5113338090196
2823,jonathan Davies,50,Truro,GBR,Devoran Gig Club,7:25.4,No,M,445.4,111.35,253.5113338090196
2823,Jim Rippon,42,"Calgary, AB",CAN,,7:25.4,No,M,445.4,111.35,253.5113338090196
2823,Michael Robinson,66,"Wellington, Shropshire",GBR,The Diamonds (Over Sixties Erging Group),7:25.4,No,M,445.4,111.35,253.5113338090196
2830,Martin 'Crusher' Downey,62,Bristol,GBR,City of Bristol Rowing Club,7:25.5,Yes,M,445.5,111.375,253.34065742304927
2830,Bart Egtberts,45,,NED,,7:25.5,Yes,M,445.5,111.375,253.34065742304927
2830,Lars Jacobsen,62,Frederiksberg C,DEN,,7:25.5,Yes,M,445.5,111.375,253.34065742304927
2830,Sammy Pollak,14,,USA,Nereid Boat Club,7:25.5,Yes,M,445.5,111.375,253.34065742304927
2830,Jason Robinson,52,Frimley,GBR,,7:25.5,Yes,M,445.5,111.375,253.34065742304927
2830,Robert Figueiredo,43,"Manhattan Beach, CA",USA,Massachusetts Institute of Technology,7:25.5,No,M,445.5,111.375,253.34065742304927
2830,Huub Nijs,58,Warmond,NED,,7:25.5,No,M,445.5,111.375,253.34065742304927
2830,Joseph Yurisich,28,"Sydney, NSW",AUS,,7:25.5,No,M,445.5,111.375,253.34065742304927
2838,Rasmus Borberg,40,,DEN,,7:25.6,Yes,M,445.6,111.4,253.17013421309773
2838,Matthew Bowles,35,Huddersfield,GBR,SUB-7 IRC,7:25.6,Yes,M,445.6,111.4,253.17013421309773
2838,Kenvor Cothey,50,London,GBR,,7:25.6,Yes,M,445.6,111.4,253.17013421309773
2838,Mac McNelis,50,Shefford,GBR,British Army,7:25.6,Yes,M,445.6,111.4,253.17013421309773
2838,Wellington Vinicius Paris,38,Curitiba,BRA,,7:25.6,Yes,M,445.6,111.4,253.17013421309773
2843,Scott Novak,25,,NZL,,7:25.7,Yes,M,445.7,111.425,252.9997640073658
2843,Kevin Burgemeister,50,"Ardrossan, AB",CAN,,7:25.7,No,M,445.7,111.425,252.9997640073658
2845,Fredrik Blomqvist,56,,SWE,,7:25.8,Race,M,445.8,111.45,252.82954663428563
2845,Steve Davey,49,,USA,,7:25.8,Yes,M,445.8,111.45,252.82954663428563
2845,Brian Elwell,67,"Hamilton, OH",USA,Great Miami Rowing Center,7:25.8,Yes,M,445.8,111.45,252.82954663428563
2845,Scott Smith,57,"Edina, MN",USA,,7:25.8,Yes,M,445.8,111.45,252.82954663428563
2849,Stuart Clark,51,,GBR,,7:25.9,Yes,M,445.9,111.475,252.65948192252034
2849,jimmy garvik,46,halmstad,SWE,,7:25.9,Yes,M,445.9,111.475,252.65948192252034
2849,David Jaglin,52,Patra,GRE,,7:25.9,Yes,M,445.9,111.475,252.65948192252034
2849,Viacheslav MUZYCHENKO,42,,UKR,Defence Forces of Ukraine,7:25.9,Yes,M,445.9,111.475,252.65948192252034
2849,George Marinov,21,,AIN,,7:25.9,No,M,445.9,111.475,252.65948192252034
2854,Danilo Marchetti,55,,ITA,Varese Rowing Club,7:26.0,Race,M,446.0,111.5,252.48956970096307
2854,Andre de Lange,55,,RSA,,7:26.0,Yes,M,446.0,111.5,252.48956970096307
2854,Nate Hewitt,46,VA,USA,,7:26.0,Yes,M,446.0,111.5,252.48956970096307
2854,Andrew Lewis,50,,GBR,,7:26.0,Yes,M,446.0,111.5,252.48956970096307
2854,Chris Marshall,65,Ely,GBR,Age Without Limits,7:26.0,Yes,M,446.0,111.5,252.48956970096307
2854,Tom Postance,20,,GBR,,7:26.0,No,M,446.0,111.5,252.48956970096307
2854,Gabriel Shneer,15,"Andover, MA",USA,,7:26.0,No,M,446.0,111.5,252.48956970096307
2861,Zachary Fuller,31,"Cincinnati, OH",USA,,7:26.1,Yes,M,446.1,111.525,252.31980979873748
2861,Jeff Lattimer,43,,USA,Westerville Rowing Club,7:26.1,Yes,M,446.1,111.525,252.31980979873748
2861,Anders Thorén,61,Hålta,SWE,,7:26.1,Yes,M,446.1,111.525,252.31980979873748
2861,Vincent Duchesne,17,Saintes,FRA,,7:26.1,No,M,446.1,111.525,252.31980979873748
2865,Merlin Bittlinger,39,Köln,GER,Kölner Club für Wassersport (KCfW) e.V. 1907,7:26.2,Yes,M,446.2,111.55,252.15020204519678
2865,Andrew Easton,34,,CAN,,7:26.2,Yes,M,446.2,111.55,252.15020204519678
2865,Nick Lewis,40,Cardiff,GBR,,7:26.2,Yes,M,446.2,111.55,252.15020204519678
2865,Ryan Malham,36,,USA,,7:26.2,No,M,446.2,111.55,252.15020204519678
2869,Steve McKeogh,61,NSW,AUS,,7:26.3,Yes,M,446.3,111.575,251.98074626992337
2869,Mario Pepe,56,"St. John’s , NL",CAN,Remigo Ergo Sum,7:26.3,Yes,M,446.3,111.575,251.98074626992337
2869,Michael Thomas,15,,AUS,,7:26.3,Yes,M,446.3,111.575,251.98074626992337
2872,Yun-Lin Deng,15,"Oakton, VA",USA,Oakton Crew,7:26.4,Yes,M,446.4,111.6,251.8114423027292
2872,Daniel Lee,57,"Carmel, IN",USA,,7:26.4,Yes,M,446.4,111.6,251.8114423027292
2872,James Pell,38,Nottingham,GBR,,7:26.4,Yes,M,446.4,111.6,251.8114423027292
2872,Luca Gaffuri,36,Erba,ITA,,7:26.4,No,M,446.4,111.6,251.8114423027292
2876,Steven Gaspars,52,,AUS,,7:26.5,Race,M,446.5,111.625,251.64228997365402
2876,Maxime Felloni,37,,FRA,,7:26.5,Yes,M,446.5,111.625,251.64228997365402
2876,Krzysztof Huryn,59,Solrød Strand,DEN,PureGym Solrød Strand,7:26.5,Yes,M,446.5,111.625,251.64228997365402
2876,Andy Kellen,63,"Madison, WI",USA,The Diamonds (Over Sixties Erging Group),7:26.5,Yes,M,446.5,111.625,251.64228997365402
2876,Mathew Thomas,35,,GBR,,7:26.5,Yes,M,446.5,111.625,251.64228997365402
2881,John Ames,35,,USA,,7:26.6,Yes,M,446.6,111.65,251.47328911296668
2881,Jason Kahn,38,DC,USA,Lake Union Crew,7:26.6,Yes,M,446.6,111.65,251.47328911296668
2881,Kevin Mahoney,39,Sligo,IRL,,7:26.6,Yes,M,446.6,111.65,251.47328911296668
2881,Rodrigo Williams,38,,CHI,,7:26.6,Yes,M,446.6,111.65,251.47328911296668
2885,Dan Bureick,50,Düsseldorf,GER,,7:26.7,Yes,M,446.7,111.675,251.30443955116357
2885,Dylan Heslop,14,,GBR,,7:26.7,Yes,M,446.7,111.675,251.30443955116357
2885,Tony Konvalin,66,"Dunnville, KY",USA,The Diamonds (Over Sixties Erging Group),7:26.7,Yes,M,446.7,111.675,251.30443955116357
2885,David Lake,43,,GBR,,7:26.7,Yes,M,446.7,111.675,251.30443955116357
2885,Graham McLuhan,41,"San Jose, CA",USA,Los Gatos Rowing Club,7:26.7,Yes,M,446.7,111.675,251.30443955116357
2885,James Myrick,45,"Macomb, MI",USA,,7:26.7,Yes,M,446.7,111.675,251.30443955116357
2885,Gary O'Hanlon,48,Colwyn Bay,GBR,,7:26.7,Yes,M,446.7,111.675,251.30443955116357
2885,Oliver Suttmann,44,,GER,,7:26.7,Yes,M,446.7,111.675,251.30443955116357
2885,Grzegorz Urbanowicz,46,"Perth, WA",AUS,,7:26.7,Yes,M,446.7,111.675,251.30443955116357
2885,Der Held vom Erdbeerfeld,49,,GER,,7:26.7,Yes,M,446.7,111.675,251.30443955116357
2895,Jeffrey Gordon,32,"Atlanta, GA",USA,Allatoona Rowing Association,7:26.8,Race,M,446.8,111.7,251.13574111896853
2895,David Newman,63,Guildford,GBR,The Diamonds (Over Sixties Erging Group),7:26.8,Race,M,446.8,111.7,251.13574111896853
2895,Gwenael FRAVAL,48,Vannes,FRA,,7:26.8,Yes,M,446.8,111.7,251.13574111896853
2895,trevor hsu,46,,USA,,7:26.8,Yes,M,446.8,111.7,251.13574111896853
2895,Bob K.,46,"Greensburg, PA",USA,Erg Rats,7:26.8,Yes,M,446.8,111.7,251.13574111896853
2895,Jim Lewis,30,,USA,,7:26.8,Yes,M,446.8,111.7,251.13574111896853
2895,Karan Dutta,15,,USA,PNRA/Mercer,7:26.8,No,M,446.8,111.7,251.13574111896853
2895,Kyle McLaughlin,33,,USA,,7:26.8,No,M,446.8,111.7,251.13574111896853
2903,Jeremie Duchesneau Allali,38,,CAN,,7:26.9,Yes,M,446.9,111.725,250.96719364733306
2903,Stefan Koppe,53,Wiesbaden,GER,GERMAN Rowers and FRIENDS United,7:26.9,Yes,M,446.9,111.725,250.96719364733306
2903,Julian Pallanez,18,,USA,,7:26.9,Yes,M,446.9,111.725,250.96719364733306
2903,Tim Pirotte,44,,BEL,Crossfit Ambrosius,7:26.9,Yes,M,446.9,111.725,250.96719364733306
2903,Akos Rezmany,34,Budapest,HUN,,7:26.9,Yes,M,446.9,111.725,250.96719364733306
2903,Peter Scott,30,,GBR,Tay Rowing Club,7:26.9,Yes,M,446.9,111.725,250.96719364733306
2903,Tom Forsyth,52,"Kirkland, WA",USA,,7:26.9,No,M,446.9,111.725,250.96719364733306
2903,Marc POETE,67,,FRA,Club d'Aviron de Mer de La Rochelle (CAMLR),7:26.9,No,M,446.9,111.725,250.96719364733306
2903,Tor Sommervold,64,Trondheim,NOR,,7:26.9,No,M,446.9,111.725,250.96719364733306
2912,Stuart Grant-Coons,53,"Cincinnati, OH",USA,Queen City Rowing Club,7:27.0,Yes,M,447.0,111.75,250.79879696743495
2912,Kári Joensen,34,,FRO,,7:27.0,Yes,M,447.0,111.75,250.79879696743495
2912,Oliver Schoog,55,Willich,GER,,7:27.0,Yes,M,447.0,111.75,250.79879696743495
2912,Roger Clark,68,"Perth, Scotland",GBR,,7:27.0,No,M,447.0,111.75,250.79879696743495
2916,Tony Dang,38,,USA,,7:27.1,Yes,M,447.1,111.775,250.63055091067906
2916,Ward Dobbelaere,24,,NED,,7:27.1,Yes,M,447.1,111.775,250.63055091067906
2916,Brandon Fleet,49,"Bainbridge Island, WA",USA,Bainbridge Island Rowing,7:27.1,Yes,M,447.1,111.775,250.63055091067906
2916,Erwin Mendoza,33,,USA,,7:27.1,Yes,M,447.1,111.775,250.63055091067906
2916,Rodin Schimper,30,,CAN,,7:27.1,Yes,M,447.1,111.775,250.63055091067906
2916,Lars Stålhammar,54,,SWE,,7:27.1,Yes,M,447.1,111.775,250.63055091067906
2916,Jean-Pierre TALAMONA,62,Illzach,FRA,Mulhouse-Aviron,7:27.1,Yes,M,447.1,111.775,250.63055091067906
2923,Francisco Valentinotti,19,"Atlanta, GA",USA,Georgia Tech Rowing Club,7:27.2,Race,M,447.2,111.8,250.46245530869604
2923,Herbert Baumann,64,Eggendorf,AUT,Silent Water Neufeld,7:27.2,Yes,M,447.2,111.8,250.46245530869604
2923,Jason Beck,54,"Wayne, PA",USA,Whitemarsh Boat Club,7:27.2,Yes,M,447.2,111.8,250.46245530869604
2923,Justin Buckwalter,44,,USA,,7:27.2,Yes,M,447.2,111.8,250.46245530869604
2923,David Colin,53,Béziers,FRA,,7:27.2,Yes,M,447.2,111.8,250.46245530869604
2923,Jose Cunha,49,Porto,POR,Infante Remo,7:27.2,Yes,M,447.2,111.8,250.46245530869604
2923,Iain Duncan,44,,GBR,IBM Hursley Gym,7:27.2,Yes,M,447.2,111.8,250.46245530869604
2923,Stefan Knight,46,Tonbridge,GBR,,7:27.2,Yes,M,447.2,111.8,250.46245530869604
2923,Tim Must,56,,GBR,,7:27.2,Yes,M,447.2,111.8,250.46245530869604
2923,Steve Paddock,54,Dunedin,NZL,University of Otago,7:27.2,Yes,M,447.2,111.8,250.46245530869604
2923,Teng Ren,38,,CHN,China Indoor Rowers,7:27.2,Yes,M,447.2,111.8,250.46245530869604
2923,David Sancho García,50,Málaga,ESP,Club de Remo Torremolinos CRT,7:27.2,Yes,M,447.2,111.8,250.46245530869604
2923,Jonathan Taylor,41,Isles of Scilly,GBR,,7:27.2,Yes,M,447.2,111.8,250.46245530869604
2923,Adam Burroughs,31,AR,USA,EXR Rowing,7:27.2,No,M,447.2,111.8,250.46245530869604
2937,Sean O'Brien,20,"Atlanta, GA",USA,Auburn University Rowing Club,7:27.3,Race,M,447.3,111.825,250.29450999334227
2937,Huub Bierman,52,Polsbroek (UT),NED,,7:27.3,Yes,M,447.3,111.825,250.29450999334227
2937,David Cox,44,"Los Gatos, CA",USA,Los Gatos Rowing Club,7:27.3,Yes,M,447.3,111.825,250.29450999334227
2937,Enda Kelly,39,,IRL,,7:27.3,Yes,M,447.3,111.825,250.29450999334227
2937,Roger Masson,43,,USA,,7:27.3,Yes,M,447.3,111.825,250.29450999334227
2937,John Minelly,62,"Bothell, WA",USA,,7:27.3,Yes,M,447.3,111.825,250.29450999334227
2937,N O,36,HH,GER,,7:27.3,Yes,M,447.3,111.825,250.29450999334227
2937,Carl Runde,57,"Sydney, NSW",AUS,,7:27.3,Yes,M,447.3,111.825,250.29450999334227
2937,Brandon S,46,,USA,,7:27.3,Yes,M,447.3,111.825,250.29450999334227
2946,Dan Arney,21,,GBR,Hartpury University and College Boat Club,7:27.4,Race,M,447.4,111.85,250.1267147967001
2946,Sergey Dolgov,55,Nizhniy Novgorod,AIN,,7:27.4,Yes,M,447.4,111.85,250.1267147967001
2946,Sandro Fontanini,41,Mantes la Jolie,FRA,,7:27.4,Yes,M,447.4,111.85,250.1267147967001
2946,Niclas Granér,62,,SWE,,7:27.4,Yes,M,447.4,111.85,250.1267147967001
2946,Jan H,22,,SUI,,7:27.4,Yes,M,447.4,111.85,250.1267147967001
2946,Jason Hammond,56,,GBR,,7:27.4,Yes,M,447.4,111.85,250.1267147967001
2946,Peter Lin,39,,USA,,7:27.4,Yes,M,447.4,111.85,250.1267147967001
2946,Flemming Steenlykke,36,,DEN,,7:27.4,Yes,M,447.4,111.85,250.1267147967001
2946,Josh Whitaker,42,"Odessa, MO",USA,,7:27.4,Yes,M,447.4,111.85,250.1267147967001
2955,Marius Franklin,16,,USA,,7:27.5,Yes,M,447.5,111.875,249.9590695510762
2955,Keiran Hardie,35,,GBR,,7:27.5,Yes,M,447.5,111.875,249.9590695510762
2955,Mike Houghton,57,North Shropshire,GBR,,7:27.5,Yes,M,447.5,111.875,249.9590695510762
2955,Kasper Kjærgaard,36,,DEN,,7:27.5,Yes,M,447.5,111.875,249.9590695510762
2955,Dan Pierce,41,,USA,,7:27.5,Yes,M,447.5,111.875,249.9590695510762
2955,bruce yu,33,,CHN,,7:27.5,Yes,M,447.5,111.875,249.9590695510762
2955,Regis Wuller,43,Nancy,FRA,,7:27.5,No,M,447.5,111.875,249.9590695510762
2962,Cameron Hogg,52,Stirling,GBR,UK Rowers,7:27.6,Yes,M,447.6,111.9,249.7915740890027
2962,Noble Lantz,17,KY,USA,Louisville Rowing Club LRC,7:27.6,Yes,M,447.6,111.9,249.7915740890027
2962,Robin Lee,34,,GBR,,7:27.6,Yes,M,447.6,111.9,249.7915740890027
2962,Thomas Levallois,32,,FRA,,7:27.6,Yes,M,447.6,111.9,249.7915740890027
2962,Yann SENANT,47,,FRA,,7:27.6,Yes,M,447.6,111.9,249.7915740890027
2962,Joe Sharman,55,Spalding,GBR,,7:27.6,Yes,M,447.6,111.9,249.7915740890027
2962,David Snyder,43,,USA,,7:27.6,Yes,M,447.6,111.9,249.7915740890027
2962,Jeremy Landau,17,"Philadelphia, PA",USA,Fairmount Rowing Association,7:27.6,No,M,447.6,111.9,249.7915740890027
2970,Alessandro Arnoldi,58,,ITA,CANOTTIERI TRITIUM,7:27.7,Race,M,447.7,111.925,249.62422824323565
2970,Kishan Chauhan,33,,GBR,Seal PT Indoor rowing team,7:27.7,Race,M,447.7,111.925,249.62422824323565
2970,Mike Anderson,68,Farnham,GBR,,7:27.7,Yes,M,447.7,111.925,249.62422824323565
2970,Steve Briggs,37,,USA,,7:27.7,Yes,M,447.7,111.925,249.62422824323565
2970,Justin John Camilleri,38,Senglea,MLT,"Siggiewi RC, Malta",7:27.7,Yes,M,447.7,111.925,249.62422824323565
2970,Anton Erokhin,31,,AIN,,7:27.7,Yes,M,447.7,111.925,249.62422824323565
2970,Rasmus Fischer,22,,DEN,,7:27.7,Yes,M,447.7,111.925,249.62422824323565
2970,andy Jones,56,,GBR,,7:27.7,Yes,M,447.7,111.925,249.62422824323565
2970,Jens Luster,56,,GER,WEISSENFELSER RUDER-VEREIN 1884 e.V.,7:27.7,Yes,M,447.7,111.925,249.62422824323565
2970,David Norris,56,,GBR,,7:27.7,Yes,M,447.7,111.925,249.62422824323565
2970,Aman Sachan,16,"Oakton, VA",USA,,7:27.7,Yes,M,447.7,111.925,249.62422824323565
2970,Ian Warren,38,,USA,,7:27.7,Yes,M,447.7,111.925,249.62422824323565
2970,Peter Kemp,70,"Newcastle, NSW",AUS,Newcastle Rowing Club,7:27.7,No,M,447.7,111.925,249.62422824323565
2983,Hayo Cnossen,58,De Knipe,NED,,7:27.8,Yes,M,447.8,111.95,249.45703184675526
2983,Morten Decker,46,,DEN,,7:27.8,Yes,M,447.8,111.95,249.45703184675526
2983,Oscar Ellwood,16,,GBR,,7:27.8,Yes,M,447.8,111.95,249.45703184675526
2983,Rainer Grobauer,32,,AUT,Rowing for Beer,7:27.8,Yes,M,447.8,111.95,249.45703184675526
2983,Ole Espen Rakkestad,56,Oslo,NOR,,7:27.8,Yes,M,447.8,111.95,249.45703184675526
2983,Chris Scally,57,,GBR,,7:27.8,Yes,M,447.8,111.95,249.45703184675526
2989,Ehren Bittner,43,,USA,RowAlong,7:27.9,Yes,M,447.9,111.975,249.2899847327657
2989,Nathan Jeffrey,43,"Sarnia, ON",CAN,,7:27.9,Yes,M,447.9,111.975,249.2899847327657
2989,David Whale,59,Aberdeen,GBR,Forum Flyers,7:27.9,Yes,M,447.9,111.975,249.2899847327657
2992,Jeremy Alber,48,"Harker Heights, TX",USA,Worry about yourself,7:28.0,Yes,M,448.0,112.0,249.12308673469383
2992,Yigit Guven,38,,TUR,,7:28.0,Yes,M,448.0,112.0,249.12308673469383
2992,Jay Max,51,,FRA,,7:28.0,Yes,M,448.0,112.0,249.12308673469383
2992,Michael Gilligan,42,Darlington,GBR,,7:28.0,No,M,448.0,112.0,249.12308673469383
2996,fraser chadwick,35,,GBR,,7:28.1,Yes,M,448.1,112.025,248.9563376861903
2996,Mitchell Conrad,31,,AUS,,7:28.1,Yes,M,448.1,112.025,248.9563376861903
2996,Janos Cseke,57,Bicester,GBR,,7:28.1,Yes,M,448.1,112.025,248.9563376861903
2996,Gints Drigulis,24,,LAT,,7:28.1,Yes,M,448.1,112.025,248.9563376861903
2996,Wolfgang Kelz,58,Gröbenzell / Greater Munich area,GER,Team Ruderathlet,7:28.1,Yes,M,448.1,112.025,248.9563376861903
2996,Jan Portegijs,67,Eindhoven,NED,Dutch Eindhoven Rowing Association Beatrix,7:28.1,Yes,M,448.1,112.025,248.9563376861903
2996,Dion Durnford,58,"Fredericton, NB",CAN,EXR Rowing,7:28.1,No,M,448.1,112.025,248.9563376861903
3003,Simon Hall,52,,GBR,,7:28.2,Yes,M,448.2,112.05,248.78973742112782
3003,Bjorn Makein,48,,AUS,,7:28.2,Yes,M,448.2,112.05,248.78973742112782
3005,Nick Birse,41,Belfast,GBR,,7:28.3,Yes,M,448.3,112.075,248.6232857736015
3005,Carl Flink,59,"Minneapolis, MN",USA,"Lifetime Fitness St. Louis Park, MN",7:28.3,Yes,M,448.3,112.075,248.6232857736015
3005,James Holden,54,London,GBR,Molesey Boat Club,7:28.3,Yes,M,448.3,112.075,248.6232857736015
3005,Mike Martello,38,,GBR,,7:28.3,Yes,M,448.3,112.075,248.6232857736015
3005,Franz Rammerstorfer,43,,AUT,,7:28.3,Yes,M,448.3,112.075,248.6232857736015
3005,Daniel Sivertsen,50,,NOR,,7:28.3,Yes,M,448.3,112.075,248.6232857736015
3005,Marty Udisches,59,"Redwood City, CA",USA,Bair Island Aquatic Center (BIAC),7:28.3,Yes,M,448.3,112.075,248.6232857736015
3005,Semen Zamfiraky,34,,UKR,,7:28.3,Yes,M,448.3,112.075,248.6232857736015
3013,Brian Bass,43,CT,USA,,7:28.4,Yes,M,448.4,112.1,248.45698257792878
3013,Aaron Gavey,39,,GBR,,7:28.4,Yes,M,448.4,112.1,248.45698257792878
3013,Tim Hoyle,47,"Wayne, PA",USA,,7:28.4,Yes,M,448.4,112.1,248.45698257792878
3013,Doug Klassen,47,"Seattle, WA",USA,,7:28.4,Yes,M,448.4,112.1,248.45698257792878
3013,Kyle Newman,36,,CAN,,7:28.4,Yes,M,448.4,112.1,248.45698257792878
3013,Michael Parfitt,16,ON,CAN,,7:28.4,Yes,M,448.4,112.1,248.45698257792878
3013,Petter Skåret,48,,NOR,,7:28.4,Yes,M,448.4,112.1,248.45698257792878
3013,Kari Tuominen,39,Porvoo,FIN,,7:28.4,Yes,M,448.4,112.1,248.45698257792878
3021,Brian Crounse,53,"Concord, MA",USA,Ever Green Boat Club,7:28.5,Yes,M,448.5,112.125,248.29082766864803
3021,Espen Holm,62,Oslo,NOR,Empty the Tanks,7:28.5,Yes,M,448.5,112.125,248.29082766864803
3021,Kenneth Stamper,38,,USA,,7:28.5,Yes,M,448.5,112.125,248.29082766864803
3021,Filipe Agante,56,Porto,POR,Real Clube Fluvial Portuense,7:28.5,No,M,448.5,112.125,248.29082766864803
3025,Haidyn Arnett,22,"Atlanta, GA",USA,Georgia Tech Rowing Club,7:28.6,Race,M,448.6,112.15,248.12482088051948
3025,Stuart Lindenmayer,49,,AUS,,7:28.6,Yes,M,448.6,112.15,248.12482088051948
3025,Richard Lyes,55,Suffolk,GBR,,7:28.6,Yes,M,448.6,112.15,248.12482088051948
3025,Callum McGregor,43,,CAN,,7:28.6,Yes,M,448.6,112.15,248.12482088051948
3025,Marko Onlajner,46,,CRO,,7:28.6,Yes,M,448.6,112.15,248.12482088051948
3025,Tim Pointer,69,Langstone,GBR,Age Against The Machine,7:28.6,Yes,M,448.6,112.15,248.12482088051948
3025,Eggert Reese,69,München,GER,The Diamonds (Over Sixties Erging Group),7:28.6,Yes,M,448.6,112.15,248.12482088051948
3032,Knut Asplund,56,,NOR,,7:28.7,Yes,M,448.7,112.175,247.958962048524
3032,Carl Benton,43,,NZL,,7:28.7,Yes,M,448.7,112.175,247.958962048524
3032,Ja Ro,25,,IND,,7:28.7,Yes,M,448.7,112.175,247.958962048524
3032,Douglas Weine,47,,USA,,7:28.7,Yes,M,448.7,112.175,247.958962048524
3036,Connor Ellis,16,,AUS,,7:28.8,Yes,M,448.8,112.2,247.7932510078629
3036,Bruce Gascoine,65,Henley on Thames,GBR,,7:28.8,Yes,M,448.8,112.2,247.7932510078629
3036,Simon Vogt,43,,GER,,7:28.8,Yes,M,448.8,112.2,247.7932510078629
3036,Mike Mangnall,53,,RSA,,7:28.8,No,M,448.8,112.2,247.7932510078629
3040,Ruben Alonso,50,,GBR,,7:28.9,Yes,M,448.9,112.225,247.62768759395811
3040,Henry Fraser,14,,GBR,,7:28.9,Yes,M,448.9,112.225,247.62768759395811
3040,Tim Henderson,53,"Newcastle, NSW",AUS,,7:28.9,Yes,M,448.9,112.225,247.62768759395811
3040,Tom Howell,67,WA,USA,,7:28.9,Yes,M,448.9,112.225,247.62768759395811
3040,Michael Walsh,63,"Renton, WA",USA,Renton Rowing,7:28.9,Yes,M,448.9,112.225,247.62768759395811
3040,Timothy Bayler,51,"Arlington, WA",USA,,7:28.9,No,M,448.9,112.225,247.62768759395811
3040,Lukasz Wija,42,Krakow,POL,,7:28.9,No,M,448.9,112.225,247.62768759395811
3047,Mike Avendt,45,,USA,,7:29.0,Yes,M,449.0,112.25,247.4622716424509
3047,Charlie Bibby,26,South Wales,GBR,Royal Air Force (UK),7:29.0,Yes,M,449.0,112.25,247.4622716424509
3047,Leon Galler,55,West Malling,GBR,,7:29.0,Yes,M,449.0,112.25,247.4622716424509
3047,Daniel Tarkan Nacak Rasmussen,31,,DEN,,7:29.0,No,M,449.0,112.25,247.4622716424509
3051,Shawn Austin,47,WA,USA,U.S. Navy,7:29.1,Yes,M,449.1,112.275,247.29700298920267
3051,William Carpenter,42,"Attleboro, MA",USA,,7:29.1,Yes,M,449.1,112.275,247.29700298920267
3051,Datch Nayager,18,,GBR,,7:29.1,Yes,M,449.1,112.275,247.29700298920267
3051,Jason Oltrop,46,"winnipeg, MB",CAN,,7:29.1,Yes,M,449.1,112.275,247.29700298920267
3051,Robert Scott,55,Eastleigh,GBR,Fitness Matters,7:29.1,Yes,M,449.1,112.275,247.29700298920267
3051,Alan Urgelles,45,"San Diego, CA",USA,,7:29.1,Yes,M,449.1,112.275,247.29700298920267
3051,Jacob Davis,49,,USA,,7:29.1,No,M,449.1,112.275,247.29700298920267
3058,Michiel Creffier,43,,BEL,,7:29.2,Yes,M,449.2,112.3,247.1318814702935
3058,John Darwin,34,"Omaha, NE",USA,,7:29.2,Yes,M,449.2,112.3,247.1318814702935
3058,Pete Donohue,56,"Bantam, CT",USA,Litchfield Hills Rowing Club,7:29.2,Yes,M,449.2,112.3,247.1318814702935
3058,Daniel Keegan,43,"San Antonio, TX",USA,,7:29.2,Yes,M,449.2,112.3,247.1318814702935
3058,Iain McDonald,37,,GBR,,7:29.2,Yes,M,449.2,112.3,247.1318814702935
3058,Tomasz Zmojdzin,63,,POL,The Diamonds (Over Sixties Erging Group),7:29.2,Yes,M,449.2,112.3,247.1318814702935
3058,Данил Егоров,20,,AIN,,7:29.2,Yes,M,449.2,112.3,247.1318814702935
3065,Andrew Bean,58,"East Aurora, NY",USA,,7:29.3,Yes,M,449.3,112.325,246.96690692202253
3065,Scott Fenton,50,Stoke On Trent,GBR,,7:29.3,Yes,M,449.3,112.325,246.96690692202253
3065,Steve Marsh,59,"Llantwit Major, South Wales",GBR,The Diamonds (Over Sixties Erging Group),7:29.3,Yes,M,449.3,112.325,246.96690692202253
3065,Dragutin Snajdar,50,Selce,CRO,,7:29.3,Yes,M,449.3,112.325,246.96690692202253
3065,Leighton Werahiko,41,Tauranga,NZL,,7:29.3,Yes,M,449.3,112.325,246.96690692202253
3065,Terje Antonisen,50,,NOR,,7:29.3,No,M,449.3,112.325,246.96690692202253
3065,Lincoln Harrell,15,Orlando FL,USA,Boone Crew,7:29.3,No,M,449.3,112.325,246.96690692202253
3072,Richard Alton,51,Bingley,GBR,Yorkshire Virtual RC,7:29.4,Yes,M,449.4,112.35,246.80207918090767
3072,Mark Bromfield,63,,GBR,,7:29.4,Yes,M,449.4,112.35,246.80207918090767
3072,Alessandro Cota,49,,ITA,,7:29.4,Yes,M,449.4,112.35,246.80207918090767
3072,Mark Ellerington,59,Durham,GBR,,7:29.4,Yes,M,449.4,112.35,246.80207918090767
3072,TY Huang,26,,CHN,Beyond Power,7:29.4,Yes,M,449.4,112.35,246.80207918090767
3072,Adam Sheehan,33,,IRL,,7:29.4,Yes,M,449.4,112.35,246.80207918090767
3072,Garry Shortall,53,,GBR,,7:29.4,Yes,M,449.4,112.35,246.80207918090767
3072,Kevin Smothers,45,TN,USA,,7:29.4,Yes,M,449.4,112.35,246.80207918090767
3072,Andy Sturt,58,,GBR,,7:29.4,Yes,M,449.4,112.35,246.80207918090767
3072,Gregory Thomson,55,"Pleasant Grove, UT",USA,,7:29.4,Yes,M,449.4,112.35,246.80207918090767
3072,Mark Welles,65,,HKG,,7:29.4,Yes,M,449.4,112.35,246.80207918090767
3072,Nate Hemming,44,"Milwaukee, WI",USA,,7:29.4,No,M,449.4,112.35,246.80207918090767
3072,Brad Herndon,50,"Fort Walton Beach, FL",USA,,7:29.4,No,M,449.4,112.35,246.80207918090767
3072,Zaki Pucci,15,"Pelham, NY",USA,,7:29.4,No,M,449.4,112.35,246.80207918090767
3072,Jan Weitzel,48,,GER,,7:29.4,No,M,449.4,112.35,246.80207918090767
3087,Magnus Connell,16,,AUS,Brisbane Grammar School,7:29.5,Yes,M,449.5,112.375,246.63739808368436
3087,William Fioramonti,67,"Boone, NC",USA,,7:29.5,Yes,M,449.5,112.375,246.63739808368436
3087,Carl Marcum,44,,USA,,7:29.5,Yes,M,449.5,112.375,246.63739808368436
3087,William Oh,20,"Princeton, NJ",USA,,7:29.5,Yes,M,449.5,112.375,246.63739808368436
3087,Francis Slakey,62,"Washington, DC",USA,,7:29.5,Yes,M,449.5,112.375,246.63739808368436
3092,Christian COQUEL,50,Frontignan,FRA,,7:29.6,Yes,M,449.6,112.4,246.47286346730652
3092,Andrew Dellamorte,15,MA,USA,,7:29.6,Yes,M,449.6,112.4,246.47286346730652
3092,Max Heron,69,Goring,GBR,Reading Rowing Club (UK),7:29.6,Yes,M,449.6,112.4,246.47286346730652
3092,Bartosz Ignac,39,,POL,,7:29.6,Yes,M,449.6,112.4,246.47286346730652
3092,Rob Latham,54,"Greenville, SC",USA,YMCA of Greenville (SC),7:29.6,Yes,M,449.6,112.4,246.47286346730652
3092,Jian Lou,52,,CHN,,7:29.6,Yes,M,449.6,112.4,246.47286346730652
3092,David Norton,54,"Mooresville, NC",USA,LK Davidson Sculling/Indoor Rowing,7:29.6,Yes,M,449.6,112.4,246.47286346730652
3092,Matias Pozzo,52,Santa Fe,ARG,Club Regatas Santa Fe,7:29.6,Yes,M,449.6,112.4,246.47286346730652
3092,M S,43,,SLO,,7:29.6,Yes,M,449.6,112.4,246.47286346730652
3092,Guy Schott,62,"Santa Rosa, CA",USA,,7:29.6,Yes,M,449.6,112.4,246.47286346730652
3092,Sam Whiteman,43,"Sydney, NSW",AUS,,7:29.6,Yes,M,449.6,112.4,246.47286346730652
3092,Jonathan Williams,40,,GBR,,7:29.6,Yes,M,449.6,112.4,246.47286346730652
3092,Graham Freeborn,63,Eastbourne,GBR,,7:29.6,No,M,449.6,112.4,246.47286346730652
3092,Aston Ramsey,35,,GBR,,7:29.6,No,M,449.6,112.4,246.47286346730652
3106,Chris Gaylord,66,London,GBR,Fat Cat Rowing Club,7:29.7,Yes,M,449.7,112.425,246.30847516894525
3106,Jacek Holeczek,61,"Kingston, UK",POL,Polish Indoor Rowing Team,7:29.7,Yes,M,449.7,112.425,246.30847516894525
3106,Harald Linke,44,,GER,,7:29.7,Yes,M,449.7,112.425,246.30847516894525
3106,Jacob Kaufman,43,,USA,Westerville Rowing Club,7:29.7,No,M,449.7,112.425,246.30847516894525
3110,Thomas Hasker,46,,GBR,,7:29.8,Race,M,449.8,112.45,246.1442330259887
3110,Neven Antic,42,,AUS,,7:29.8,Yes,M,449.8,112.45,246.1442330259887
3110,Jarrod Gallas,43,,AUS,Aussie Roos,7:29.8,Yes,M,449.8,112.45,246.1442330259887
3110,Willie Hansen,41,,NZL,,7:29.8,Yes,M,449.8,112.45,246.1442330259887
3110,Julian Mellors,59,,GBR,,7:29.8,Yes,M,449.8,112.45,246.1442330259887
3110,Mat Saunders,52,,AUS,,7:29.8,Yes,M,449.8,112.45,246.1442330259887
3110,Adam Yalowich,68,"Tampa, FL",USA,Fitness Matters,7:29.8,Yes,M,449.8,112.45,246.1442330259887
3110,Roshan Hassan,22,"Edmonton, AB",CAN,University of Alberta,7:29.8,No,M,449.8,112.45,246.1442330259887
3110,Carl Nolan,59,Bidford on Avon,GBR,,7:29.8,No,M,449.8,112.45,246.1442330259887
3120,Wenbo Huang,43,Nürnberg,GER,GERMAN Rowers and FRIENDS United,7:29.9,Yes,M,449.9,112.475,245.98013687604228
3120,Chathura Lakshan,24,,SRI,,7:29.9,Yes,M,449.9,112.475,245.98013687604228
3120,Travis Miller,34,"Jackson, MI",USA,,7:29.9,Yes,M,449.9,112.475,245.98013687604228
3120,Neil Pooley,50,"Perth, WA",AUS,,7:29.9,No,M,449.9,112.475,245.98013687604228
3124,Lovan Aegir,36,,BEL,,7:30.0,Yes,M,450.0,112.5,245.81618655692725
3124,Hans Kolb,40,,GER,,7:30.0,Yes,M,450.0,112.5,245.81618655692725
3124,Patrik Pleský,52,Bruntál 🇨🇿,CZE,Concept Fitness Czechia,7:30.0,Yes,M,450.0,112.5,245.81618655692725
3124,Benjamin Switala,38,,USA,Western Reserve Rowing Association,7:30.0,Yes,M,450.0,112.5,245.81618655692725
3124,Juul Vanlerberghe,17,,BEL,,7:30.0,Yes,M,450.0,112.5,245.81618655692725
3124,Dan Apps,57,Caistor,GBR,Free Spirits,7:30.0,No,M,450.0,112.5,245.81618655692725
3124,Nick Crean,58,,GBR,,7:30.0,No,M,450.0,112.5,245.81618655692725
3124,Ronan Hawkins,18,,IRL,Kilmacsimon Swimming and Rowing Club,7:30.0,No,M,450.0,112.5,245.81618655692725
3124,Steven Palmer,36,,CAN,,7:30.0,No,M,450.0,112.5,245.81618655692725
3124,Brian Roth,46,ME,USA,,7:30.0,No,M,450.0,112.5,245.81618655692725
3124,MASACHIKA TAKATA,52,,JPN,,7:30.0,No,M,450.0,112.5,245.81618655692725
3135,Eric Dixon,58,Nelspruit,RSA,Shosholoza,7:30.1,Yes,M,450.1,112.525,245.6523819066816
3135,Mike Forder,72,"Broadstone, Dorset",GBR,The Diamonds (Over Sixties Erging Group),7:30.1,Yes,M,450.1,112.525,245.6523819066816
3135,Daniel Olšiak,53,Zvolen,SVK,Slovak Indoor Rowers,7:30.1,Yes,M,450.1,112.525,245.6523819066816
3135,Alex Porazinski,48,,GBR,,7:30.1,Yes,M,450.1,112.525,245.6523819066816
3135,Bruno Santos,41,,POR,,7:30.1,Yes,M,450.1,112.525,245.6523819066816
3140,Jacob Hartley,17,,GBR,RGS Worcester,7:30.2,Race,M,450.2,112.55,245.4887227635587
3140,John Connor,48,"Alcoa, TN",USA,,7:30.2,Yes,M,450.2,112.55,245.4887227635587
3140,Jackson Dubas,27,,USA,,7:30.2,Yes,M,450.2,112.55,245.4887227635587
3140,Kurt Hibbard,43,"Oklahoma City, OK",USA,OKC RIVERSPORT,7:30.2,Yes,M,450.2,112.55,245.4887227635587
3140,Bryan Scott,45,,AUS,,7:30.2,Yes,M,450.2,112.55,245.4887227635587
3140,Marek Solak,52,,POL,,7:30.2,Yes,M,450.2,112.55,245.4887227635587
3140,Steve Tappan,57,"Alexandria, VA",USA,,7:30.2,Yes,M,450.2,112.55,245.4887227635587
3147,Archie Maitre,16,,GBR,Evesham Rowing Club,7:30.3,Race,M,450.3,112.575,245.3252089660276
3147,Olivier Beno,42,,FRA,,7:30.3,Yes,M,450.3,112.575,245.3252089660276
3147,Miguel Caetano,58,Barreiro,POR,Grupo Desportivo Ferroviários do Barreiro,7:30.3,Yes,M,450.3,112.575,245.3252089660276
3147,Dimitri De Roeck,40,,BEL,,7:30.3,Yes,M,450.3,112.575,245.3252089660276
3147,roberto di luzio,64,civitavecchia,ITA,The Diamonds (Over Sixties Erging Group),7:30.3,Yes,M,450.3,112.575,245.3252089660276
3147,Bob France,58,"Saratoga, CA",USA,Los Gatos Rowing Club,7:30.3,Yes,M,450.3,112.575,245.3252089660276
3147,Tim Smith,51,,GBR,,7:30.3,Yes,M,450.3,112.575,245.3252089660276
3154,Richie Galloway,45,Christchurch 🇳🇿,NZL,,7:30.4,Yes,M,450.4,112.6,245.16184035277266
3154,Aiden McKeeby,23,,USA,,7:30.4,Yes,M,450.4,112.6,245.16184035277266
3156,Mike Brown,47,"Fergus, ON",CAN,,7:30.5,Yes,M,450.5,112.625,244.99861676269242
3156,andy cole,70,"Newquay, Cornwall",GBR,,7:30.5,Yes,M,450.5,112.625,244.99861676269242
3156,Jack Dougherty,16,,USA,,7:30.5,Yes,M,450.5,112.625,244.99861676269242
3156,John Garrity,56,"Yorktown Heights, NY",USA,,7:30.5,Yes,M,450.5,112.625,244.99861676269242
3156,Mikhail Gnedkovskii,31,,GBR,,7:30.5,Yes,M,450.5,112.625,244.99861676269242
3156,Alex Kravitz,37,,UKR,,7:30.5,Yes,M,450.5,112.625,244.99861676269242
3156,Anders Martin,56,Oslo,NOR,Age Without Limits,7:30.5,Yes,M,450.5,112.625,244.99861676269242
3156,Nate West,37,"Lincoln, NE",USA,Tiger Strength & Wellness,7:30.5,Yes,M,450.5,112.625,244.99861676269242
3164,Mark Foto,50,"Ottawa, ON",CAN,Darkhorse Rowing,7:30.6,Yes,M,450.6,112.65,244.83553803490057
3164,Mason Gauthier,15,,CAN,Ottawa Rowing Club,7:30.6,Yes,M,450.6,112.65,244.83553803490057
3164,Struan Logan,44,"Sydney, NSW",AUS,,7:30.6,Yes,M,450.6,112.65,244.83553803490057
3164,Philip Mote,60,,USA,Corvallis Rowing Club,7:30.6,Yes,M,450.6,112.65,244.83553803490057
3164,Peter Ott,45,"Newport, RI",USA,U.S. Navy,7:30.6,Yes,M,450.6,112.65,244.83553803490057
3164,William Rash,46,"Kansas City, MO",USA,,7:30.6,Yes,M,450.6,112.65,244.83553803490057
3164,Stefan Rolands,60,,SWE,,7:30.6,Yes,M,450.6,112.65,244.83553803490057
3164,Herman Schuurman,55,,NED,,7:30.6,Yes,M,450.6,112.65,244.83553803490057
3164,Bernhard Keck,65,Sulzbach-Rosenberg,GER,The Diamonds (Over Sixties Erging Group),7:30.6,No,M,450.6,112.65,244.83553803490057
3173,Peter Bradshaw,46,"San Francisco, CA",USA,Dolphin Club,7:30.7,Yes,M,450.7,112.675,244.67260400872468
3173,Felipe Del Villar,57,,USA,,7:30.7,Yes,M,450.7,112.675,244.67260400872468
3173,Brady Hartell,37,,GBR,,7:30.7,Yes,M,450.7,112.675,244.67260400872468
3173,Doug Insole,60,,GBR,,7:30.7,Yes,M,450.7,112.675,244.67260400872468
3173,Thomas Platzk,49,,GER,,7:30.7,Yes,M,450.7,112.675,244.67260400872468
3173,Josh Lewis,35,,AUS,,7:30.7,No,M,450.7,112.675,244.67260400872468
3173,Philippe Troivaux,72,Compiègne,FRA,Sport Nautique Compiegnois,7:30.7,No,M,450.7,112.675,244.67260400872468
3180,Mingkuan Yan,21,"Atlanta, GA",USA,Georgia Tech Rowing Club,7:30.8,Race,M,450.8,112.7,244.50981452370587
3180,Paul Fourie,51,Johannesburg,RSA,,7:30.8,Yes,M,450.8,112.7,244.50981452370587
3180,Konrad Frankenberg,49,Gotha,GER,Team Ruderathlet,7:30.8,Yes,M,450.8,112.7,244.50981452370587
3180,Peter Greendyke,63,"Pittsford, NY",USA,,7:30.8,Yes,M,450.8,112.7,244.50981452370587
3180,Kerry Lee,65,Cleveleys Nr Blackpool,GBR,The Diamonds (Over Sixties Erging Group),7:30.8,Yes,M,450.8,112.7,244.50981452370587
3180,Andy Treharne,40,,AUS,,7:30.8,Yes,M,450.8,112.7,244.50981452370587
3180,Ben Cowling,47,,GBR,,7:30.8,No,M,450.8,112.7,244.50981452370587
3180,Emilien Tombre,17,,FRA,Mittersheim US,7:30.8,No,M,450.8,112.7,244.50981452370587
3188,Neil Heathorn,52,Beverley,GBR,,7:30.9,Yes,M,450.9,112.725,244.34716941959937
3188,Tor Lygre Jensen,56,Oslo,NOR,RowPro Rowers,7:30.9,Yes,M,450.9,112.725,244.34716941959937
3188,Fabian Padun,40,,SUI,,7:30.9,Yes,M,450.9,112.725,244.34716941959937
3188,Mike Pohio,67,,NZL,The Diamonds (Over Sixties Erging Group),7:30.9,Yes,M,450.9,112.725,244.34716941959937
3188,Jonas Wiberg,57,,SWE,,7:30.9,Yes,M,450.9,112.725,244.34716941959937
3188,Bill Hodapp,64,"Duluth, MN",USA,Duluth Rowing Club,7:30.9,No,M,450.9,112.725,244.34716941959937
3194,William Oliver,19,"Atlanta, GA",USA,Berry College Viking Crew,7:31.0,Race,M,451.0,112.75,244.18466853637267
3194,Nicholas Clark,42,,USA,,7:31.0,Yes,M,451.0,112.75,244.18466853637267
3194,Colin Clarry,39,,USA,,7:31.0,Yes,M,451.0,112.75,244.18466853637267
3194,David F,37,,GER,,7:31.0,Yes,M,451.0,112.75,244.18466853637267
3194,David Kinghan,44,,GBR,,7:31.0,Yes,M,451.0,112.75,244.18466853637267
3194,Owen Moore,46,,GBR,Yealm Gig Rowing Club,7:31.0,Yes,M,451.0,112.75,244.18466853637267
3194,Alex Smith,49,,AUS,,7:31.0,Yes,M,451.0,112.75,244.18466853637267
3194,Al Suniato,25,,AIN,,7:31.0,Yes,M,451.0,112.75,244.18466853637267
3194,Chris van Rossem,55,"Toronto, ON",CAN,,7:31.0,Yes,M,451.0,112.75,244.18466853637267
3194,Ahmed Alsharif,41,,KSA,,7:31.0,No,M,451.0,112.75,244.18466853637267
3194,Brendan Bourque,27,"Oak Harbor, WA",USA,,7:31.0,No,M,451.0,112.75,244.18466853637267
3194,Martin Boyer,56,"Blainville, QC",CAN,,7:31.0,No,M,451.0,112.75,244.18466853637267
3206,Steve Keating,56,Fairford,GBR,Royal Air Force (UK),7:31.1,Yes,M,451.1,112.775,244.02231171420684
3206,Stan Shatenstein,71,"Montreal, QC",CAN,,7:31.1,Yes,M,451.1,112.775,244.02231171420684
3206,Andrea Nic,61,,ITA,,7:31.1,No,M,451.1,112.775,244.02231171420684
3206,Ross Thomson,62,"Aspinwall, PA",USA,Three Rivers Rowing Association,7:31.1,No,M,451.1,112.775,244.02231171420684
3210,John Bacon,49,,GBR,,7:31.2,Race,M,451.2,112.8,243.86009879349507
3210,Daniel Anaya,52,"Portsmouth, NH",USA,,7:31.2,Yes,M,451.2,112.8,243.86009879349507
3210,Tim Rayner,47,Solihull,GBR,,7:31.2,Yes,M,451.2,112.8,243.86009879349507
3210,Tim Read,61,Edinburgh,GBR,,7:31.2,Yes,M,451.2,112.8,243.86009879349507
3210,Graeme Troll,60,,GBR,"Broxbourne Rowing Club, England",7:31.2,No,M,451.2,112.8,243.86009879349507
3215,Dan Clarke,39,AB,CAN,,7:31.3,Yes,M,451.3,112.825,243.69802961484262
3215,Steve Costall,61,Market Harborough,GBR,,7:31.3,Yes,M,451.3,112.825,243.69802961484262
3215,Nathan Georgeon,22,Latour bas Elne,FRA,,7:31.3,Yes,M,451.3,112.825,243.69802961484262
3215,Bryan Lai,40,,AUS,,7:31.3,Yes,M,451.3,112.825,243.69802961484262
3215,Matthew Newcomb,52,Harrogate,GBR,,7:31.3,Yes,M,451.3,112.825,243.69802961484262
3215,Peter Oswald,71,Niederurnen,SUI,The Diamonds (Over Sixties Erging Group),7:31.3,Yes,M,451.3,112.825,243.69802961484262
3215,Andras Szucs,39,,HUN,,7:31.3,Yes,M,451.3,112.825,243.69802961484262
3222,Holger Hofmann,61,Butzbach,GER,The Diamonds (Over Sixties Erging Group),7:31.4,Yes,M,451.4,112.85,243.536104019067
3222,Andor Ivan,37,,GBR,,7:31.4,Yes,M,451.4,112.85,243.536104019067
3222,Stephen Kent,49,,JPN,Japan & Friends Indoor Rowers,7:31.4,Yes,M,451.4,112.85,243.536104019067
3222,Gerrit Reubold,57,,GER,,7:31.4,Yes,M,451.4,112.85,243.536104019067
3222,greg simons,53,"Sarasota, FL",USA,Sarasota County Rowing Club,7:31.4,Yes,M,451.4,112.85,243.536104019067
3227,Heinz Arent,69,Koblenz,GER,The Diamonds (Over Sixties Erging Group),7:31.5,Yes,M,451.5,112.875,243.3743218471966
3227,Luke Buckley,15,,USA,James River High School,7:31.5,Yes,M,451.5,112.875,243.3743218471966
3227,Marcin Drewczynski,47,,POL,,7:31.5,Yes,M,451.5,112.875,243.3743218471966
3227,François Marini,62,Paris,FRA,,7:31.5,Yes,M,451.5,112.875,243.3743218471966
3227,Theo Scripps,58,"Nashville, TN",USA,Nashville Rowing Club,7:31.5,Yes,M,451.5,112.875,243.3743218471966
3227,John Stelmaski,65,"Mount Laurel, NJ",USA,Cooper Rowing Club,7:31.5,Yes,M,451.5,112.875,243.3743218471966
3227,Owain Tucker,54,Banchory,GBR,,7:31.5,Yes,M,451.5,112.875,243.3743218471966
3227,Richard Watson,57,Beverley,GBR,EXR Rowing,7:31.5,Yes,M,451.5,112.875,243.3743218471966
3235,Trym Asserson,48,,NOR,,7:31.6,Yes,M,451.6,112.9,243.21268294047155
3235,Pontus Davidsson,55,,SWE,,7:31.6,Yes,M,451.6,112.9,243.21268294047155
3235,Nic Ford,57,"Mansfield, Nottinghamshire",GBR,,7:31.6,Yes,M,451.6,112.9,243.21268294047155
3235,Richard Stott,65,Burnley,GBR,RowAlong,7:31.6,Yes,M,451.6,112.9,243.21268294047155
3235,Letterio Visalli,38,Messina,ITA,,7:31.6,Yes,M,451.6,112.9,243.21268294047155
3240,Mike Grady,42,"Cambridge, VT",USA,,7:31.7,Yes,M,451.7,112.925,243.05118714034242
3241,Hardy Behrend,38,,GER,,7:31.8,Yes,M,451.8,112.95,242.88983428847035
3241,Craig Nicholls,59,Halley bay,GBR,,7:31.8,Yes,M,451.8,112.95,242.88983428847035
3241,richard reschen,46,,GBR,Wolfson College (Oxford) Boat Club,7:31.8,Yes,M,451.8,112.95,242.88983428847035
3241,Arjan Verweij,58,Pays-de-Gex,FRA,,7:31.8,Yes,M,451.8,112.95,242.88983428847035
3245,Stuart Richards,56,Telford,GBR,Wrekin Rowers,7:31.9,Race,M,451.9,112.975,242.72862422672705
3245,Jeffrey Gilbert,60,"Ann Arbor, MI",USA,Ann Arbor Rowing Club,7:31.9,Yes,M,451.9,112.975,242.72862422672705
3245,Mike Hirst,46,,GBR,,7:31.9,Yes,M,451.9,112.975,242.72862422672705
3245,Michał Klima,51,,POL,Polish Indoor Rowing Team,7:31.9,Yes,M,451.9,112.975,242.72862422672705
3245,Adrian Walker,62,North Yorkshire,GBR,Royal Navy Veterans,7:31.9,No,M,451.9,112.975,242.72862422672705
3250,Oliver Watson-Moody,17,,GBR,"Queen Elizabeth High School, Rowing Club",7:32.0,Race,M,452.0,113.0,242.5675567971934
3250,kerem erkin,47,,UAE,,7:32.0,Yes,M,452.0,113.0,242.5675567971934
3250,Paul O'Donovan,44,Bantry,IRL,,7:32.0,Yes,M,452.0,113.0,242.5675567971934
3250,Adam Przezdziecki,56,,POL,,7:32.0,Yes,M,452.0,113.0,242.5675567971934
3250,Chris Schaefer,38,"Baltimore, MD",USA,Baltimore Community Rowing,7:32.0,Yes,M,452.0,113.0,242.5675567971934
3250,Dan Smereck,56,"Camden, ME",USA,,7:32.0,Yes,M,452.0,113.0,242.5675567971934
3250,Chris Childers,38,"San Francisco, CA",USA,,7:32.0,No,M,452.0,113.0,242.5675567971934
3250,Andreas Kuhlen,39,,GER,,7:32.0,No,M,452.0,113.0,242.5675567971934
3258,Edward Jamer,46,"Fredericton, NB",CAN,,7:32.1,Yes,M,452.1,113.025,242.40663184216046
3258,Eren Kuru,35,,GBR,,7:32.1,Yes,M,452.1,113.025,242.40663184216046
3258,Max X,15,,GBR,,7:32.1,Yes,M,452.1,113.025,242.40663184216046
3261,Alexander Bird,61,,GBR,Lady Margaret BC,7:32.2,Race,M,452.2,113.05,242.24584920412818
3261,Neil Wigster Bennett,59,Veteran,GBR,Royal Marines,7:32.2,Yes,M,452.2,113.05,242.24584920412818
3261,Owen Heisey,38,"Bexley, OH",USA,,7:32.2,Yes,M,452.2,113.05,242.24584920412818
3261,Henrik M,54,,DEN,,7:32.2,Yes,M,452.2,113.05,242.24584920412818
3261,Ruslan Sumin,32,BOGUSLAV,UKR,,7:32.2,Yes,M,452.2,113.05,242.24584920412818
3266,Lars Renlund,19,,USA,Auburn University,7:32.3,Race,M,452.3,113.075,242.08520872580536
3266,Alexander Goertz,39,,GER,,7:32.3,Yes,M,452.3,113.075,242.08520872580536
3266,Mats Gustavsson,60,Helsingborg,SWE,The Diamonds (Over Sixties Erging Group),7:32.3,Yes,M,452.3,113.075,242.08520872580536
3266,Narve Toverod,61,Tonsberg,NOR,Norwegian Navy,7:32.3,Yes,M,452.3,113.075,242.08520872580536
3270,Lee Arthur,49,,GBR,Doncaster Rowing Club,7:32.4,Race,M,452.4,113.1,241.92471025010965
3270,Peter Blackwell,54,,GBR,Seal PT Indoor rowing team,7:32.4,Race,M,452.4,113.1,241.92471025010965
3270,M Brown,57,"Washington, DC",USA,East Bay Rowing Club,7:32.4,Yes,M,452.4,113.1,241.92471025010965
3270,Jannik Büchler,49,Hamburg,GER,SEALFIT,7:32.4,Yes,M,452.4,113.1,241.92471025010965
3270,Tomasz Korwel,48,"Sauk City, WI",USA,,7:32.4,Yes,M,452.4,113.1,241.92471025010965
3270,Paul Mayer,59,"O’Fallon, IL",USA,Harvard University,7:32.4,Yes,M,452.4,113.1,241.92471025010965
3270,Des Norton,70,"Fleet, Hampshire",GBR,Reading Rowing Club (UK),7:32.4,Yes,M,452.4,113.1,241.92471025010965
3270,Stephen Woodall,52,Stafford,GBR,,7:32.4,Yes,M,452.4,113.1,241.92471025010965
3270,andrew worley,56,,GBR,,7:32.4,Yes,M,452.4,113.1,241.92471025010965
3270,Michal Bertl,60,Halouny 🇨🇿,CZE,The Diamonds (Over Sixties Erging Group),7:32.4,No,M,452.4,113.1,241.92471025010965
3280,Marshall Keith,16,"Atlanta, GA",USA,Lake Lanier Rowing Club,7:32.5,Race,M,452.5,113.125,241.7643536201665
3280,Don Garrett,51,"Lake Oswego , OR",USA,Lake Oswego Community Rowing (LOCR),7:32.5,Yes,M,452.5,113.125,241.7643536201665
3280,Andrzej Makarewicz,44,Warsaw,POL,,7:32.5,Yes,M,452.5,113.125,241.7643536201665
3280,Gordon Pollard,61,,GBR,,7:32.5,No,M,452.5,113.125,241.7643536201665
3284,Szymon Borys,30,,POL,,7:32.6,Yes,M,452.6,113.15,241.60413867930976
3284,Dameon Duncan,47,,USA,,7:32.6,Yes,M,452.6,113.15,241.60413867930976
3284,Adam Hrabec,38,Český Těšín,CZE,,7:32.6,Yes,M,452.6,113.15,241.60413867930976
3284,Dan Krause,53,"Manhattan, KS",USA,,7:32.6,Yes,M,452.6,113.15,241.60413867930976
3284,Scott Olden,55,,USA,,7:32.6,Yes,M,452.6,113.15,241.60413867930976
3284,Yash Gosalia,17,"Andover, MA",USA,Greater Lawrence Rowing,7:32.6,No,M,452.6,113.15,241.60413867930976
3284,Vidar Magnusson,55,Reykjavík,ISL,,7:32.6,No,M,452.6,113.15,241.60413867930976
3291,B Chu,61,,USA,,7:32.7,Yes,M,452.7,113.175,241.44406527108046
3291,André Nordhagen,35,,NOR,,7:32.7,Yes,M,452.7,113.175,241.44406527108046
3291,Mike Porter,70,Gainsborough,GBR,The Diamonds (Over Sixties Erging Group),7:32.7,Yes,M,452.7,113.175,241.44406527108046
3294,David Williams,69,,GBR,Gym Mostyn/Wrekin Rowers,7:32.8,Race,M,452.8,113.2,241.28413323922712
3294,Mark C,57,West Surrey,GBR,,7:32.8,Yes,M,452.8,113.2,241.28413323922712
3294,Kyle Chrystal,42,"Los Angeles, CA",USA,,7:32.8,Yes,M,452.8,113.2,241.28413323922712
3294,Jan Frehse,62,Gommern,GER,The Diamonds (Over Sixties Erging Group),7:32.8,Yes,M,452.8,113.2,241.28413323922712
3294,Adam Hepplewhite,45,Newcastle,GBR,,7:32.8,Yes,M,452.8,113.2,241.28413323922712
3294,Steve McKelvie,58,,GBR,British Forces Veterans,7:32.8,Yes,M,452.8,113.2,241.28413323922712
3294,Graham Patterson,56,Auckland,NZL,,7:32.8,Yes,M,452.8,113.2,241.28413323922712
3301,Rob Barker,59,,POR,,7:32.9,Race,M,452.9,113.225,241.1243424277054
3301,Greg Chamberlain,48,NSW,AUS,,7:32.9,Yes,M,452.9,113.225,241.1243424277054
3301,Bert Leyssen,36,,BEL,,7:32.9,Yes,M,452.9,113.225,241.1243424277054
3301,Christian Maar,46,,GER,,7:32.9,Yes,M,452.9,113.225,241.1243424277054
3301,Anthony Marr,39,TAS,AUS,,7:32.9,Yes,M,452.9,113.225,241.1243424277054
3301,Liviu Nicolae,45,,GBR,,7:32.9,Yes,M,452.9,113.225,241.1243424277054
3301,Tim Reid,45,Farnborough,GBR,Fitness Matters,7:32.9,Yes,M,452.9,113.225,241.1243424277054
3301,相米 優志,17,,JPN,,7:32.9,Yes,M,452.9,113.225,241.1243424277054
3309,Rainer Ackermann,74,Saarbrücken,GER,,7:33.0,Yes,M,453.0,113.25,240.964692680677
3309,Carsten Brämer,58,Zschornewitzer Ruderclub v. 1954,GER,,7:33.0,Yes,M,453.0,113.25,240.964692680677
3309,Nic Brewer,56,"Brackley, Northamptonshire",GBR,,7:33.0,Yes,M,453.0,113.25,240.964692680677
3309,Oliver Kaas,36,,GER,,7:33.0,Yes,M,453.0,113.25,240.964692680677
3309,Nicholas Kosar,31,ON,CAN,,7:33.0,Yes,M,453.0,113.25,240.964692680677
3309,Jeff Annis,61,"Marstons Mills, MA",USA,,7:33.0,No,M,453.0,113.25,240.964692680677
3309,Charles Dwyer,45,,IRL,,7:33.0,No,M,453.0,113.25,240.964692680677
3309,James Lambeth,63,"Meadow Vista, CA",USA,The Diamonds (Over Sixties Erging Group),7:33.0,No,M,453.0,113.25,240.964692680677
3309,Tim Nelson,67,"Newport, Shropshire",GBR,Evesham Rowing Club,7:33.0,No,M,453.0,113.25,240.964692680677
3309,Lucas Welliver,39,"Portland, OR",USA,,7:33.0,No,M,453.0,113.25,240.964692680677
3319,Sébastien Janež,48,Cerknica,SLO,RowPro Rowers,7:33.1,Yes,M,453.1,113.275,240.8051838425106
3319,Michael Fountain,69,"Kenmore, WA",USA,Fairmount Rowing Association,7:33.1,No,M,453.1,113.275,240.8051838425106
3321,Steven Ferrara,38,,USA,,7:33.2,Yes,M,453.2,113.3,240.64581575778053
3321,Matt Hammer,36,,USA,U.S. Navy,7:33.2,Yes,M,453.2,113.3,240.64581575778053
3321,Alex Kingsnorth,36,,GBR,,7:33.2,Yes,M,453.2,113.3,240.64581575778053
3321,Benjamin Le Berre,41,,FRA,,7:33.2,Yes,M,453.2,113.3,240.64581575778053
3321,Antonio Merlino,27,Drag Factory,AUS,Drag Factory,7:33.2,Yes,M,453.2,113.3,240.64581575778053
3321,Scott Redpath,41,,GBR,,7:33.2,Yes,M,453.2,113.3,240.64581575778053
3321,Steve Rogers,78,"Corvallis, OR",USA,Corvallis Rowing Club,7:33.2,Yes,M,453.2,113.3,240.64581575778053
3328,Ian Northcott Bem,61,,GBR,Mercian Fitness,7:33.3,Race,M,453.3,113.325,240.48658827126673
3328,Frederic Bouchard,58,"Montreal , QC",CAN,,7:33.3,Yes,M,453.3,113.325,240.48658827126673
3328,Leon Bretschneider,24,,GER,,7:33.3,Yes,M,453.3,113.325,240.48658827126673
3328,Matthew Fletcher,56,,GBR,,7:33.3,Yes,M,453.3,113.325,240.48658827126673
3328,Marin Karaga,43,,CRO,,7:33.3,Yes,M,453.3,113.325,240.48658827126673
3328,Chris Kron,49,San Carlos,USA,,7:33.3,Yes,M,453.3,113.325,240.48658827126673
3328,Thomas McCormack,39,Luncarty,GBR,,7:33.3,Yes,M,453.3,113.325,240.48658827126673
3328,Kiano Stoppani,30,,USA,Assemble,7:33.3,Yes,M,453.3,113.325,240.48658827126673
3328,Tom Willdridge,41,,GBR,,7:33.3,Yes,M,453.3,113.325,240.48658827126673
3328,Paul Geary,65,"Sammamish, WA",USA,,7:33.3,No,M,453.3,113.325,240.48658827126673
3338,Mark Lawson,41,,GBR,Blade Rowers,7:33.4,Race,M,453.4,113.35,240.3275012279549
3338,Lasse Balsvad,45,Glostrup 🇬🇱,DEN,,7:33.4,Yes,M,453.4,113.35,240.3275012279549
3338,Owen Max,16,,GBR,,7:33.4,Yes,M,453.4,113.35,240.3275012279549
3338,Alan McLeister,51,Ballymena,GBR,,7:33.4,Yes,M,453.4,113.35,240.3275012279549
3338,per arne syvertsen,63,oslo,NOR,,7:33.4,Yes,M,453.4,113.35,240.3275012279549
3338,David Wager,48,,GBR,,7:33.4,Yes,M,453.4,113.35,240.3275012279549
3338,Daniel Walters,39,,USA,,7:33.4,Yes,M,453.4,113.35,240.3275012279549
3338,Claus Portner,56,"Seattle, WA",USA,Lake Washington Rowing Club,7:33.4,No,M,453.4,113.35,240.3275012279549
3346,Gavin Burress,19,,USA,St Cloud State Rowing Club,7:33.5,Race,M,453.5,113.375,240.16855447303521
3346,Karl Harper,65,,GBR,,7:33.5,Race,M,453.5,113.375,240.16855447303521
3346,Sam Curry,38,,USA,,7:33.5,Yes,M,453.5,113.375,240.16855447303521
3346,Jason Dolce Jr,18,"Mullica Hill, NJ",USA,,7:33.5,Yes,M,453.5,113.375,240.16855447303521
3346,Barry Gale,72,"Poyntelle, PA",USA,Washington University in St. Louis,7:33.5,Yes,M,453.5,113.375,240.16855447303521
3346,Robert Ricciardi,42,,USA,,7:33.5,Yes,M,453.5,113.375,240.16855447303521
3346,John Seaton,47,"Ashburn , VA",USA,,7:33.5,Yes,M,453.5,113.375,240.16855447303521
3346,Michal Topolcany,44,,CZE,,7:33.5,Yes,M,453.5,113.375,240.16855447303521
3346,David Tye,47,"Rochford, Essex",GBR,,7:33.5,Yes,M,453.5,113.375,240.16855447303521
3346,Douwe Wieberdink,44,"Manhattan, NY",USA,Upper Valley Rowing Foundation,7:33.5,Yes,M,453.5,113.375,240.16855447303521
3356,Florian Bühler,37,,GER,,7:33.6,Yes,M,453.6,113.4,240.00974785190311
3356,Joseph Gilmour,52,"Melbourne, VIC",AUS,,7:33.6,Yes,M,453.6,113.4,240.00974785190311
3356,Benjamin Miller,45,,USA,Diamond Hill CrossFit,7:33.6,Yes,M,453.6,113.4,240.00974785190311
3356,Matt Nelson,31,"Oklahoma City, OK",USA,Oklahoma City University,7:33.6,Yes,M,453.6,113.4,240.00974785190311
3356,Giovanni Wuisan,39,"Epworth, IA",USA,,7:33.6,Yes,M,453.6,113.4,240.00974785190311
3356,Glen Downton,54,"Perth, WA",AUS,,7:33.6,No,M,453.6,113.4,240.00974785190311
3362,Juju D,54,,FRA,,7:33.7,Yes,M,453.7,113.425,239.85108121015818
3362,Adam Hendrickson,44,"Marysville, WA",USA,,7:33.7,Yes,M,453.7,113.425,239.85108121015818
3362,Daghjve Lamm,43,"Brookfield , VT",USA,,7:33.7,Yes,M,453.7,113.425,239.85108121015818
3362,Dan Mills,52,,GBR,,7:33.7,Yes,M,453.7,113.425,239.85108121015818
3362,Benjamin Morgan,51,"Richmond, VA",USA,,7:33.7,Yes,M,453.7,113.425,239.85108121015818
3367,Michael Clarke,54,NJ,USA,,7:33.8,Yes,M,453.8,113.45,239.69255439360398
3367,Tomek Kobrzyniecki,37,Mońki,POL,,7:33.8,Yes,M,453.8,113.45,239.69255439360398
3367,Ronald Lutje Spelberg,56,Enschede,NED,,7:33.8,Yes,M,453.8,113.45,239.69255439360398
3367,Jozef Zamecnik,53,,AUS,,7:33.8,Yes,M,453.8,113.45,239.69255439360398
3371,Shaun Davis,37,,USA,,7:33.9,Yes,M,453.9,113.475,239.53416724824837
3371,Francisco Fuentes,37,Cumpeo,CHI,,7:33.9,Yes,M,453.9,113.475,239.53416724824837
3371,Bram Galle,41,,BEL,,7:33.9,Yes,M,453.9,113.475,239.53416724824837
3371,Carlos Hernando,34,Benidorm,ESP,Club Nautico Benidorm,7:33.9,Yes,M,453.9,113.475,239.53416724824837
3371,Georg Maier,49,Ulm,GER,,7:33.9,Yes,M,453.9,113.475,239.53416724824837
3371,Christoph Schneppe,64,Dorsten,GER,,7:33.9,Yes,M,453.9,113.475,239.53416724824837
3371,Arel Urbanozo,20,,USA,,7:33.9,Yes,M,453.9,113.475,239.53416724824837
3378,Joel Bardsley,50,WI,USA,,7:34.0,Yes,M,454.0,113.5,239.3759196203019
3378,Luis Carlos Moutinho,51,Valongo,POR,,7:34.0,Yes,M,454.0,113.5,239.3759196203019
3378,Romuald Trouvé,52,Vouillé,FRA,French Army,7:34.0,Yes,M,454.0,113.5,239.3759196203019
3381,Vlad G,47,,USA,,7:34.1,Yes,M,454.1,113.525,239.21781135617894
3381,Daniel Wallace,47,"Tampa, FL",USA,,7:34.1,Yes,M,454.1,113.525,239.21781135617894
3383,James Budin,59,"Rochford, VIC",AUS,,7:34.2,Yes,M,454.2,113.55,239.0598423024965
3383,Samuel Scheetz,44,,USA,,7:34.2,Yes,M,454.2,113.55,239.0598423024965
3383,James W,33,,AUS,,7:34.2,Yes,M,454.2,113.55,239.0598423024965
3383,Myunggong Seo,24,OH,USA,,7:34.2,No,M,454.2,113.55,239.0598423024965
3387,Michael Honnold,46,"Hogansville, GA",USA,Crew Yokogawa,7:34.3,Race,M,454.3,113.575,238.90201230607386
3387,Matthew Xuereb,37,,MLT,Siggiewi Rowing Club,7:34.3,Race,M,454.3,113.575,238.90201230607386
3387,Doug Clouse,58,"New York, NY",USA,,7:34.3,Yes,M,454.3,113.575,238.90201230607386
3387,David Hughes,58,"CEDAR PARK, TX",USA,,7:34.3,Yes,M,454.3,113.575,238.90201230607386
3387,Robin Kraan,52,Soest,NED,,7:34.3,Yes,M,454.3,113.575,238.90201230607386
3387,Justin Minahan,44,,USA,,7:34.3,Yes,M,454.3,113.575,238.90201230607386
3387,Brad White,53,"Brisbane , QLD",AUS,TEAM OARSOME IRC,7:34.3,Yes,M,454.3,113.575,238.90201230607386
3387,Pete Lyons,70,"Westbrook, ME",USA,The Diamonds (Over Sixties Erging Group),7:34.3,No,M,454.3,113.575,238.90201230607386
3395,Pierre Lepair,46,,BEL,,7:34.4,Yes,M,454.4,113.6,238.74432121393312
3395,Gonçalo Pereira,40,,GBR,,7:34.4,Yes,M,454.4,113.6,238.74432121393312
3395,James Winton,49,"Perth, WA",AUS,,7:34.4,Yes,M,454.4,113.6,238.74432121393312
3395,Damon Cripps,55,Worcester Athletic Club - Hammer Thrower,GBR,,7:34.4,No,M,454.4,113.6,238.74432121393312
3395,Khilen Parikh,15,"Edison, NJ",USA,"St Joseph High School Crew Club, Metuchen, NJ/Falcon Rowing",7:34.4,No,M,454.4,113.6,238.74432121393312
3395,Oliver Short,66,"The Shed, Crossmaglen",IRL,The Diamonds (Over Sixties Erging Group),7:34.4,No,M,454.4,113.6,238.74432121393312
3401,Daniel Jacobs,49,,CAN,,7:34.5,Yes,M,454.5,113.625,238.58676887329747
3401,Andrew Garford Moore,44,,GBR,,7:34.5,Yes,M,454.5,113.625,238.58676887329747
3401,James Offord,58,Attleborough,GBR,,7:34.5,Yes,M,454.5,113.625,238.58676887329747
3401,Sveinur Zachariasen,54,,FRO,,7:34.5,Yes,M,454.5,113.625,238.58676887329747
3405,Alexander Matei,19,"Atlanta, GA",USA,Wake Forest University Rowing Club,7:34.6,Race,M,454.6,113.65,238.42935513159244
3405,Matthew Gray,43,,GBR,,7:34.6,Yes,M,454.6,113.65,238.42935513159244
3405,Kai Horl,50,Zwönitz,GER,,7:34.6,Yes,M,454.6,113.65,238.42935513159244
3405,L Moseley,40,,AUS,,7:34.6,Yes,M,454.6,113.65,238.42935513159244
3405,Steve Shinder,60,"Ile Bizard, QC",CAN,Team Canada,7:34.6,Yes,M,454.6,113.65,238.42935513159244
3405,Maarten van Klaveren,56,Deventer,NED,,7:34.6,Yes,M,454.6,113.65,238.42935513159244
3405,Bill Tantillo,66,"San Jose, CA",USA,,7:34.6,No,M,454.6,113.65,238.42935513159244
3405,Paul Woehrle,67,,CAN,,7:34.6,No,M,454.6,113.65,238.42935513159244
3413,R AJ,65,,NED,,7:34.7,Yes,M,454.7,113.675,238.2720798364445
3413,Charles Cowan,38,,USA,TEAM MELALEUCA,7:34.7,Yes,M,454.7,113.675,238.2720798364445
3413,Greg France,49,Tāmaki Makaurau,NZL,RowAlong,7:34.7,Yes,M,454.7,113.675,238.2720798364445
3413,Wim Hendrickx,41,,BEL,,7:34.7,Yes,M,454.7,113.675,238.2720798364445
3413,Krish Israni,15,,USA,,7:34.7,Yes,M,454.7,113.675,238.2720798364445
3413,Brady MacDonald,55,"Wainwright, AB",CAN,,7:34.7,Yes,M,454.7,113.675,238.2720798364445
3413,Gordon Marshall,64,Peterborough,GBR,,7:34.7,Yes,M,454.7,113.675,238.2720798364445
3413,Tom Stoddart,47,,GBR,,7:34.7,Yes,M,454.7,113.675,238.2720798364445
3413,祐太 上妻,15,,JPN,,7:34.7,Yes,M,454.7,113.675,238.2720798364445
3413,Paul Flack,69,"Annapolis, MD",USA,Annapolis Rowing Club,7:34.7,No,M,454.7,113.675,238.2720798364445
3413,Justin Kirit,49,"Moon Township, PA",USA,,7:34.7,No,M,454.7,113.675,238.2720798364445
3413,Domenico Poli,65,Mantova,ITA,ERG CLUB MANTOVA ITALY,7:34.7,No,M,454.7,113.675,238.2720798364445
3425,Brent Gill,55,"Richland, WA",USA,,7:34.8,Yes,M,454.8,113.7,238.11494283568098
3425,Guy Sutherland,46,,NZL,,7:34.8,Yes,M,454.8,113.7,238.11494283568098
3425,Clive Stoner,63,"Calgary, AB",CAN,Age Without Limits,7:34.8,No,M,454.8,113.7,238.11494283568098
3428,jan luppes,66,,NED,The Diamonds (Over Sixties Erging Group),7:34.9,Yes,M,454.9,113.725,237.95794397733033
3428,Adrian McDonald,46,,GBR,,7:34.9,Yes,M,454.9,113.725,237.95794397733033
3428,Dan Pruett,48,Welwyn Garden City,GBR,,7:34.9,Yes,M,454.9,113.725,237.95794397733033
3428,Kendall Reynolds,39,,USA,Warrior Fitness,7:34.9,Yes,M,454.9,113.725,237.95794397733033
3428,Leon Ruttersmith,61,,NZL,The Diamonds (Over Sixties Erging Group),7:34.9,Yes,M,454.9,113.725,237.95794397733033
3433,Mark Jones,66,,GBR,Bewdley Rowing Club,7:35.0,Race,M,455.0,113.75,237.8010831096207
3433,Marc Armstrong,64,"Pateros, WA",USA,Age Without Limits,7:35.0,Yes,M,455.0,113.75,237.8010831096207
3433,Chao Yuan Chen,39,,TPE,,7:35.0,Yes,M,455.0,113.75,237.8010831096207
3433,Earl Ian Laidlow,57,"Central Islip, NY",USA,,7:35.0,Yes,M,455.0,113.75,237.8010831096207
3433,Greg Norman,51,"Brisbane, QLD",AUS,,7:35.0,Yes,M,455.0,113.75,237.8010831096207
3433,Robert Symonds,66,"Magalloway Township, ME",USA,The Diamonds (Over Sixties Erging Group),7:35.0,Yes,M,455.0,113.75,237.8010831096207
3433,Piers Thompson,57,Wimbledon,GBR,MAABC 50+ Masters,7:35.0,Yes,M,455.0,113.75,237.8010831096207
3433,John Borowiecki,15,,USA,,7:35.0,No,M,455.0,113.75,237.8010831096207
3433,Steve Holloway,48,"Adelaide, SA",AUS,,7:35.0,No,M,455.0,113.75,237.8010831096207
3442,Miklós Hevér,57,,HUN,,7:35.1,Yes,M,455.1,113.775,237.64436008098093
3442,Marek Ilves,50,,EST,,7:35.1,Yes,M,455.1,113.775,237.64436008098093
3442,Lukas Jenny,40,,SUI,,7:35.1,Yes,M,455.1,113.775,237.64436008098093
3442,Walid Khoury,44,"Franklin Lakes, NJ",USA,,7:35.1,Yes,M,455.1,113.775,237.64436008098093
3442,Craig Saunders,49,"Clovis, CA",USA,,7:35.1,Yes,M,455.1,113.775,237.64436008098093
3442,David Yates,60,Biggleswade,GBR,,7:35.1,Yes,M,455.1,113.775,237.64436008098093
3442,James Bates,54,Stanley,FLK,,7:35.1,No,M,455.1,113.775,237.64436008098093
3442,Artiom Petkevich,44,,ISR,,7:35.1,No,M,455.1,113.775,237.64436008098093
3442,Steve Stoddart,55,"Toronto, ON",CAN,Age Without Limits,7:35.1,No,M,455.1,113.775,237.64436008098093
3451,Richard Tongue,58,,GBR,,7:35.2,Race,M,455.2,113.8,237.48777474003924
3451,Sebastian Barneby,52,"Shelton, CT",USA,,7:35.2,Yes,M,455.2,113.8,237.48777474003924
3451,Steve Lemon,55,,GBR,,7:35.2,Yes,M,455.2,113.8,237.48777474003924
3451,Ventura Pontes,56,Vila do Conde,POR,Clube Fluvial Vilacondense,7:35.2,Yes,M,455.2,113.8,237.48777474003924
3451,Rob Woolet,40,"Jacksonville, FL",USA,U.S. Navy,7:35.2,Yes,M,455.2,113.8,237.48777474003924
3451,Mike Bergstrom,65,"Red Lodge, MT",USA,Texas Rowing Center,7:35.2,No,M,455.2,113.8,237.48777474003924
3451,Joshua Lopez,33,WA,USA,"Tri-Cities, WA Firefighters",7:35.2,No,M,455.2,113.8,237.48777474003924
3458,Mingjie Lin,21,"Atlanta, GA",USA,Wake Forest University Rowing Club,7:35.3,Race,M,455.3,113.825,237.33132693562328
3458,Michael Coffman,55,"Arlington, VA",USA,,7:35.3,Yes,M,455.3,113.825,237.33132693562328
3458,Peter Jensen,43,,NZL,,7:35.3,Yes,M,455.3,113.825,237.33132693562328
3458,Magnus Johansen,30,,NOR,,7:35.3,Yes,M,455.3,113.825,237.33132693562328
3458,Kevin May,64,Truro,GBR,Royal Navy Veterans,7:35.3,Yes,M,455.3,113.825,237.33132693562328
3458,Michael Sadler,15,,NZL,,7:35.3,Yes,M,455.3,113.825,237.33132693562328
3458,Simon Smith,52,Buckingham,GBR,Rowfit,7:35.3,Yes,M,455.3,113.825,237.33132693562328
3458,Malcolm Twigger-Ross,61,Guildford,GBR,,7:35.3,Yes,M,455.3,113.825,237.33132693562328
3458,Chris Baguley,60,Wellington,NZL,,7:35.3,No,M,455.3,113.825,237.33132693562328
3467,Yolin BROICHOT,30,,FRA,,7:35.4,Yes,M,455.4,113.85,237.1750165167602
3467,Harris Lonergan,55,"Queensbury , NY",USA,,7:35.4,Yes,M,455.4,113.85,237.1750165167602
3467,Andrew Morrison,70,Redhill,GBR,,7:35.4,Yes,M,455.4,113.85,237.1750165167602
3467,Thorben Primke,41,"New Orleans, LA",USA,,7:35.4,Yes,M,455.4,113.85,237.1750165167602
3467,Johnny Strickland,50,"Colorado Springs, CO",USA,,7:35.4,Yes,M,455.4,113.85,237.1750165167602
3467,John Svagzdys,64,"Middlesex, VT",USA,,7:35.4,Yes,M,455.4,113.85,237.1750165167602
3467,Stephen Lamb,47,"Mystic, CT",USA,U.S. Coast Guard,7:35.4,No,M,455.4,113.85,237.1750165167602
3474,René Forestier,58,"Ottawa, ON",CAN,,7:35.5,Yes,M,455.5,113.875,237.0188433326753
3474,Rob Goos,41,Olen,BEL,Crossfit Ambrosius,7:35.5,Yes,M,455.5,113.875,237.0188433326753
3474,Felipe Guardiola,56,,GBR,MIT Varsity Lightweights,7:35.5,Yes,M,455.5,113.875,237.0188433326753
3474,Mark McCluggage,40,,GBR,,7:35.5,Yes,M,455.5,113.875,237.0188433326753
3474,Svein Jonny Myking,43,Bergen,NOR,,7:35.5,Yes,M,455.5,113.875,237.0188433326753
3474,Roger Saele,41,Bergen,NOR,,7:35.5,Yes,M,455.5,113.875,237.0188433326753
3480,Louis Cahill,19,London,GBR,St George's Hospital Boat Club (SGHBC),7:35.6,Yes,M,455.6,113.9,236.8628072327931
3480,Alex Chapman,42,,GBR,,7:35.6,Yes,M,455.6,113.9,236.8628072327931
3480,James Long,67,,USA,,7:35.6,Yes,M,455.6,113.9,236.8628072327931
3480,Tim Rhynalds,72,"queenstown, MD",USA,Chester River Rowing Club,7:35.6,Yes,M,455.6,113.9,236.8628072327931
3480,Masaaki Sato,61,Tokyo,JPN,The Diamonds (Over Sixties Erging Group),7:35.6,Yes,M,455.6,113.9,236.8628072327931
3485,James Reichow,24,,USA,St Cloud State Rowing Club,7:35.7,Race,M,455.7,113.925,236.70690806673596
3485,William Bergstrasser,57,DE,USA,U.S. Army Retired,7:35.7,Yes,M,455.7,113.925,236.70690806673596
3485,Michael Currie,49,"Concord, MA",USA,,7:35.7,Yes,M,455.7,113.925,236.70690806673596
3485,Paul Dorrington,42,,GBR,,7:35.7,Yes,M,455.7,113.925,236.70690806673596
3485,Christoph Egger-Lederer,37,,AUT,,7:35.7,Yes,M,455.7,113.925,236.70690806673596
3485,Christoph Ihm,51,Oberhaching,GER,,7:35.7,Yes,M,455.7,113.925,236.70690806673596
3485,Andrej Kurzawa,46,,GER,,7:35.7,Yes,M,455.7,113.925,236.70690806673596
3485,Lin Phillips,57,"Oak Ridge, TN",USA,,7:35.7,Yes,M,455.7,113.925,236.70690806673596
3485,Colin Campbell,66,,GBR,,7:35.7,No,M,455.7,113.925,236.70690806673596
3494,Bernard Mifsud,47,,MLT,Siġġiewi Rowing Club,7:35.8,Race,M,455.8,113.95,236.5511456843241
3494,Spencer Ainsworth,52,London,GBR,The Parachute Regiment,7:35.8,Yes,M,455.8,113.95,236.5511456843241
3494,Craig Bertie,54,,GBR,,7:35.8,Yes,M,455.8,113.95,236.5511456843241
3494,Daniel Colvin,54,,AUS,,7:35.8,Yes,M,455.8,113.95,236.5511456843241
3494,Brent Cropper,43,,USA,,7:35.8,Yes,M,455.8,113.95,236.5511456843241
3494,Aldo De Giorgi,55,,GBR,,7:35.8,Yes,M,455.8,113.95,236.5511456843241
3494,Andrew Hermsen,49,,GBR,,7:35.8,Yes,M,455.8,113.95,236.5511456843241
3494,Shea Jones,43,"La monte, MO",USA,,7:35.8,Yes,M,455.8,113.95,236.5511456843241
3494,Chris Leitz,49,,USA,,7:35.8,Yes,M,455.8,113.95,236.5511456843241
3494,Nate Mann,44,,USA,,7:35.8,Yes,M,455.8,113.95,236.5511456843241
3494,Chris P. Rinde,51,Aksdal,NOR,,7:35.8,Yes,M,455.8,113.95,236.5511456843241
3494,Nicolas THOMAS,38,Surzur,FRA,FRENCH INDOOR ROWERS TEAM,7:35.8,Yes,M,455.8,113.95,236.5511456843241
3494,Benjamin Tranter,30,,AUS,,7:35.8,Yes,M,455.8,113.95,236.5511456843241
3494,Rob Wilderspin,50,Reading,GBR,,7:35.8,Yes,M,455.8,113.95,236.5511456843241
3508,Paul Aye,28,,GER,,7:35.9,Yes,M,455.9,113.975,236.3955199355757
3508,Helmut Berger,62,Altmünster,AUT,The Diamonds (Over Sixties Erging Group),7:35.9,Yes,M,455.9,113.975,236.3955199355757
3508,Jerome Clavel,51,"Lincolnshire, IL",USA,,7:35.9,Yes,M,455.9,113.975,236.3955199355757
3508,Volker Kuttelwascher,63,"Linz, OÖ",AUT,"ISTER Linz, Austrian Rowing Club",7:35.9,Yes,M,455.9,113.975,236.3955199355757
3508,George McKenna,14,,IRL,"Bann Rowing Club - Coleraine, Northern Ireland",7:35.9,Yes,M,455.9,113.975,236.3955199355757
3508,Vitor Santos,28,,POR,,7:35.9,Yes,M,455.9,113.975,236.3955199355757
3508,A MD,15,,USA,Brookline HS Boys Team,7:35.9,No,M,455.9,113.975,236.3955199355757
3515,Björn Björnsson,58,Blönduós,ISL,,7:36.0,Yes,M,456.0,114.0,236.24003067070564
3515,Michel BLANCHET,66,,FRA,,7:36.0,Yes,M,456.0,114.0,236.24003067070564
3515,Kees De Mol,41,,NED,,7:36.0,Yes,M,456.0,114.0,236.24003067070564
3515,Daniel Hellerman,67,"Chapel Hill, NC",USA,,7:36.0,Yes,M,456.0,114.0,236.24003067070564
3515,Joseph Maranville,40,,USA,,7:36.0,Yes,M,456.0,114.0,236.24003067070564
3515,James Oates,50,Theydon Bois,GBR,,7:36.0,Yes,M,456.0,114.0,236.24003067070564
3515,Daniel Parkhurst,41,,AUS,,7:36.0,Yes,M,456.0,114.0,236.24003067070564
3515,Magnus Karlsson,56,,SWE,,7:36.0,No,M,456.0,114.0,236.24003067070564
3523,Damon Cripps,54,,GBR,,7:36.1,Race,M,456.1,114.025,236.08467774012652
3523,Andrew C,14,"Sydney, NSW",AUS,,7:36.1,Yes,M,456.1,114.025,236.08467774012652
3523,Charles Hall,52,Royston,GBR,,7:36.1,Yes,M,456.1,114.025,236.08467774012652
3523,Bob Lämmerbein,44,Oldenburg,GER,,7:36.1,Yes,M,456.1,114.025,236.08467774012652
3523,John Mesko,59,"Kissimmee, FL",USA,,7:36.1,Yes,M,456.1,114.025,236.08467774012652
3523,Jimmy Webb,59,"Kellyville , OK",USA,,7:36.1,Yes,M,456.1,114.025,236.08467774012652
3529,Arthur Deegan,33,"Alexandria, VA",USA,,7:36.2,Yes,M,456.2,114.05,235.92946099444706
3529,Nico Hulsman,60,Velserbroek,NED,,7:36.2,Yes,M,456.2,114.05,235.92946099444706
3529,Matthew Johnson,45,"Camas, WA",USA,,7:36.2,Yes,M,456.2,114.05,235.92946099444706
3529,Michael Moka,52,Allerød,DEN,,7:36.2,Yes,M,456.2,114.05,235.92946099444706
3529,Luke Mulcahy,19,,IRL,,7:36.2,Yes,M,456.2,114.05,235.92946099444706
3529,Jeff Wallace,50,"Bangor, ME",USA,,7:36.2,Yes,M,456.2,114.05,235.92946099444706
3529,Mike Winn,70,Warwick,GBR,The Diamonds (Over Sixties Erging Group),7:36.2,Yes,M,456.2,114.05,235.92946099444706
3536,Ed Elgar,57,,GBR,,7:36.3,Race,M,456.3,114.075,235.7743802844726
3536,Jordan Beaudoing,38,,FRA,,7:36.3,Yes,M,456.3,114.075,235.7743802844726
3536,David Brown,47,,GBR,,7:36.3,Yes,M,456.3,114.075,235.7743802844726
3536,Mika Rekikoski,58,,FIN,,7:36.3,Yes,M,456.3,114.075,235.7743802844726
3536,Matt Smith,29,"Calgary, AB",CAN,Calgary Fire Department,7:36.3,Yes,M,456.3,114.075,235.7743802844726
3536,Denis Zvegelj,52,Bled,SLO,Rowing club Bled,7:36.3,Yes,M,456.3,114.075,235.7743802844726
3542,Chris Boyles,39,"Chicago, IL",USA,,7:36.4,Yes,M,456.4,114.1,235.6194354612048
3542,David Drew,37,"Philadelphia, PA",USA,,7:36.4,Yes,M,456.4,114.1,235.6194354612048
3542,Zeljko Grabusic,68,Zagreb,CRO,Age Without Limits,7:36.4,Yes,M,456.4,114.1,235.6194354612048
3542,Andrew Mckeown,41,,IRL,,7:36.4,Yes,M,456.4,114.1,235.6194354612048
3546,Jonathan Hunt,49,"Sacramento, CA",USA,"University of California, Davis",7:36.5,Yes,M,456.5,114.125,235.46462637584048
3546,Chris Murray,41,,GBR,,7:36.5,Yes,M,456.5,114.125,235.46462637584048
3546,Mark Pitcher,45,"SSM, ON",CAN,,7:36.5,Yes,M,456.5,114.125,235.46462637584048
3549,Collin Green,19,,USA,St. Olaf Rowing Club,7:36.6,Race,M,456.6,114.15,235.3099528797727
3549,Peter Craig,42,,GBR,,7:36.6,Yes,M,456.6,114.15,235.3099528797727
3549,Kevin Deadman,48,,GBR,,7:36.6,Yes,M,456.6,114.15,235.3099528797727
3549,Jay Godson,49,"Bayfield, CO",USA,,7:36.6,Yes,M,456.6,114.15,235.3099528797727
3549,Sean Grimmond,37,SA,AUS,,7:36.6,Yes,M,456.6,114.15,235.3099528797727
3549,Benjamin Morgan,23,,GBR,,7:36.6,Yes,M,456.6,114.15,235.3099528797727
3549,Rajiv Mulchandani,41,London,GBR,Oxford University,7:36.6,Yes,M,456.6,114.15,235.3099528797727
3549,Luc Renson,59,Liege,BEL,RCAE-ULG,7:36.6,Yes,M,456.6,114.15,235.3099528797727
3549,Michael white,41,"Fort McMurray, AB",CAN,,7:36.6,Yes,M,456.6,114.15,235.3099528797727
3549,Andy Jackson,47,,GBR,,7:36.6,No,M,456.6,114.15,235.3099528797727
3549,Chris Tunstall,59,,GBR,,7:36.6,No,M,456.6,114.15,235.3099528797727
3560,Barney Banfield,52,,GBR,,7:36.7,Yes,M,456.7,114.175,235.15541482458923
3560,Ev Hall,57,,GBR,,7:36.7,Yes,M,456.7,114.175,235.15541482458923
3560,George Kemp,43,Broadstairs,GBR,,7:36.7,Yes,M,456.7,114.175,235.15541482458923
3560,Hervé Le Deit,61,LANNION,FRA,,7:36.7,Yes,M,456.7,114.175,235.15541482458923
3560,Marc van der Kort,57,,NED,,7:36.7,Yes,M,456.7,114.175,235.15541482458923
3565,Piotr Babul,41,,POL,,7:36.8,Yes,M,456.8,114.2,235.00101206207287
3565,Colin Downey,58,,GBR,,7:36.8,Yes,M,456.8,114.2,235.00101206207287
3565,David Drescher,42,,USA,United States Navy Musicians,7:36.8,Yes,M,456.8,114.2,235.00101206207287
3565,Peter Fleig-Malek,48,Bückeburg,GER,Ruderriege Schaumburgia Bückeburg e.V.,7:36.8,Yes,M,456.8,114.2,235.00101206207287
3565,Peter Gleaves,62,Preston,GBR,Red Line Rowers,7:36.8,Yes,M,456.8,114.2,235.00101206207287
3565,Billy Haug,54,"Duluth, MN",USA,,7:36.8,Yes,M,456.8,114.2,235.00101206207287
3565,John Lowry,38,IN,USA,,7:36.8,Yes,M,456.8,114.2,235.00101206207287
3565,John Ranson,39,,USA,,7:36.8,Yes,M,456.8,114.2,235.00101206207287
3565,Steve Rose,41,,GBR,,7:36.8,Yes,M,456.8,114.2,235.00101206207287
3574,Jef .,62,"Salisbury, Wiltshire",GBR,The Diamonds (Over Sixties Erging Group),7:36.9,Yes,M,456.9,114.225,234.84674444420102
3574,Kian Barba,51,,MEX,Darkhorse Rowing,7:36.9,Yes,M,456.9,114.225,234.84674444420102
3574,Alexander Fiedler,48,,GER,,7:36.9,Yes,M,456.9,114.225,234.84674444420102
3574,Nick Hernandez,38,,USA,,7:36.9,Yes,M,456.9,114.225,234.84674444420102
3574,Yassir Mahmood,49,Winchester,GBR,,7:36.9,Yes,M,456.9,114.225,234.84674444420102
3574,Ed Palcak,61,,USA,,7:36.9,Yes,M,456.9,114.225,234.84674444420102
3574,Matt Plagens,45,"Williamsport, PA",USA,Forum Flyers,7:36.9,Yes,M,456.9,114.225,234.84674444420102
3574,Alexis Celerier,28,,FRA,,7:36.9,No,M,456.9,114.225,234.84674444420102
3582,Brad Hegemann,61,"Rochester, NY",USA,,7:37.0,Yes,M,457.0,114.25,234.6926118231453
3582,Richard Kingston,53,,GBR,,7:37.0,Yes,M,457.0,114.25,234.6926118231453
3582,Julian Perry,60,Auckland,NZL,,7:37.0,Yes,M,457.0,114.25,234.6926118231453
3582,Varman Samuel,56,,USA,,7:37.0,Yes,M,457.0,114.25,234.6926118231453
3582,Matthew Thomas,46,AZ,USA,Darkhorse Rowing,7:37.0,Yes,M,457.0,114.25,234.6926118231453
3582,Wyatt Whiting,26,"Corvallis, OR",USA,Oregon State University,7:37.0,Yes,M,457.0,114.25,234.6926118231453
3588,Chris Morley,56,,GBR,,7:37.1,Yes,M,457.1,114.275,234.53861405127154
3588,Eirik Risan,38,,NOR,,7:37.1,Yes,M,457.1,114.275,234.53861405127154
3588,Bruce Roberts,71,"Los Gatos, CA",USA,The Diamonds (Over Sixties Erging Group),7:37.1,Yes,M,457.1,114.275,234.53861405127154
3588,Robert Wedlake,21,,GBR,,7:37.1,Yes,M,457.1,114.275,234.53861405127154
3592,Glenn Henriksen,58,,AUS,,7:37.2,Race,M,457.2,114.3,234.38475098113906
3592,James McDowell,55,,GBR,,7:37.2,Yes,M,457.2,114.3,234.38475098113906
3592,JF Steels,50,,SUI,,7:37.2,Yes,M,457.2,114.3,234.38475098113906
3592,Chris van Gerven,60,Masterton,NZL,The Diamonds (Over Sixties Erging Group),7:37.2,Yes,M,457.2,114.3,234.38475098113906
3596,Paul Corrigan,60,Blyth,GBR,Free Spirits,7:37.3,Yes,M,457.3,114.325,234.23102246550073
3596,Kennen Hootman,37,,USA,,7:37.3,Yes,M,457.3,114.325,234.23102246550073
3596,David J Marks,55,Manchester,IRL,Paddy Power IRC,7:37.3,Yes,M,457.3,114.325,234.23102246550073
3596,Davis McElwain,47,TX,USA,,7:37.3,Yes,M,457.3,114.325,234.23102246550073
3596,Adam O,41,Los Angeles,USA,,7:37.3,Yes,M,457.3,114.325,234.23102246550073
3596,Jim Skelly,76,Dublin,IRL,,7:37.3,Yes,M,457.3,114.325,234.23102246550073
3596,Martin Steinlehner,48,,GER,,7:37.3,Yes,M,457.3,114.325,234.23102246550073
3603,Loring Knoblauch,56,"Bedford, NY",USA,,7:37.4,Yes,M,457.4,114.35,234.07742835730238
3603,Teddy Murphy,41,,USA,,7:37.4,Yes,M,457.4,114.35,234.07742835730238
3605,Tom Cliff,54,"Canberra, ACT",AUS,,7:37.5,Yes,M,457.5,114.375,233.92396850968268
3605,David Daniels,61,Cirencester,GBR,The Diamonds (Over Sixties Erging Group),7:37.5,Yes,M,457.5,114.375,233.92396850968268
3605,Adam Harita,53,,USA,,7:37.5,Yes,M,457.5,114.375,233.92396850968268
3605,Tom Roffe,42,Colchester,GBR,,7:37.5,Yes,M,457.5,114.375,233.92396850968268
3605,Neil Wannop,57,York,GBR,,7:37.5,Yes,M,457.5,114.375,233.92396850968268
3605,Richard Lombard,60,Doha,QAT,,7:37.5,No,M,457.5,114.375,233.92396850968268
3611,Rodrigo Busto Canseco,38,,ESP,London Otters (LORC),7:37.6,Yes,M,457.6,114.4,233.77064277597307
3611,Daniel Hlásný,46,Štítná nad Vláří,CZE,,7:37.6,Yes,M,457.6,114.4,233.77064277597307
3611,Valdis Meikaliss,69,Riga,LAT,,7:37.6,Yes,M,457.6,114.4,233.77064277597307
3611,yidong zhang,48,,CHN,,7:37.6,Yes,M,457.6,114.4,233.77064277597307
3615,Jasper Balbaert,30,,USA,"Rochester Rowing Club, Minnesota",7:37.7,Race,M,457.7,114.425,233.61745100969696
3615,Paul Harding,45,IA,USA,,7:37.7,Yes,M,457.7,114.425,233.61745100969696
3615,David Pratt,63,,GBR,The Diamonds (Over Sixties Erging Group),7:37.7,Yes,M,457.7,114.425,233.61745100969696
3615,Matthew Reisert,39,NY,USA,,7:37.7,Yes,M,457.7,114.425,233.61745100969696
3615,Simon Provencher,36,,CAN,,7:37.7,No,M,457.7,114.425,233.61745100969696
3620,Spyros Marinos Kouris,48,,GBR,Blade Rowers,7:37.8,Race,M,457.8,114.45,233.46439306456972
3620,Paul Ackford,67,,GBR,,7:37.8,Yes,M,457.8,114.45,233.46439306456972
3620,Levi Bunker,29,"Valley springs , CA",USA,,7:37.8,Yes,M,457.8,114.45,233.46439306456972
3620,Larry Candell,60,"Arlington, MA",USA,Massachusetts Institute of Technology,7:37.8,Yes,M,457.8,114.45,233.46439306456972
3620,Lee Cox,56,"Santa Barbara, CA",USA,,7:37.8,Yes,M,457.8,114.45,233.46439306456972
3620,Ethan Long,30,"Scottsdale , AZ",USA,Oregon State University,7:37.8,Yes,M,457.8,114.45,233.46439306456972
3620,Borja Ubeda,43,,ESP,,7:37.8,Yes,M,457.8,114.45,233.46439306456972
3620,Maxwell Allsobrook,15,,RSA,,7:37.8,No,M,457.8,114.45,233.46439306456972
3620,Jim Thome,59,"Elizabethtown, PA",USA,,7:37.8,No,M,457.8,114.45,233.46439306456972
3629,Hal Schenck,62,"Atlanta, GA",USA,Auburn University Rowing Club,7:37.9,Race,M,457.9,114.475,233.31146879449838
3629,Meleck Davis,52,"Minneapolis, MN",USA,,7:37.9,Yes,M,457.9,114.475,233.31146879449838
3629,Paul Freeman,71,North Berwick,GBR,North Berwick Rowing Club,7:37.9,Yes,M,457.9,114.475,233.31146879449838
3629,Mark Hildebrand,50,MI,USA,,7:37.9,Yes,M,457.9,114.475,233.31146879449838
3629,Christopher MacNeel,38,"West Chester , PA",USA,,7:37.9,Yes,M,457.9,114.475,233.31146879449838
3629,J Nordlander,49,,USA,,7:37.9,Yes,M,457.9,114.475,233.31146879449838
3629,Steve Stone,54,"Camarillo, CA",USA,,7:37.9,Yes,M,457.9,114.475,233.31146879449838
3629,Johan van Nispen,55,Nijmegen,NED,,7:37.9,Yes,M,457.9,114.475,233.31146879449838
3629,Gary W,64,"San Francisco, CA",USA,,7:37.9,Yes,M,457.9,114.475,233.31146879449838
3629,Paul Naylor,55,,GBR,,7:37.9,No,M,457.9,114.475,233.31146879449838
3629,Hal Schenck,62,"Auburn, AL",USA,Auburn University,7:37.9,No,M,457.9,114.475,233.31146879449838
3640,Collin Hague,40,,USA,,7:38.0,Yes,M,458.0,114.5,233.15867805358133
3640,Zak Himmelberger,37,"Phoenix, AZ",USA,,7:38.0,Yes,M,458.0,114.5,233.15867805358133
3640,Brian Lee,58,"Conway, SC",USA,,7:38.0,Yes,M,458.0,114.5,233.15867805358133
3640,CVN71 Chris Rumsey USS Theodore Roosevelt,39,,USA,Community Rowing Mil Vets,7:38.0,No,M,458.0,114.5,233.15867805358133
3640,Rowan I,15,,CAN,,7:38.0,No,M,458.0,114.5,233.15867805358133
3645,Stephen Carpenter,61,,GBR,,7:38.1,Race,M,458.1,114.525,233.00602069610812
3645,Lukas Kunz,25,,GER,,7:38.1,Yes,M,458.1,114.525,233.00602069610812
3645,Thomas Swiler,62,"Albuquerque , NM",USA,,7:38.1,Yes,M,458.1,114.525,233.00602069610812
3648,Adam Chapman,47,,GBR,,7:38.2,Yes,M,458.2,114.55,232.8534965765589
3648,Jonathan Coultas,42,,USA,,7:38.2,Yes,M,458.2,114.55,232.8534965765589
3648,Dominic I,43,,GBR,,7:38.2,Yes,M,458.2,114.55,232.8534965765589
3648,Konstantinos Kyriakopoulos,31,,GRE,,7:38.2,Yes,M,458.2,114.55,232.8534965765589
3648,Terry Lia,68,"Ballarat, VIC",AUS,Total Row Australia,7:38.2,Yes,M,458.2,114.55,232.8534965765589
3648,Carl Schmitt,51,"Amherst, NY",USA,,7:38.2,Yes,M,458.2,114.55,232.8534965765589
3648,Steve Shaw,60,Grimsby,GBR,,7:38.2,Yes,M,458.2,114.55,232.8534965765589
3648,Bob Barnshaw,64,"Brooklyn, NY",USA,,7:38.2,No,M,458.2,114.55,232.8534965765589
3656,Maxime Hernandez,32,,BEL,,7:38.3,Yes,M,458.3,114.575,232.70110554960436
3656,Robert Hickman,50,Brighstone,GBR,,7:38.3,Yes,M,458.3,114.575,232.70110554960436
3656,Andy Parkes,57,Bodmin,GBR,,7:38.3,Yes,M,458.3,114.575,232.70110554960436
3656,David Richards,58,"Amherst, VA",USA,,7:38.3,Yes,M,458.3,114.575,232.70110554960436
3656,Randy Robertson,67,"Covington, WA",USA,The Diamonds (Over Sixties Erging Group),7:38.3,Yes,M,458.3,114.575,232.70110554960436
3656,Sven Schütt,53,Hamburg,GER,Der Hamburger und Germania Ruder Club,7:38.3,Yes,M,458.3,114.575,232.70110554960436
3656,Milos Hunek,67,Prague,CZE,Age Without Limits,7:38.3,No,M,458.3,114.575,232.70110554960436
3656,Andrew Legg,47,Altrincham,GBR,,7:38.3,No,M,458.3,114.575,232.70110554960436
3664,Mathew Smith,48,,GBR,,7:38.4,Race,M,458.4,114.6,232.54884747010536
3664,Błażej Bakalarczyk,41,,POL,,7:38.4,Yes,M,458.4,114.6,232.54884747010536
3664,Rob Fowler,47,,GBR,,7:38.4,Yes,M,458.4,114.6,232.54884747010536
3664,Philippe Hubert,59,,FRA,Club d'Aviron de Mer de La Rochelle (CAMLR),7:38.4,Yes,M,458.4,114.6,232.54884747010536
3664,Patrick Kennedy,61,,USA,,7:38.4,Yes,M,458.4,114.6,232.54884747010536
3669,Alexandr Brykin,38,,AIN,,7:38.5,Yes,M,458.5,114.625,232.3967221931126
3669,Filipe Calasans,35,,USA,Lake Union Crew,7:38.5,Yes,M,458.5,114.625,232.3967221931126
3669,Jason Conolly,51,"Dallas, OR",USA,Salem Rowing Club,7:38.5,Yes,M,458.5,114.625,232.3967221931126
3669,Ernest Dietsch,67,Tagsdorf,FRA,Mulhouse-Aviron,7:38.5,Yes,M,458.5,114.625,232.3967221931126
3669,Mark Horton,49,Dartford,GBR,,7:38.5,Yes,M,458.5,114.625,232.3967221931126
3669,Francois Piollet,51,Melun,FRA,FRENCH INDOOR ROWERS TEAM,7:38.5,Yes,M,458.5,114.625,232.3967221931126
3669,Bill Remington,14,"Milwaukee, WI",USA,Milwaukee Rowing Club,7:38.5,No,M,458.5,114.625,232.3967221931126
3669,Grant Stephenson,65,"Richmond,North Yorkshire",GBR,,7:38.5,No,M,458.5,114.625,232.3967221931126
3677,Alwalid Kiawu,18,,USA,St. Olaf Rowing Club,7:38.6,Race,M,458.6,114.65,232.24472957386652
3677,Peter Carmichael,56,Stirling,GBR,,7:38.6,Yes,M,458.6,114.65,232.24472957386652
3677,Morris Cole,71,Bradford,GBR,The Diamonds (Over Sixties Erging Group),7:38.6,Yes,M,458.6,114.65,232.24472957386652
3677,Jeff DeLand,43,,USA,,7:38.6,Yes,M,458.6,114.65,232.24472957386652
3677,J.C. Husband,47,"Norfolk, VA",USA,U.S. Navy Retired,7:38.6,Yes,M,458.6,114.65,232.24472957386652
3677,Chris Thomas,54,,USA,,7:38.6,Yes,M,458.6,114.65,232.24472957386652
3677,John Yao,39,"Toronto, ON",CAN,,7:38.6,Yes,M,458.6,114.65,232.24472957386652
3684,Janos Anschau,47,,HUN,,7:38.7,Yes,M,458.7,114.675,232.09286946779676
3684,John Beaven,45,,GBR,,7:38.7,Yes,M,458.7,114.675,232.09286946779676
3684,Sam Bollens,31,,BEL,,7:38.7,Yes,M,458.7,114.675,232.09286946779676
3684,Matthew Chapman,49,NSW,AUS,,7:38.7,Yes,M,458.7,114.675,232.09286946779676
3684,Christophe GIROUSSE,56,MANTES LA JOLIE,FRA,,7:38.7,Yes,M,458.7,114.675,232.09286946779676
3684,Michał Glinka,49,,POL,,7:38.7,Yes,M,458.7,114.675,232.09286946779676
3684,Daniel Kidd,15,,USA,,7:38.7,Yes,M,458.7,114.675,232.09286946779676
3684,Filippo Moro,52,Pavia,ITA,"Università degli Studi di Pavia, UNIPV",7:38.7,Yes,M,458.7,114.675,232.09286946779676
3684,Frederic Nicod,61,Vaugneray,FRA,Société Nautique de Sauvetage de SAINT-FONS,7:38.7,Yes,M,458.7,114.675,232.09286946779676
3684,Thomas Nicodemo,21,"Montreal, QC",CAN,,7:38.7,Yes,M,458.7,114.675,232.09286946779676
3684,Phil Weiler,58,"Chicago, IL",USA,American-Israeli Indoor Rowing Team,7:38.7,Yes,M,458.7,114.675,232.09286946779676
3695,Gerard Williams,56,,GBR,,7:38.8,Race,M,458.8,114.7,231.941141730522
3695,Jack Breen,66,"Bristol, RI",USA,The Diamonds (Over Sixties Erging Group),7:38.8,Yes,M,458.8,114.7,231.941141730522
3695,Wouter de jong,43,,NED,,7:38.8,Yes,M,458.8,114.7,231.941141730522
3695,Olaf H,54,,ESP,,7:38.8,Yes,M,458.8,114.7,231.941141730522
3695,James Henriksen,53,,USA,,7:38.8,Yes,M,458.8,114.7,231.941141730522
3695,Darren Kennedy,54,Jersey,GBR,,7:38.8,Yes,M,458.8,114.7,231.941141730522
3695,Ed Ult,47,Londinium,GBR,,7:38.8,Yes,M,458.8,114.7,231.941141730522
3702,Richard Hopcroft,45,,GBR,,7:38.9,Race,M,458.9,114.725,231.78954621784965
3702,Heath Beckham,49,"Birmingham, AL",USA,,7:38.9,Yes,M,458.9,114.725,231.78954621784965
3702,Jesse Green,49,,USA,,7:38.9,Yes,M,458.9,114.725,231.78954621784965
3702,Magnus Haettner,57,Ekerö,SWE,,7:38.9,Yes,M,458.9,114.725,231.78954621784965
3702,Aleksander Hoel,37,,NOR,,7:38.9,Yes,M,458.9,114.725,231.78954621784965
3702,Marcus Holmqvist,38,,SWE,,7:38.9,Yes,M,458.9,114.725,231.78954621784965
3702,Lachezar Manasiev,38,"Ashburn, VA",USA,,7:38.9,Yes,M,458.9,114.725,231.78954621784965
3702,Stephen Perkins,62,"Cumming, GA",USA,Fitness Matters,7:38.9,Yes,M,458.9,114.725,231.78954621784965
3702,Ian Postlethwaite,60,,GBR,Yare Boat Club,7:38.9,Yes,M,458.9,114.725,231.78954621784965
3702,Tomasz Stawowski,40,,CAN,,7:38.9,Yes,M,458.9,114.725,231.78954621784965
3702,Leonardo T,15,,ITA,,7:38.9,Yes,M,458.9,114.725,231.78954621784965
3702,Simon Witheford,47,,NZL,,7:38.9,Yes,M,458.9,114.725,231.78954621784965
3714,Elliot Miller,16,,USA,Des Moines Rowing Club,7:39.0,Race,M,459.0,114.75,231.6380827857755
3714,Paul Annett,39,,AUS,,7:39.0,Yes,M,459.0,114.75,231.6380827857755
3714,Mike Bernard,59,"Meridian, ID",USA,USAF Veterans,7:39.0,Yes,M,459.0,114.75,231.6380827857755
3714,Chris Elgee,45,"Gray, ME",USA,,7:39.0,Yes,M,459.0,114.75,231.6380827857755
3714,Chris Lucca,37,,USA,,7:39.0,Yes,M,459.0,114.75,231.6380827857755
3714,Frank Noorlander,63,Hengelo,NED,Forum Flyers,7:39.0,Yes,M,459.0,114.75,231.6380827857755
3714,Chris Perry,49,"Millbury, MA",USA,,7:39.0,Yes,M,459.0,114.75,231.6380827857755
3714,Brett Riordan,38,,GBR,,7:39.0,Yes,M,459.0,114.75,231.6380827857755
3714,Barthold Schroot,67,Bilthoven 🇳🇱,NED,,7:39.0,Yes,M,459.0,114.75,231.6380827857755
3714,Robert Sudhoff,65,"Mount Vernon, VA",USA,The Diamonds (Over Sixties Erging Group),7:39.0,Yes,M,459.0,114.75,231.6380827857755
3714,Kristjan K,16,,EST,,7:39.0,No,M,459.0,114.75,231.6380827857755
3714,John Wright,56,Hong Kong,HKG,,7:39.0,No,M,459.0,114.75,231.6380827857755
3726,Colin Blair,46,Halifax,RSA,,7:39.1,Yes,M,459.1,114.775,231.48675129048374
3726,Sylvain Haillot,38,,FRA,,7:39.1,Yes,M,459.1,114.775,231.48675129048374
3726,William Connolley,61,Cambridge,GBR,Chesterton Rowing Club,7:39.1,No,M,459.1,114.775,231.48675129048374
3729,Edvinas Bosas,33,,LTU,,7:39.2,Yes,M,459.2,114.8,231.3355515883462
3729,Stephen Dawson-Haggerty,39,"Pittsburgh, PA",USA,,7:39.2,Yes,M,459.2,114.8,231.3355515883462
3729,James Green,40,,GBR,,7:39.2,Yes,M,459.2,114.8,231.3355515883462
3729,Hans Kruger,61,Coatbridge,GBR,,7:39.2,Yes,M,459.2,114.8,231.3355515883462
3729,John Martin,46,,GBR,,7:39.2,Yes,M,459.2,114.8,231.3355515883462
3729,David Lubliner,54,Bucks,GBR,,7:39.2,No,M,459.2,114.8,231.3355515883462
3729,Andy Osborn,70,Balcombe,GBR,The Diamonds (Over Sixties Erging Group),7:39.2,No,M,459.2,114.8,231.3355515883462
3736,Peter Summers,76,,GBR,,7:39.3,Race,M,459.3,114.825,231.1844835359223
3736,Paul Winton,69,,GBR,,7:39.3,Race,M,459.3,114.825,231.1844835359223
3736,Tony Halliday,65,Ruan Minor,GBR,Age Against The Machine,7:39.3,Yes,M,459.3,114.825,231.1844835359223
3736,Theo Jones,14,,NZL,,7:39.3,Yes,M,459.3,114.825,231.1844835359223
3736,George Kasper,70,"Washington, MI",USA,The Diamonds (Over Sixties Erging Group),7:39.3,Yes,M,459.3,114.825,231.1844835359223
3736,Juanma López,60,Málaga,ESP,,7:39.3,Yes,M,459.3,114.825,231.1844835359223
3736,Mats MELLEMA,35,,NED,,7:39.3,Yes,M,459.3,114.825,231.1844835359223
3736,Christoph Meurer,55,,GER,,7:39.3,Yes,M,459.3,114.825,231.1844835359223
3736,Lee Moody,54,Farnborough,GBR,Free Spirits,7:39.3,Yes,M,459.3,114.825,231.1844835359223
3736,Jeremy Tretiak,38,,USA,,7:39.3,Yes,M,459.3,114.825,231.1844835359223
3736,Mark Wolfe,54,Cork,IRL,,7:39.3,Yes,M,459.3,114.825,231.1844835359223
3736,Bol Awet,20,Wau,SSD,,7:39.3,No,M,459.3,114.825,231.1844835359223
3736,Mike Neale,59,"Doreen, VIC",AUS,"Ergfit Indoor Rowing, Melbourne, AUS",7:39.3,No,M,459.3,114.825,231.1844835359223
3749,Chris Coleman,37,,GBR,,7:39.4,Yes,M,459.4,114.85,231.0335469899589
3749,William Desmond,62,,GBR,"Putney Town Rowing Club (London,UK)",7:39.4,Yes,M,459.4,114.85,231.0335469899589
3749,Gerd Eggert,59,Mosbach,GER,,7:39.4,Yes,M,459.4,114.85,231.0335469899589
3749,Christophe Letellier,59,Rouen,FRA,Club Nautique de Belbeuf,7:39.4,Yes,M,459.4,114.85,231.0335469899589
3749,Patrick Murphy,49,"Skipton, North Yorkshire",GBR,,7:39.4,Yes,M,459.4,114.85,231.0335469899589
3749,Elmehdi Rahmaoui,32,,MAR,,7:39.4,Yes,M,459.4,114.85,231.0335469899589
3749,Christer T,46,,NOR,,7:39.4,Yes,M,459.4,114.85,231.0335469899589
3749,Bent Hestad,59,Trondheim,NOR,,7:39.4,No,M,459.4,114.85,231.0335469899589
3757,David Fenollar,40,"Melbourne , VIC",AUS,,7:39.5,Yes,M,459.5,114.875,230.88274180738966
3757,Dorian Hughes,59,Chelmsford,GBR,Raise the Barr,7:39.5,Yes,M,459.5,114.875,230.88274180738966
3757,Matti Werner,36,,GER,,7:39.5,Yes,M,459.5,114.875,230.88274180738966
3757,Mark Rose,66,"San Diego, CA",USA,san diego rowing club,7:39.5,No,M,459.5,114.875,230.88274180738966
3761,William Barton,75,,AUS,,7:39.6,Yes,M,459.6,114.9,230.7320678453353
3761,Shanawaz Basith,50,NY,USA,,7:39.6,Yes,M,459.6,114.9,230.7320678453353
3761,Jeremy Reavis,50,PA,USA,U.S. Army Veterans,7:39.6,Yes,M,459.6,114.9,230.7320678453353
3761,Hjalmar Schiotz,75,Tonsberg,NOR,,7:39.6,Yes,M,459.6,114.9,230.7320678453353
3765,Jon Cassere,49,,GBR,GARAGEATHLETE,7:39.7,Yes,M,459.7,114.925,230.5815249611027
3765,John O'Donnell,61,"Marblehead, OH",USA,Western Reserve Rowing Association,7:39.7,Yes,M,459.7,114.925,230.5815249611027
3765,Zachary Olvera,28,"Mount Clemens , MI",USA,,7:39.7,Yes,M,459.7,114.925,230.5815249611027
3765,Jonny Seagrave,24,,GBR,,7:39.7,Yes,M,459.7,114.925,230.5815249611027
3765,Dave Brunjes,48,"Pacific Grove, CA",USA,,7:39.7,No,M,459.7,114.925,230.5815249611027
3765,Kalev Vapper,72,Tallinn,EST,Age Without Limits,7:39.7,No,M,459.7,114.925,230.5815249611027
3771,Baptiste Dupuis,45,Orléans,FRA,,7:39.8,Yes,M,459.8,114.95,230.431113012185
3771,Thomas Dürr,54,,DEN,,7:39.8,Yes,M,459.8,114.95,230.431113012185
3771,Tim Holt,43,,USA,,7:39.8,Yes,M,459.8,114.95,230.431113012185
3771,Hans Peters,56,Kiel,GER,,7:39.8,Yes,M,459.8,114.95,230.431113012185
3771,Jari Turkki,50,,FIN,,7:39.8,Yes,M,459.8,114.95,230.431113012185
3771,Jon Swallow,48,,GBR,,7:39.8,No,M,459.8,114.95,230.431113012185
3777,Adam Kęs,41,,GBR,,7:39.9,Race,M,459.9,114.975,230.2808318562612
3777,Jim Kelly,59,st albans,GBR,The Diamonds (Over Sixties Erging Group),7:39.9,Yes,M,459.9,114.975,230.2808318562612
3777,Matthew Lacouture,41,,USA,,7:39.9,Yes,M,459.9,114.975,230.2808318562612
3777,Ben Rakes,34,,USA,,7:39.9,Yes,M,459.9,114.975,230.2808318562612
3777,Brian Tartt,65,,CAN,,7:39.9,Yes,M,459.9,114.975,230.2808318562612
3777,Wouter Vanlerberghe,46,,BEL,,7:39.9,Yes,M,459.9,114.975,230.2808318562612
3777,Ian Rapko,20,,USA,,7:39.9,No,M,459.9,114.975,230.2808318562612
3777,Vincent Skwarek,53,"Laurel, MD",USA,U.S. Coast Guard Academy,7:39.9,No,M,459.9,114.975,230.2808318562612
3777,Jordan Young,38,,USA,,7:39.9,No,M,459.9,114.975,230.2808318562612
3786,Andrzej Cabaj,45,,POL,,7:40.0,Yes,M,460.0,115.0,230.13068135119582
3786,David Collins,40,,GBR,,7:40.0,Yes,M,460.0,115.0,230.13068135119582
3786,Brett Hagberg,32,,USA,,7:40.0,Yes,M,460.0,115.0,230.13068135119582
3786,Gareth Pugh,49,Stafford,GBR,,7:40.0,Yes,M,460.0,115.0,230.13068135119582
3786,Tony Sunga,54,"San Diego, CA",USA,,7:40.0,Yes,M,460.0,115.0,230.13068135119582
3786,mark longden,61,,GBR,,7:40.0,No,M,460.0,115.0,230.13068135119582
3792,Fredrik Andersson,51,,SWE,,7:40.1,Yes,M,460.1,115.025,229.98066135503896
3792,Frans Boom,66,,SWE,,7:40.1,Yes,M,460.1,115.025,229.98066135503896
3792,Drew Crisan,42,"Charlotte, NC",USA,,7:40.1,Yes,M,460.1,115.025,229.98066135503896
3792,Adam Gutierrez,41,,USA,,7:40.1,Yes,M,460.1,115.025,229.98066135503896
3792,Daniel Kassel,42,,GER,,7:40.1,Yes,M,460.1,115.025,229.98066135503896
3792,Gaz Lloyd,37,,GBR,,7:40.1,Yes,M,460.1,115.025,229.98066135503896
3792,Andy Luxton,44,,GBR,,7:40.1,Yes,M,460.1,115.025,229.98066135503896
3792,Ab Swart,55,,NED,,7:40.1,Yes,M,460.1,115.025,229.98066135503896
3792,ST Yang,15,Shanghai,CHN,,7:40.1,Yes,M,460.1,115.025,229.98066135503896
3792,Josh Linville,41,"Commerce City, CO",USA,GARAGEATHLETE,7:40.1,No,M,460.1,115.025,229.98066135503896
3802,Cagri Balikci,39,Karlsruhe,GER,,7:40.2,Yes,M,460.2,115.05,229.83077172602552
3802,Ole Bertelsen,54,,DEN,Roklubben Ægir,7:40.2,Yes,M,460.2,115.05,229.83077172602552
3802,Chris Edwards,67,Oswestry,GBR,,7:40.2,Yes,M,460.2,115.05,229.83077172602552
3802,Yuri Hellyn,36,,BEL,,7:40.2,Yes,M,460.2,115.05,229.83077172602552
3802,Miguel Otero,48,,NOR,,7:40.2,Yes,M,460.2,115.05,229.83077172602552
3802,Steve Rees,65,"Bothell, WA",USA,,7:40.2,Yes,M,460.2,115.05,229.83077172602552
3802,Aaron Reyntjens,22,,BEL,,7:40.2,Yes,M,460.2,115.05,229.83077172602552
3802,Joseph Roberts,17,,GBR,,7:40.2,Yes,M,460.2,115.05,229.83077172602552
3802,Corey Shank,36,,USA,,7:40.2,Yes,M,460.2,115.05,229.83077172602552
3802,Graham Walker,39,CA,USA,"Broxbourne Rowing Club, England",7:40.2,No,M,460.2,115.05,229.83077172602552
3812,Jordan Cowley,30,,GBR,,7:40.4,Yes,M,460.4,115.1,229.531383003292
3812,Phillip Marriott,58,"Brooklyn, NY",USA,RowAlong,7:40.4,Yes,M,460.4,115.1,229.531383003292
3812,John Mitchell,57,Evesham,GBR,,7:40.4,Yes,M,460.4,115.1,229.531383003292
3812,Aaron Pol,36,,CAN,,7:40.4,Yes,M,460.4,115.1,229.531383003292
3812,Andrew Stam,58,Knysna,RSA,,7:40.4,Yes,M,460.4,115.1,229.531383003292
3812,owain thomas,49,Pendle,GBR,Free Spirits,7:40.4,Yes,M,460.4,115.1,229.531383003292
3812,James Moore,33,,USA,,7:40.4,No,M,460.4,115.1,229.531383003292
3819,John DeVoe,68,"Mcminville, OR",USA,,7:40.5,Yes,M,460.5,115.125,229.38188362696445
3819,Franck Graviou,51,Bourges,FRA,Aviron Club de Bourges,7:40.5,Yes,M,460.5,115.125,229.38188362696445
3819,Cliff Rush,69,Winchester,GBR,,7:40.5,Yes,M,460.5,115.125,229.38188362696445
3822,Edward Bucknall,62,"Melbourne, VIC",AUS,,7:40.6,Yes,M,460.6,115.15,229.23251405256485
3822,Paul Chatfield,59,Bristol,GBR,Chatfield C2 Challengers,7:40.6,Yes,M,460.6,115.15,229.23251405256485
3822,Tom M,42,VA,USA,,7:40.6,Yes,M,460.6,115.15,229.23251405256485
3822,Aleksandr Pavlov,37,Almaty,KAZ,,7:40.6,Yes,M,460.6,115.15,229.23251405256485
3822,Christian Schreiber,35,,GER,,7:40.6,Yes,M,460.6,115.15,229.23251405256485
3827,Derek Barnes,65,"Adelaide , SA",AUS,,7:40.7,Yes,M,460.7,115.175,229.08327413924906
3827,Rafael Sanchez,51,,GBR,,7:40.7,Yes,M,460.7,115.175,229.08327413924906
3827,Horst Schwanke,71,Starnberg,GER,,7:40.7,Yes,M,460.7,115.175,229.08327413924906
3827,edward van der heijden,42,,USA,,7:40.7,Yes,M,460.7,115.175,229.08327413924906
3827,Yani Whitman,14,"Philadelphia, PA",USA,Whitemarsh Boat Club,7:40.7,Yes,M,460.7,115.175,229.08327413924906
3827,Scot Morton,53,,GBR,Runcorn Rowing Club,7:40.7,No,M,460.7,115.175,229.08327413924906
3833,Paul Flaherty,40,,USA,,7:40.8,Yes,M,460.8,115.2,228.93416374635632
3833,Fabian Hernalsteen,40,,BEL,,7:40.8,Yes,M,460.8,115.2,228.93416374635632
3833,Rein Anders Lovra,38,,NOR,,7:40.8,Yes,M,460.8,115.2,228.93416374635632
3833,Christopher Hein,44,"Williamsburg, VA",USA,Union Boat Club,7:40.8,No,M,460.8,115.2,228.93416374635632
3833,Paul Kameniar,55,,AUS,,7:40.8,No,M,460.8,115.2,228.93416374635632
3838,Alan Kelly,51,,IRL,,7:40.9,Yes,M,460.9,115.225,228.78518273340896
3838,Pierclaudio Moscogiuri,40,,ITA,,7:40.9,Yes,M,460.9,115.225,228.78518273340896
3838,James Scales,39,,USA,,7:40.9,Yes,M,460.9,115.225,228.78518273340896
3838,Lubomír Švanda,46,,CZE,,7:40.9,Yes,M,460.9,115.225,228.78518273340896
3838,Mark Walsh,66,"Halifax, NS",CAN,"North Star Rowing Club, Dartmouth, N.S",7:40.9,Yes,M,460.9,115.225,228.78518273340896
3838,Julian Wiggins,50,London,AUS,,7:40.9,No,M,460.9,115.225,228.78518273340896
3844,Martin Magnusson,50,"West Hartford, CT",USA,,7:41.0,Yes,M,461.0,115.25,228.63633096011196
3844,Joe Mahoney,54,NY,USA,,7:41.0,Yes,M,461.0,115.25,228.63633096011196
3844,jamie mclachlan,55,"Brighton, VIC",AUS,,7:41.0,Yes,M,461.0,115.25,228.63633096011196
3844,João Pereira,38,,POR,,7:41.0,Yes,M,461.0,115.25,228.63633096011196
3844,Paul Schmitter,59,"Ann Arbor, MI",USA,,7:41.0,Yes,M,461.0,115.25,228.63633096011196
3844,Warrick Smith,48,,NZL,,7:41.0,Yes,M,461.0,115.25,228.63633096011196
3844,Henry Broadhurst,46,,GBR,,7:41.0,No,M,461.0,115.25,228.63633096011196
3844,David Habryka,46,,GER,,7:41.0,No,M,461.0,115.25,228.63633096011196
3844,Kavon Hakimzadeh,58,VA,USA,,7:41.0,No,M,461.0,115.25,228.63633096011196
3853,Michael Henton,71,,GBR,,7:41.1,Race,M,461.1,115.275,228.48760828635324
3853,James Blackburn,39,"Fulshear , TX",USA,Greater Houston Rowing Club,7:41.1,Yes,M,461.1,115.275,228.48760828635324
3853,Robert Klein,61,"Midlothian , VA",USA,,7:41.1,Yes,M,461.1,115.275,228.48760828635324
3853,Dan Samson,58,,USA,,7:41.1,Yes,M,461.1,115.275,228.48760828635324
3853,Mike Sandidge,59,IL,USA,,7:41.1,Yes,M,461.1,115.275,228.48760828635324
3853,Philip Tenney,55,,GBR,,7:41.1,Yes,M,461.1,115.275,228.48760828635324
3853,Trq Trq,40,,USA,,7:41.1,Yes,M,461.1,115.275,228.48760828635324
3853,Russ West,42,,GBR,,7:41.1,Yes,M,461.1,115.275,228.48760828635324
3853,Vitalii YEvsikov,42,Kyiv,UKR,Defence Forces of Ukraine,7:41.1,Yes,M,461.1,115.275,228.48760828635324
3853,경윤 서,45,,KOR,,7:41.1,Yes,M,461.1,115.275,228.48760828635324
3863,Joao Cruz,44,,POR,,7:41.2,Yes,M,461.2,115.3,228.3390145722025
3865,Rolf-Are Aabotsvik,46,Tromsø,NOR,,7:41.3,Yes,M,461.3,115.325,228.1905496779116
3865,Jeff George,64,"Tallahassee, FL",USA,,7:41.3,Yes,M,461.3,115.325,228.1905496779116
3865,Bill Mickley,39,Hennef (Sieg),GER,GERMAN Rowers and FRIENDS United,7:41.3,Yes,M,461.3,115.325,228.1905496779116
3865,Jaco Nortje,45,,RSA,,7:41.3,Yes,M,461.3,115.325,228.1905496779116
3869,Nick Goring,56,Harrogate,GBR,,7:41.4,Yes,M,461.4,115.35,228.04221346391407
3869,Stefan Munz,41,,GER,,7:41.4,Yes,M,461.4,115.35,228.04221346391407
3871,Torgeir Haugen,52,,NOR,,7:41.5,Yes,M,461.5,115.375,227.8940057908248
3871,Phillip Hopley,65,Hebden Bridge,GBR,,7:41.5,Yes,M,461.5,115.375,227.8940057908248
3871,Philip Lee,66,,GBR,The Diamonds (Over Sixties Erging Group),7:41.5,Yes,M,461.5,115.375,227.8940057908248
3871,John Miller,44,"Owenton, KY",USA,CrossFit Linchpin,7:41.5,Yes,M,461.5,115.375,227.8940057908248
3871,Evan Sullivan,33,"Milford, CT",USA,,7:41.5,Yes,M,461.5,115.375,227.8940057908248
3871,Alexander Younger,18,,GBR,,7:41.5,Yes,M,461.5,115.375,227.8940057908248
3877,Matthew DeFrain,59,"Atlanta, GA",USA,Unaffiliated (AFG),7:41.6,Race,M,461.6,115.4,227.74592651944
3877,Horst Grünbichler,61,Lüdenscheid,GER,,7:41.6,Yes,M,461.6,115.4,227.74592651944
3877,Torsten Kautz,52,Duisburg,GER,,7:41.6,Yes,M,461.6,115.4,227.74592651944
3877,Christopher Parlee,46,"McKinney, TX",USA,,7:41.6,Yes,M,461.6,115.4,227.74592651944
3877,Dale Rigby,30,,GBR,,7:41.6,Yes,M,461.6,115.4,227.74592651944
3877,Alex Tarnoff,36,,USA,,7:41.6,Yes,M,461.6,115.4,227.74592651944
3877,Scott Yunker,55,"Phoenix, AZ",USA,Age Without Limits,7:41.6,Yes,M,461.6,115.4,227.74592651944
3877,Raymond Satherley,57,Wanganui,NZL,,7:41.6,No,M,461.6,115.4,227.74592651944
3885,Eric Garsin,51,,USA,,7:41.7,Yes,M,461.7,115.425,227.5979755107365
3885,Mark Gessey,61,Horam,GBR,The Diamonds (Over Sixties Erging Group),7:41.7,Yes,M,461.7,115.425,227.5979755107365
3887,Thomas Jensen,56,Ballerup,DEN,,7:41.8,Yes,M,461.8,115.45,227.45015262587185
3887,Bob Russell,59,"Dacula, GA",USA,The Diamonds (Over Sixties Erging Group),7:41.8,Yes,M,461.8,115.45,227.45015262587185
3887,Ricky Spaven,42,,GBR,,7:41.8,Yes,M,461.8,115.45,227.45015262587185
3887,Scott Bennett,56,"Stokesdale, NC",USA,EXR Rowing,7:41.8,No,M,461.8,115.45,227.45015262587185
3887,Jim Grattan,80,"Gainesville, GA",USA,Greenville Indoor Rowing,7:41.8,No,M,461.8,115.45,227.45015262587185
3892,Craig Randle,40,,GBR,,7:41.9,Yes,M,461.9,115.475,227.30245772618392
3892,Matthew Silvester,50,Birmingham,GBR,,7:41.9,Yes,M,461.9,115.475,227.30245772618392
3892,Jean Vadboncoeur,68,"Dorval, QC",CAN,,7:41.9,Yes,M,461.9,115.475,227.30245772618392
3892,David Thorpe,44,,GBR,,7:41.9,No,M,461.9,115.475,227.30245772618392
3896,William Berben,48,,NED,,7:42.0,Yes,M,462.0,115.5,227.1548906731905
3896,Scott Galloway,43,,GBR,,7:42.0,Yes,M,462.0,115.5,227.1548906731905
3896,Gabriel Hernando Castañeda,50,,ESP,,7:42.0,Yes,M,462.0,115.5,227.1548906731905
3896,Martin Rasborg,57,Struer,DEN,Silent Water Neufeld,7:42.0,Yes,M,462.0,115.5,227.1548906731905
3896,Tony Whitley,58,,GBR,,7:42.0,Yes,M,462.0,115.5,227.1548906731905
3896,Neil Smith,52,,GBR,,7:42.0,No,M,462.0,115.5,227.1548906731905
3896,Richard Turner,67,"Sandgate, QLD",AUS,,7:42.0,No,M,462.0,115.5,227.1548906731905
3896,Dan Wilkins,47,"Coningham, TAS",AUS,,7:42.0,No,M,462.0,115.5,227.1548906731905
3904,Matthias Ecke,53,,GER,,7:42.1,Yes,M,462.1,115.525,227.0074513285894
3904,Christian Lancon,52,"Picayune, MS",USA,,7:42.1,Yes,M,462.1,115.525,227.0074513285894
3904,Ty Mead,31,,USA,,7:42.1,Yes,M,462.1,115.525,227.0074513285894
3904,Chris Vögeding,32,Friesland 🇩🇪,GER,,7:42.1,Yes,M,462.1,115.525,227.0074513285894
3908,Tobyn Thomas,60,,GBR,,7:42.2,Race,M,462.2,115.55,226.8601395542577
3908,Keith Allen,62,Flackwell Heath,GBR,,7:42.2,Yes,M,462.2,115.55,226.8601395542577
3908,Laurent CAETANO,52,,FRA,,7:42.2,Yes,M,462.2,115.55,226.8601395542577
3908,Maciej Czarnecki,40,Łódź,POL,,7:42.2,Yes,M,462.2,115.55,226.8601395542577
3908,Kevin Gallagher,67,"Santa Cruz, CA",USA,The Diamonds (Over Sixties Erging Group),7:42.2,Yes,M,462.2,115.55,226.8601395542577
3908,Barry Lucas,59,"Knoxville, TN",USA,,7:42.2,Yes,M,462.2,115.55,226.8601395542577
3914,John Exley,78,,GBR,Oxford Cityb Athletic Club,7:42.3,Race,M,462.3,115.575,226.71295521225176
3914,Guy Roberts,53,,GBR,,7:42.3,Race,M,462.3,115.575,226.71295521225176
3914,Ethan C,15,,USA,,7:42.3,Yes,M,462.3,115.575,226.71295521225176
3914,Dean Comeau,52,Seoul,KOR,,7:42.3,Yes,M,462.3,115.575,226.71295521225176
3914,Aaron Davis,38,,GBR,,7:42.3,Yes,M,462.3,115.575,226.71295521225176
3914,Martin Fink,69,"Grange, SA",AUS,The Diamonds (Over Sixties Erging Group),7:42.3,Yes,M,462.3,115.575,226.71295521225176
3914,Antony Gillard,57,,GBR,,7:42.3,Yes,M,462.3,115.575,226.71295521225176
3914,Tony Granger,67,"Naples, FL",USA,Georgetown University,7:42.3,Yes,M,462.3,115.575,226.71295521225176
3914,William Menton,41,,USA,,7:42.3,Yes,M,462.3,115.575,226.71295521225176
3914,Ian Cox,52,,GBR,,7:42.3,No,M,462.3,115.575,226.71295521225176
3914,Richard Hitt,62,Ipswich,GBR,,7:42.3,No,M,462.3,115.575,226.71295521225176
3925,Jeff Dobbelaere,47,"Liberty Hill, TX",USA,,7:42.4,Yes,M,462.4,115.6,226.56589816480692
3925,Paolo Giancristofaro,50,Vasto,ITA,,7:42.4,Yes,M,462.4,115.6,226.56589816480692
3925,Chris Hager,35,,USA,,7:42.4,Yes,M,462.4,115.6,226.56589816480692
3925,Richard Huggins,65,Ashford,GBR,Maidstone Invicta Rowing Club,7:42.4,Yes,M,462.4,115.6,226.56589816480692
3925,Darren Radford,52,"Port Moody, BC",CAN,Gravity Laboratory,7:42.4,Yes,M,462.4,115.6,226.56589816480692
3925,Jeff Sickles,53,"Highlands Ranch, CO",USA,,7:42.4,Yes,M,462.4,115.6,226.56589816480692
3925,Terry Triebwasser,62,WA,USA,,7:42.4,Yes,M,462.4,115.6,226.56589816480692
3925,Forrest Shuster,71,"Arlington, VA",USA,University of Virginia,7:42.4,No,M,462.4,115.6,226.56589816480692
3933,Jonathan Barber,22,,GBR,,7:42.5,Yes,M,462.5,115.625,226.41896827433712
3933,Jacques Bondetti,42,SAINT ETIENNE,FRA,,7:42.5,Yes,M,462.5,115.625,226.41896827433712
3933,Dan Bustuc,43,,ROU,,7:42.5,Yes,M,462.5,115.625,226.41896827433712
3933,Kaido Koppel,54,,EST,,7:42.5,Yes,M,462.5,115.625,226.41896827433712
3933,Jeff Stephens,63,"Carrollton, TX",USA,Dallas Rowing Club,7:42.5,Yes,M,462.5,115.625,226.41896827433712
3933,Patrick VILLENAVE,67,,FRA,,7:42.5,No,M,462.5,115.625,226.41896827433712
3939,Mátyás Edőcs,29,Szombathely,HUN,,7:42.6,Yes,M,462.6,115.65,226.2721654034349
3939,Matthieu Perthuis,44,,SUI,,7:42.6,Yes,M,462.6,115.65,226.2721654034349
3939,Martin Savel,41,Most,CZE,,7:42.6,Yes,M,462.6,115.65,226.2721654034349
3939,Steven Richardson,42,,GBR,Ministry of Defence Police,7:42.6,No,M,462.6,115.65,226.2721654034349
3943,Mark Redgrove,63,,GBR,,7:42.7,Race,M,462.7,115.675,226.12548941487083
3943,Loic François,40,,FRA,,7:42.7,Yes,M,462.7,115.675,226.12548941487083
3943,Josh Hogstad,43,"Fruita, CO",USA,TEAM MELALEUCA,7:42.7,Yes,M,462.7,115.675,226.12548941487083
3943,Bik Ra,26,,GBR,,7:42.7,Yes,M,462.7,115.675,226.12548941487083
3943,Rick Rolt,63,Doncaster,GBR,Doncaster Rowing Club,7:42.7,Yes,M,462.7,115.675,226.12548941487083
3943,Craig Vivian,66,"Monmouth, IL",USA,Rowing for Beer,7:42.7,Yes,M,462.7,115.675,226.12548941487083
3943,Ludwig Voigt,42,,GER,,7:42.7,Yes,M,462.7,115.675,226.12548941487083
3943,Thijs Vonk,42,,NED,De Delftsche Sport,7:42.7,Yes,M,462.7,115.675,226.12548941487083
3943,James Garlick,40,,GBR,,7:42.7,No,M,462.7,115.675,226.12548941487083
3943,Mark Redgrove,63,Saint Andre 31420,FRA,Royal Navy Veterans,7:42.7,No,M,462.7,115.675,226.12548941487083
3954,Greg Buxa,59,"Oconomowoc, WI",USA,Jefferson County Rowing Club,7:42.8,Yes,M,462.8,115.7,225.97894017159328
3954,Myles Kendall,44,,AUS,,7:42.8,Yes,M,462.8,115.7,225.97894017159328
3954,Leonard Kolman,50,Stockholm,SWE,,7:42.8,Yes,M,462.8,115.7,225.97894017159328
3954,Matthew Walker,46,,USA,,7:42.8,Yes,M,462.8,115.7,225.97894017159328
3954,Jason Richards,57,Stroud,GBR,,7:42.8,No,M,462.8,115.7,225.97894017159328
3954,Trenholm Walker,72,"Charleston, SC",USA,,7:42.8,No,M,462.8,115.7,225.97894017159328
3960,Santiago Arciniegas Torres,38,,USA,,7:42.9,Yes,M,462.9,115.725,225.83251753672835
3960,Karsten Billmann,56,Wuppertal,GER,,7:42.9,Yes,M,462.9,115.725,225.83251753672835
3960,Rish Grover,26,,GBR,,7:42.9,Yes,M,462.9,115.725,225.83251753672835
3960,Chris Hodl,45,,USA,,7:42.9,Yes,M,462.9,115.725,225.83251753672835
3960,Tom Lausen,57,Hamburg,GER,SUB-7 IRC,7:42.9,Yes,M,462.9,115.725,225.83251753672835
3960,Josh Swiger,54,,USA,,7:42.9,Yes,M,462.9,115.725,225.83251753672835
3960,Mike Hall,52,"Chester County, PA",USA,,7:42.9,No,M,462.9,115.725,225.83251753672835
3967,Diego Tamburini,59,"North Bend, WA",USA,Sammamish Rowing,7:43.0,Yes,M,463.0,115.75,225.6862213735793
3967,Adam Skolnik,15,,USA,,7:43.0,No,M,463.0,115.75,225.6862213735793
3969,Stuart Anderson,61,Burnham-on-Sea,GBR,Burnham on Sea Pilot Gig Club,7:43.1,Yes,M,463.1,115.775,225.54005154562674
3969,Russell Stott,55,,USA,,7:43.1,Yes,M,463.1,115.775,225.54005154562674
3969,Peter Thomas,54,,USA,Darkhorse Rowing,7:43.1,Yes,M,463.1,115.775,225.54005154562674
3969,Kent Powell,42,"Atlanta, GA",USA,Florida State University,7:43.1,No,M,463.1,115.775,225.54005154562674
3973,David Frame,59,,GBR,,7:43.2,Race,M,463.2,115.8,225.3940079165279
3973,Cody Moore,42,TN,USA,,7:43.2,Yes,M,463.2,115.8,225.3940079165279
3975,Gary Burch,62,,GBR,Shanklin Sandown RC,7:43.3,Race,M,463.3,115.825,225.24809035011648
3975,ahmed fathy,37,,EGY,,7:43.3,Yes,M,463.3,115.825,225.24809035011648
3975,William Gray,54,Windsor,GBR,,7:43.3,Yes,M,463.3,115.825,225.24809035011648
3975,Bernard Mc,35,,AUS,,7:43.3,Yes,M,463.3,115.825,225.24809035011648
3975,Simon Moss,61,,GBR,,7:43.3,Yes,M,463.3,115.825,225.24809035011648
3975,Matthias Müller,46,Magdeburg,GER,USC Magdeburg,7:43.3,Yes,M,463.3,115.825,225.24809035011648
3975,Manuel Schmiederer,43,Freiburg,GER,,7:43.3,Yes,M,463.3,115.825,225.24809035011648
3975,Richard Wu,38,"San Diego, CA",USA,,7:43.3,Yes,M,463.3,115.825,225.24809035011648
3975,Kevin Aston,46,Portsmouth,GBR,Royal Navy (UK),7:43.3,No,M,463.3,115.825,225.24809035011648
3975,Emmanuel Jacquemart,71,Paris,FRA,,7:43.3,No,M,463.3,115.825,225.24809035011648
3985,Lee Watson,39,,GBR,Lancaster John 'O' Gaunt,7:43.4,Race,M,463.4,115.85,225.1022987104026
3985,Shaun Clearie,48,,USA,,7:43.4,Yes,M,463.4,115.85,225.1022987104026
3985,Danylo Halytskyi,36,Reading,GBR,Reading Rowing Club (UK),7:43.4,Yes,M,463.4,115.85,225.1022987104026
3985,Robin Everts,54,"San Diego, CA",USA,san diego rowing club,7:43.4,No,M,463.4,115.85,225.1022987104026
3985,Dave Fahrner,65,"Santa Rosa, CA",USA,Open Water Rowing Center,7:43.4,No,M,463.4,115.85,225.1022987104026
3990,Nick Eyckmans,35,,BEL,,7:43.5,Yes,M,463.5,115.875,224.95663286157225
3990,Ian Schmitz,40,IA,USA,,7:43.5,Yes,M,463.5,115.875,224.95663286157225
3992,Denis Blanc,47,Saint Laurent de Chamouss,FRA,,7:43.6,Yes,M,463.6,115.9,224.81109266798728
3992,Dennis Dietrich,41,,GER,,7:43.6,Yes,M,463.6,115.9,224.81109266798728
3992,Gordon Scott,49,"Sudbury, ON",CAN,,7:43.6,Yes,M,463.6,115.9,224.81109266798728
3992,Trond Solberg,53,Harstad,NOR,,7:43.6,Yes,M,463.6,115.9,224.81109266798728
3992,Peter Nugteren,63,,NED,,7:43.6,No,M,463.6,115.9,224.81109266798728
3997,Matthew Austin,38,,GBR,,7:43.7,Yes,M,463.7,115.925,224.66567799418496
3997,Eric Eveslage,43,"Sheridan, IN",USA,,7:43.7,Yes,M,463.7,115.925,224.66567799418496
3997,Glen Hall,54,"Brighton, MI",USA,Michigan State Police,7:43.7,Yes,M,463.7,115.925,224.66567799418496
3997,Stephen Hall,52,,USA,,7:43.7,Yes,M,463.7,115.925,224.66567799418496
3997,B NI,51,Northampton,GBR,,7:43.7,Yes,M,463.7,115.925,224.66567799418496
3997,Robert Straker,45,Scunthorpe,GBR,,7:43.7,Yes,M,463.7,115.925,224.66567799418496
4003,Cameron Brown,51,"Jersey City, NJ",USA,SUB-7 IRC,7:43.8,Yes,M,463.8,115.95,224.52038870487772
4003,Matt Horvath,41,,USA,,7:43.8,Yes,M,463.8,115.95,224.52038870487772
4003,John Pritchard,61,Stroud,GBR,Fitness Matters,7:43.8,Yes,M,463.8,115.95,224.52038870487772
4006,Daniel Avondoglio,52,"Reston, VA",USA,U.S. Navy,7:43.9,Yes,M,463.9,115.975,224.37522466495292
4006,Michael Johnson,39,,GBR,,7:43.9,Yes,M,463.9,115.975,224.37522466495292
4006,Bob Wiley,70,"Durham, NC",USA,Occoquan Boat Club (OBC),7:43.9,Yes,M,463.9,115.975,224.37522466495292
4006,DA Alexander,48,"Charlotte, NC",USA,,7:43.9,No,M,463.9,115.975,224.37522466495292
4006,Kingsley L,49,,USA,,7:43.9,No,M,463.9,115.975,224.37522466495292
4011,Saleem Beg,44,24 Stevenson Avenue Quatre Bornes,MRI,,7:44.0,Yes,M,464.0,116.0,224.23018573947266
4011,Brogan Bunt,66,"Wollongong, NSW",AUS,,7:44.0,Yes,M,464.0,116.0,224.23018573947266
4011,David Reinisch,69,"Chicago, IL",USA,Chicago Rowing Foundation,7:44.0,Yes,M,464.0,116.0,224.23018573947266
4011,Josh Rice,45,,USA,,7:44.0,Yes,M,464.0,116.0,224.23018573947266
4011,Oswald Robetto,53,"Newark, NJ",USA,,7:44.0,Yes,M,464.0,116.0,224.23018573947266
4011,Sam Sheehan,15,,IRL,,7:44.0,Yes,M,464.0,116.0,224.23018573947266
4011,Christopher Simser,65,"Cortland , NY",USA,Team Simser,7:44.0,Yes,M,464.0,116.0,224.23018573947266
4011,Kurt Blumberg,79,"Fairbanks, AK",USA,The Diamonds (Over Sixties Erging Group),7:44.0,No,M,464.0,116.0,224.23018573947266
4011,Bruno Oliveira,33,,BRA,,7:44.0,No,M,464.0,116.0,224.23018573947266
4011,Mick Smith,58,"Ballina, NSW",AUS,,7:44.0,No,M,464.0,116.0,224.23018573947266
4021,Brad Borders,60,NC,USA,U.S. Army Veterans,7:44.1,Yes,M,464.1,116.025,224.08527179367354
4021,Daniel Coote,47,East Kilbride,GBR,,7:44.1,Yes,M,464.1,116.025,224.08527179367354
4021,Colin Groothius,60,"Stirling, NJ",USA,Darkhorse Rowing,7:44.1,Yes,M,464.1,116.025,224.08527179367354
4021,Arthur Linssen,56,Rotterdam,NED,,7:44.1,Yes,M,464.1,116.025,224.08527179367354
4021,Joseph Pires,44,"Stafford, VA",USA,,7:44.1,Yes,M,464.1,116.025,224.08527179367354
4026,RR GG,46,,GBR,,7:44.2,Yes,M,464.2,116.05,223.94048269296607
4026,HZP He,49,,CHN,,7:44.2,Yes,M,464.2,116.05,223.94048269296607
4026,Michael Kuhn,63,"Charlotte, NC",USA,Oakland Strokes,7:44.2,Yes,M,464.2,116.05,223.94048269296607
4029,Alick Bird,34,,GBR,,7:44.3,Yes,M,464.3,116.075,223.7958183029349
4029,Steven Eddy,53,NS,CAN,,7:44.3,Yes,M,464.3,116.075,223.7958183029349
4029,Michael Langan,48,"Staten Island, NY",USA,,7:44.3,Yes,M,464.3,116.075,223.7958183029349
4029,Tom Markovic,37,,CZE,,7:44.3,Yes,M,464.3,116.075,223.7958183029349
4029,Jim Crockett,65,"Naperville, IL",USA,,7:44.3,No,M,464.3,116.075,223.7958183029349
4035,Mark Ribbens,65,"Roswell, GA",USA,Atlanta Rowing Club,7:44.4,Race,M,464.4,116.1,223.65127848933807
4035,Peter Boyle,59,,GBR,,7:44.4,Yes,M,464.4,116.1,223.65127848933807
4035,Stuart McKibben,65,Aberdeen,GBR,University of Aberdeen,7:44.4,Yes,M,464.4,116.1,223.65127848933807
4035,Dan P,40,,AUS,,7:44.4,Yes,M,464.4,116.1,223.65127848933807
4035,Jordan Parnell,39,,USA,,7:44.4,Yes,M,464.4,116.1,223.65127848933807
4035,Jason Burns,48,,GBR,,7:44.4,No,M,464.4,116.1,223.65127848933807
4041,Paul Geoghegan,69,"Merrimac, MA",USA,The Diamonds (Over Sixties Erging Group),7:44.5,Yes,M,464.5,116.125,223.5068631181071
4041,Andy Johns,54,"Dunfermline, Scotland",GBR,RowAlong,7:44.5,Yes,M,464.5,116.125,223.5068631181071
4041,Martin O’connor,64,Gloucester,GBR,The Diamonds (Over Sixties Erging Group),7:44.5,Yes,M,464.5,116.125,223.5068631181071
4044,Robert Ross,66,"Ivanhoe, VIC",AUS,"Ergfit Indoor Rowing, Melbourne, AUS",7:44.6,Race,M,464.6,116.15,223.36257205534676
4044,Nick Anderson,53,,GBR,,7:44.6,Yes,M,464.6,116.15,223.36257205534676
4044,Shamus Baker,47,NSW,AUS,,7:44.6,Yes,M,464.6,116.15,223.36257205534676
4044,Jørgen Berg,62,Sandvika,NOR,,7:44.6,Yes,M,464.6,116.15,223.36257205534676
4044,Tony Heydon,62,Nottingham,GBR,The Diamonds (Over Sixties Erging Group),7:44.6,Yes,M,464.6,116.15,223.36257205534676
4044,Sergii Tsymbal,40,Cork,IRL,Blackrock Rowing Club,7:44.6,Yes,M,464.6,116.15,223.36257205534676
4044,Mark McGuirt,55,,USA,,7:44.6,No,M,464.6,116.15,223.36257205534676
4051,Xander Aguado,17,,GBR,Merchant Taylors' School,7:44.7,Race,M,464.7,116.175,223.21840516733442
4051,Dennis De Graaff,46,,GER,,7:44.7,Yes,M,464.7,116.175,223.21840516733442
4051,Steven Morrison,53,,GBR,,7:44.7,Yes,M,464.7,116.175,223.21840516733442
4051,Manuel Narvaez,40,,VEN,,7:44.7,Yes,M,464.7,116.175,223.21840516733442
4051,D Robertson,36,,AUS,,7:44.7,Yes,M,464.7,116.175,223.21840516733442
4051,Ricky Tanner,52,,GER,,7:44.7,Yes,M,464.7,116.175,223.21840516733442
4051,Yann Thebault,49,Le Vesinet,FRA,Coursier.fr,7:44.7,Yes,M,464.7,116.175,223.21840516733442
4051,Will Vick,53,,USA,,7:44.7,Yes,M,464.7,116.175,223.21840516733442
4059,Thomas Cronin,53,"Atlanta, GA",USA,"Atlanta Rowing Club, Inc.",7:44.8,Race,M,464.8,116.2,223.07436232052015
4059,Marc Brutty,49,Pattonville (Remseck a.N.) - 71686,GER,,7:44.8,Yes,M,464.8,116.2,223.07436232052015
4059,David Elliott,47,Derby,GBR,,7:44.8,Yes,M,464.8,116.2,223.07436232052015
4059,Chase Lehigh,33,,USA,,7:44.8,Yes,M,464.8,116.2,223.07436232052015
4063,Ron Farkash,57,"Plainville, MA",USA,,7:44.9,Yes,M,464.9,116.225,222.93044338152635
4063,WOOJUN KIM,52,Daejeon,KOR,DDANZI,7:44.9,Yes,M,464.9,116.225,222.93044338152635
4063,Harry L.,42,Bonn,GER,,7:44.9,Yes,M,464.9,116.225,222.93044338152635
4063,Paul Shanahan,68,Bristol,GBR,The Diamonds (Over Sixties Erging Group),7:44.9,Yes,M,464.9,116.225,222.93044338152635
4063,Thomas Warthun,45,,GER,Ruderverein Oberhausen e.V.,7:44.9,Yes,M,464.9,116.225,222.93044338152635
4068,Michael Hsieh,54,MD,USA,Capital Rowing Club,7:45.0,Yes,M,465.0,116.25,222.78664821714733
4068,Sam Whiteley,38,,GBR,,7:45.0,Yes,M,465.0,116.25,222.78664821714733
4068,J Boucher,50,"Augusta , ME",USA,,7:45.0,No,M,465.0,116.25,222.78664821714733
4068,Gub Neal,67,,GBR,,7:45.0,No,M,465.0,116.25,222.78664821714733
4072,Joachim Busch,35,,GER,,7:45.1,Yes,M,465.1,116.275,222.6429766943495
4072,Steve Gibson,44,,GBR,,7:45.1,Yes,M,465.1,116.275,222.6429766943495
4072,Chaz Hinkle,60,"Charlotte, NC",USA,LK Davidson Sculling/Indoor Rowing,7:45.1,Yes,M,465.1,116.275,222.6429766943495
4072,Mark Mitchell,63,Huddersfield,GBR,,7:45.1,Yes,M,465.1,116.275,222.6429766943495
4072,Mark “Woody” Woodruff,53,Kuala Lumpur,MAS,,7:45.1,Yes,M,465.1,116.275,222.6429766943495
4077,Craig Ox,47,Thames Ditton,GBR,,7:45.2,Yes,M,465.2,116.3,222.49942868027054
4077,alan webster,67,kilwinning,GBR,,7:45.2,Yes,M,465.2,116.3,222.49942868027054
4077,James Clarke,48,,GBR,UK Military Veterans,7:45.2,No,M,465.2,116.3,222.49942868027054
4080,Charles Cardish,32,NJ,USA,,7:45.3,Yes,M,465.3,116.325,222.3560040422196
4080,Steve Foster,42,Ilkley,GBR,,7:45.3,Yes,M,465.3,116.325,222.3560040422196
4080,Owen Gibbins,45,"Port Coquitlam, BC",CAN,,7:45.3,Yes,M,465.3,116.325,222.3560040422196
4080,James Huse,36,Bristol,GBR,,7:45.3,Yes,M,465.3,116.325,222.3560040422196
4080,Laurent Keysers,48,Brussels,BEL,,7:45.3,Yes,M,465.3,116.325,222.3560040422196
4085,Neil Arnott,56,Edinburgh,GBR,,7:45.4,Yes,M,465.4,116.35,222.21270264767674
4085,Jarrod Britton,55,,GBR,,7:45.4,Yes,M,465.4,116.35,222.21270264767674
4085,John Brocklehurst,55,"St. John's , NL",CAN,,7:45.4,Yes,M,465.4,116.35,222.21270264767674
4085,Ivan Falanca,15,,ITA,,7:45.4,Yes,M,465.4,116.35,222.21270264767674
4085,Steven Harris,65,"BrIarcliff Manor, NY",USA,Team Diamonds,7:45.4,Yes,M,465.4,116.35,222.21270264767674
4085,Donald Kingsnorth,66,,GBR,,7:45.4,Yes,M,465.4,116.35,222.21270264767674
4085,H Morton,58,Roskilde,DEN,,7:45.4,Yes,M,465.4,116.35,222.21270264767674
4085,Ryan Smith,46,"Boulder, CO",USA,,7:45.4,Yes,M,465.4,116.35,222.21270264767674
4085,Roger Smith,59,"Wollongong, NSW",AUS,,7:45.4,Yes,M,465.4,116.35,222.21270264767674
4085,Toby Smith,61,Benfleet,GBR,,7:45.4,No,M,465.4,116.35,222.21270264767674
4095,Mark Crowley,43,,GBR,,7:45.5,Yes,M,465.5,116.375,222.06952436429276
4095,Keith Peterson,56,,USA,,7:45.5,Yes,M,465.5,116.375,222.06952436429276
4095,Peter Tompos,55,Budapest,HUN,BEE Masters - Budapest,7:45.5,Yes,M,465.5,116.375,222.06952436429276
4095,Milan Krizanek,61,Prague,CZE,,7:45.5,No,M,465.5,116.375,222.06952436429276
4099,Gary Gristwood,71,,GBR,Everyone Active,7:45.6,Race,M,465.6,116.4,221.9264690598892
4099,Andrew Bah,46,,USA,Irving Police Department,7:45.6,Yes,M,465.6,116.4,221.9264690598892
4099,Mark Blunden,58,,GBR,,7:45.6,Yes,M,465.6,116.4,221.9264690598892
4099,Daniel Drabinski,48,"Dallas, TX",USA,Dallas Rowing Club,7:45.6,Yes,M,465.6,116.4,221.9264690598892
4099,Ezequiel Drucker,35,"Winnipeg , MB",CAN,,7:45.6,Yes,M,465.6,116.4,221.9264690598892
4099,Erik Huhn,53,Cadenberge,GER,,7:45.6,Yes,M,465.6,116.4,221.9264690598892
4099,Daniel I'Anson-Rea,53,SA,AUS,,7:45.6,Yes,M,465.6,116.4,221.9264690598892
4099,Raimondas Lapinskas,42,Tromsite.com,LTU,GARAGEATHLETE,7:45.6,Yes,M,465.6,116.4,221.9264690598892
4099,Matt Lindemeier,54,,USA,,7:45.6,Yes,M,465.6,116.4,221.9264690598892
4099,Bluehairy Pig,57,,GBR,,7:45.6,Yes,M,465.6,116.4,221.9264690598892
4099,David Ritchie,43,Aberdeen,GBR,,7:45.6,Yes,M,465.6,116.4,221.9264690598892
4099,Jonathan Rourke,71,"Belmont, MA",USA,Worcester Polytechnic Institute,7:45.6,No,M,465.6,116.4,221.9264690598892
4111,Michiel Dekker,51,Oppenhuizen,NED,,7:45.7,Yes,M,465.7,116.425,221.78353660245767
4111,Charlie Heuston,48,NSW,AUS,,7:45.7,Yes,M,465.7,116.425,221.78353660245767
4111,James Hughes,38,"St. Albert, AB",CAN,,7:45.7,Yes,M,465.7,116.425,221.78353660245767
4111,Stefan Kadler,57,,GER,,7:45.7,Yes,M,465.7,116.425,221.78353660245767
4111,John Carlton Krubl,16,,USA,Dayton Boat Club,7:45.7,Yes,M,465.7,116.425,221.78353660245767
4111,Mark Mosbery,50,Bangor,GBR,,7:45.7,Yes,M,465.7,116.425,221.78353660245767
4111,Martin Schäfer,40,Luzern,SUI,Ruderclub Reuss Luzern,7:45.7,Yes,M,465.7,116.425,221.78353660245767
4118,Tevfik Koyutürk,59,İstanbul,TUR,The Diamonds (Over Sixties Erging Group),7:45.8,Yes,M,465.8,116.45,221.64072686015982
4118,Roger Stainforth,81,Durham,GBR,Durham Amateur Rowing Club,7:45.8,No,M,465.8,116.45,221.64072686015982
4120,Tim Bowles,46,,AUS,,7:45.9,Yes,M,465.9,116.475,221.49803970132703
4120,Cenedict Bumberbatch,45,London,GBR,RowAlong,7:45.9,Yes,M,465.9,116.475,221.49803970132703
4120,John Marshall,60,"Bethesda, MD",USA,,7:45.9,Yes,M,465.9,116.475,221.49803970132703
4120,Peter Varney,43,,GBR,,7:45.9,Yes,M,465.9,116.475,221.49803970132703
4120,YVON WILST,69,DUNKERQUE,FRA,Sporting Dunkerquois,7:45.9,Yes,M,465.9,116.475,221.49803970132703
4125,Roy Adams,62,,GBR,,7:46.0,Yes,M,466.0,116.5,221.35547499446014
4125,Darren Henderson,52,Byfleet,GBR,,7:46.0,Yes,M,466.0,116.5,221.35547499446014
4125,Noah House,33,,USA,,7:46.0,Yes,M,466.0,116.5,221.35547499446014
4125,pacman Lee,33,paju,KOR,Geobukseon -「거북선」,7:46.0,Yes,M,466.0,116.5,221.35547499446014
4125,Patrick McKnight,47,,GBR,,7:46.0,Yes,M,466.0,116.5,221.35547499446014
4125,Phil Moon,63,Glasgow,GBR,,7:46.0,Yes,M,466.0,116.5,221.35547499446014
4125,Vidar Pedersen,51,,NOR,,7:46.0,Yes,M,466.0,116.5,221.35547499446014
4125,Nathaniel Pennington,40,,USA,,7:46.0,Yes,M,466.0,116.5,221.35547499446014
4125,Robert dos Remedios,59,"Santa Clarita, CA",USA,,7:46.0,No,M,466.0,116.5,221.35547499446014
4125,Steve Kokkinakis,64,"Silver Spring, MD",USA,The Diamonds (Over Sixties Erging Group),7:46.0,No,M,466.0,116.5,221.35547499446014
4125,Scott St Martin,32,,USA,,7:46.0,No,M,466.0,116.5,221.35547499446014
4136,david gillibrand,58,Rugby,GBR,SUB-7 IRC,7:46.1,Yes,M,466.1,116.525,221.21303260822944
4136,Don Heffern,38,"Mount Pleasant, SC",USA,United States Merchant Marine Academy,7:46.1,Yes,M,466.1,116.525,221.21303260822944
4136,Ben Kendrick,49,,GBR,,7:46.1,Yes,M,466.1,116.525,221.21303260822944
4136,sorab shavaksha,48,QLD,AUS,,7:46.1,Yes,M,466.1,116.525,221.21303260822944
4140,Ian Gould,63,,GBR,,7:46.2,Yes,M,466.2,116.55,221.070712411474
4140,Peter Mills,63,Durham,GBR,Age Without Limits,7:46.2,Yes,M,466.2,116.55,221.070712411474
4140,Øyvind Stokset,38,,NOR,,7:46.2,Yes,M,466.2,116.55,221.070712411474
4140,Christopher Beyer,60,,USA,,7:46.2,No,M,466.2,116.55,221.070712411474
4140,Ali Calvert,39,,GBR,,7:46.2,No,M,466.2,116.55,221.070712411474
4145,thomas L.,44,,FRA,,7:46.3,Yes,M,466.3,116.575,220.92851427320167
4145,Richard Marsden,64,Ely,GBR,,7:46.3,Yes,M,466.3,116.575,220.92851427320167
4145,Bode Matthes,18,,USA,,7:46.3,Yes,M,466.3,116.575,220.92851427320167
4145,Paul Melko,57,"Westerville, OH",USA,Katzenmoyer Performance,7:46.3,Yes,M,466.3,116.575,220.92851427320167
4145,Oldřich Vala,52,Třebíč,CZE,,7:46.3,Yes,M,466.3,116.575,220.92851427320167
4145,Andrew Brooks,51,,AUS,,7:46.3,No,M,466.3,116.575,220.92851427320167
4145,M. D,43,,CAN,,7:46.3,No,M,466.3,116.575,220.92851427320167
4145,Sergio Milani,47,,ITA,,7:46.3,No,M,466.3,116.575,220.92851427320167
4153,Cameron Cripps,38,,AUS,,7:46.4,Yes,M,466.4,116.6,220.78643806258876
4153,Logan Jarvis,15,,USA,,7:46.4,Yes,M,466.4,116.6,220.78643806258876
4153,T Y,46,TX,USA,,7:46.4,Yes,M,466.4,116.6,220.78643806258876
4153,Adam Goss,39,"St, Catharines, ON",CAN,EXR Rowing,7:46.4,No,M,466.4,116.6,220.78643806258876
4158,Hans Esterhuizen,41,"Spokane, WA",USA,,7:46.5,Yes,M,466.5,116.625,220.64448364897981
4158,Christian Hesse,54,Fritzlar,GER,,7:46.5,Yes,M,466.5,116.625,220.64448364897981
4158,Gregory Lutringer,47,,FRA,,7:46.5,Yes,M,466.5,116.625,220.64448364897981
4158,Charles Stetson,61,,USA,,7:46.5,Yes,M,466.5,116.625,220.64448364897981
4158,Shaun Vickery,56,Tiverton,GBR,,7:46.5,Yes,M,466.5,116.625,220.64448364897981
4163,Steve Angus,56,,GBR,,7:46.6,Yes,M,466.6,116.65,220.50265090188745
4163,Wes Hearst,44,,GBR,,7:46.6,Yes,M,466.6,116.65,220.50265090188745
4163,Graham Hubbard,59,,GBR,,7:46.6,Yes,M,466.6,116.65,220.50265090188745
4163,Chris Morris,54,"Hermantown, MN",USA,,7:46.6,Yes,M,466.6,116.65,220.50265090188745
4163,Luis Novas,42,Santo Domingo,DOM,The Row Astoria,7:46.6,Yes,M,466.6,116.65,220.50265090188745
4163,Jörg Oppor,68,Groß Wittensee,GER,GERMAN Rowers and FRIENDS United,7:46.6,Yes,M,466.6,116.65,220.50265090188745
4163,Patrick Pradka,38,,AUT,,7:46.6,Yes,M,466.6,116.65,220.50265090188745
4170,Luke Campbell-Crawford,44,,USA,,7:46.7,Yes,M,466.7,116.675,220.36093969099193
4170,Mick Court,50,,GBR,,7:46.7,Yes,M,466.7,116.675,220.36093969099193
4170,Dave Larsen,60,Reading,GBR,Reading Rowing Club (UK),7:46.7,Yes,M,466.7,116.675,220.36093969099193
4170,Curtis Marvin,44,,USA,,7:46.7,Yes,M,466.7,116.675,220.36093969099193
4170,Michael Miller,40,"Austin, TX",USA,,7:46.7,Yes,M,466.7,116.675,220.36093969099193
4170,Robert Rows,48,Zurich,SUI,,7:46.7,Yes,M,466.7,116.675,220.36093969099193
4170,Nikolaus Vogler,43,,AUT,,7:46.7,Yes,M,466.7,116.675,220.36093969099193
4177,Sultaan Shabazz,26,"Atlanta, GA",USA,Unaffiliated (USA),7:46.8,Race,M,466.8,116.7,220.2193498861409
4177,Maxime Alex,33,,FRA,,7:46.8,Yes,M,466.8,116.7,220.2193498861409
4177,Luke Jones,29,,GBR,,7:46.8,Yes,M,466.8,116.7,220.2193498861409
4177,Dierk Linnenschmidt,67,Essen,GER,,7:46.8,Yes,M,466.8,116.7,220.2193498861409
4177,Miccal McMullan,56,"Montpelier, VT",USA,"Green Mountain CrossFit, Berlin, Vermont",7:46.8,Yes,M,466.8,116.7,220.2193498861409
4177,Victor Richardson,57,"Georgetown, TX",USA,,7:46.8,Yes,M,466.8,116.7,220.2193498861409
4177,Neil Pomery,53,Newcastle,GBR,,7:46.8,No,M,466.8,116.7,220.2193498861409
4184,Brian Cayce,53,"Decatur, GA",USA,,7:46.9,Yes,M,466.9,116.725,220.07788135734936
4184,Danny Gamache,50,GA,USA,TEAM MELALEUCA,7:46.9,Yes,M,466.9,116.725,220.07788135734936
4184,Stewart Gebbie,50,,RSA,,7:46.9,Yes,M,466.9,116.725,220.07788135734936
4184,Chris Mordue,43,"Walnut Creek, CA",USA,,7:46.9,Yes,M,466.9,116.725,220.07788135734936
4184,Sebastian Pingel,44,Schwerin,GER,,7:46.9,Yes,M,466.9,116.725,220.07788135734936
4184,Simon ROBERTSHAW,65,,GBR,,7:46.9,Yes,M,466.9,116.725,220.07788135734936
4184,Jonny Ruthenbeck,59,"San Angelo, TX",USA,The Diamonds (Over Sixties Erging Group),7:46.9,Yes,M,466.9,116.725,220.07788135734936
4191,matt abraham,42,,USA,,7:47.0,Yes,M,467.0,116.75,219.93653397479912
4191,Joe Floyd,65,"Boston, MA",USA,Riverside Boat Club,7:47.0,Yes,M,467.0,116.75,219.93653397479912
4191,David Green,58,"Nashville, TN",USA,,7:47.0,Yes,M,467.0,116.75,219.93653397479912
4191,Aaron Lynch,56,,USA,U.S. Army Retired,7:47.0,Yes,M,467.0,116.75,219.93653397479912
4191,Derek Mollier,42,"North Bend, OR",USA,Darkhorse Rowing,7:47.0,Yes,M,467.0,116.75,219.93653397479912
4191,Nigel Woodall,44,,AUS,,7:47.0,Yes,M,467.0,116.75,219.93653397479912
4191,Daniel Bartlett,45,,AUS,,7:47.0,No,M,467.0,116.75,219.93653397479912
4191,Lee Chapman,50,,GBR,,7:47.0,No,M,467.0,116.75,219.93653397479912
4191,Angelo Magnone,58,Dorney,GBR,Dorney Boat Club,7:47.0,No,M,467.0,116.75,219.93653397479912
4191,Ketil Nordstrand,51,,NOR,,7:47.0,No,M,467.0,116.75,219.93653397479912
4201,Mick Jackson,48,"Brisbane , QLD",AUS,Silent Water Neufeld,7:47.1,Yes,M,467.1,116.775,219.795307608839
4201,Richard Shaw,60,Palmerston North,NZL,The Diamonds (Over Sixties Erging Group),7:47.1,Yes,M,467.1,116.775,219.795307608839
4201,Richard Webster,70,Swansea,GBR,The Diamonds (Over Sixties Erging Group),7:47.1,Yes,M,467.1,116.775,219.795307608839
4204,Juan Carlos Alonso,39,,ESP,,7:47.2,Yes,M,467.2,116.8,219.65420212998401
4204,Patrick Cornu,45,,MLT,,7:47.2,Yes,M,467.2,116.8,219.65420212998401
4204,Alejandro Gutierrez,36,,USA,,7:47.2,Yes,M,467.2,116.8,219.65420212998401
4204,Frank Heidenhain,74,Landsberg am Lech,GER,,7:47.2,Yes,M,467.2,116.8,219.65420212998401
4204,Kyle Lickenbrock,40,,USA,,7:47.2,Yes,M,467.2,116.8,219.65420212998401
4204,FJ NOTHEAUX,50,ALBI,FRA,,7:47.2,Yes,M,467.2,116.8,219.65420212998401
4204,Heiko Plaas,46,,GER,,7:47.2,Yes,M,467.2,116.8,219.65420212998401
4204,John Price,43,,USA,,7:47.2,Yes,M,467.2,116.8,219.65420212998401
4204,Christopher Smith,40,Chelmsford,GBR,,7:47.2,Yes,M,467.2,116.8,219.65420212998401
4204,Daniel Steimel,40,,USA,,7:47.2,Yes,M,467.2,116.8,219.65420212998401
4204,Tim Rogers,61,UK,GBR,The Jersey Rowing Club,7:47.2,No,M,467.2,116.8,219.65420212998401
4215,craig lamden,50,,GBR,,7:47.3,Yes,M,467.3,116.825,219.51321740891547
4215,Ian Newcombe,55,Wimbledon,GBR,RowAlong,7:47.3,Yes,M,467.3,116.825,219.51321740891547
4215,Jim Paterson,55,"Brampton, ON",CAN,Team Canada,7:47.3,Yes,M,467.3,116.825,219.51321740891547
4215,Mark Turner,58,"Goodyear, AZ",USA,,7:47.3,Yes,M,467.3,116.825,219.51321740891547
4215,Finnur Joen-Jacobsen,45,Sandavágur,FRO,,7:47.3,No,M,467.3,116.825,219.51321740891547
4220,Mick Panyanithisakul,32,"Atlanta, GA",USA,Unaffiliated (USA),7:47.4,Race,M,467.4,116.85,219.37235331648068
4220,Markus Erdmann,61,,GER,,7:47.4,Yes,M,467.4,116.85,219.37235331648068
4220,Christopher Finnemore,50,Stoke-on-Trent,GBR,,7:47.4,Yes,M,467.4,116.85,219.37235331648068
4220,jimmi Fischer,57,Slagelse,DEN,,7:47.4,Yes,M,467.4,116.85,219.37235331648068
4220,Nazim Inceler,44,,TUR,,7:47.4,Yes,M,467.4,116.85,219.37235331648068
4220,Steve Kelly,66,"Belo Horizonte, MG, Brazil",USA,The Diamonds (Over Sixties Erging Group),7:47.4,Yes,M,467.4,116.85,219.37235331648068
4220,Justin Medrano,24,"Jacksonville, FL",USA,,7:47.4,Yes,M,467.4,116.85,219.37235331648068
4220,Pieterjan Ossieur,34,,BEL,,7:47.4,Yes,M,467.4,116.85,219.37235331648068
4220,Oliver Robinson,41,,GBR,,7:47.4,Yes,M,467.4,116.85,219.37235331648068
4220,Simon Done,59,Monrovia,LBR,,7:47.4,No,M,467.4,116.85,219.37235331648068
4220,Mike Thompson,54,"Yukon, OK",USA,Freedom Rows Oklahoma City Warriors,7:47.4,No,M,467.4,116.85,219.37235331648068
4231,Garry Aitchison,80,Waikanae,NZL,The Diamonds (Over Sixties Erging Group),7:47.5,Yes,M,467.5,116.875,219.23160972369257
4231,Wayde Gradwell,44,,GBR,,7:47.5,Yes,M,467.5,116.875,219.23160972369257
4231,Hero Gunawan,28,,AUS,,7:47.5,Yes,M,467.5,116.875,219.23160972369257
4231,Manfred Hofmann,58,,GER,"Ruderverein Kurhessen-Cassel, Kassel",7:47.5,Yes,M,467.5,116.875,219.23160972369257
4231,Mark KONINGEN,52,"Point Cook, VIC",AUS,,7:47.5,Yes,M,467.5,116.875,219.23160972369257
4231,Mitchell Netburn,69,"New York, NY",USA,,7:47.5,Yes,M,467.5,116.875,219.23160972369257
4231,Thomas Prehn,50,,DEN,,7:47.5,Yes,M,467.5,116.875,219.23160972369257
4231,Gabriele Presot,51,,SUI,,7:47.5,Yes,M,467.5,116.875,219.23160972369257
4231,Frank Schnabel,63,Wipperfürth (NRW),GER,,7:47.5,Yes,M,467.5,116.875,219.23160972369257
4231,Harald Selseng,67,Jersøy/Lommedalen,NOR,,7:47.5,Yes,M,467.5,116.875,219.23160972369257
4231,Jack w,31,VIC,AUS,,7:47.5,Yes,M,467.5,116.875,219.23160972369257
4242,Logan Dawson,36,,USA,,7:47.6,Yes,M,467.6,116.9,219.0909865017298
4242,Thijs de Valk,38,,NED,,7:47.6,Yes,M,467.6,116.9,219.0909865017298
4242,Dave Kerrison,57,Royal Air Force,GBR,Royal Air Force (UK),7:47.6,Yes,M,467.6,116.9,219.0909865017298
4242,Tim Krause,46,QLD,AUS,,7:47.6,Yes,M,467.6,116.9,219.0909865017298
4242,Jan Loosen,46,Düsseldorf,GER,Ruderclub Germania Düsseldorf 1904 e.V.,7:47.6,Yes,M,467.6,116.9,219.0909865017298
4242,David Lutz,56,"Media, PA",USA,,7:47.6,Yes,M,467.6,116.9,219.0909865017298
4242,Ernest Misiejuk,52,,POL,,7:47.6,Yes,M,467.6,116.9,219.0909865017298
4242,Tim Raspe,41,,AUS,,7:47.6,Yes,M,467.6,116.9,219.0909865017298
4250,George Brindle,59,"Bragg Creek, AB",CAN,Calgary Rowing Club,7:47.7,Yes,M,467.7,116.925,218.95048352193598
4250,Shenghao Chen,28,,SGP,,7:47.7,Yes,M,467.7,116.925,218.95048352193598
4250,Simon Collins,46,Malton,GBR,,7:47.7,Yes,M,467.7,116.925,218.95048352193598
4250,Rodrigo Lastra,37,,URU,,7:47.7,Yes,M,467.7,116.925,218.95048352193598
4250,Felipe Valdes,55,Santiago,CHI,,7:47.7,Yes,M,467.7,116.925,218.95048352193598
4250,Daniel OKane,45,,USA,,7:47.7,No,M,467.7,116.925,218.95048352193598
4256,Fabien Chapard,46,Andrézieux-Bouthéon,FRA,,7:47.8,Yes,M,467.8,116.95,218.81010065581984
4256,Marc Grütter,37,,SUI,,7:47.8,Yes,M,467.8,116.95,218.81010065581984
4256,Peter Liske,59,"San Carlos, CA",USA,,7:47.8,Yes,M,467.8,116.95,218.81010065581984
4256,Michael Su,50,Taoyuan,TPE,,7:47.8,Yes,M,467.8,116.95,218.81010065581984
4256,Ivan Surina,42,Zagreb,CRO,,7:47.8,Yes,M,467.8,116.95,218.81010065581984
4261,Jabari Gomez,25,,BAH,,7:47.9,Yes,M,467.9,116.975,218.66983777505476
4261,Douglas Osborne,61,"Havertown, PA",USA,The Diamonds (Over Sixties Erging Group),7:47.9,Yes,M,467.9,116.975,218.66983777505476
4261,Frank Wiesner,67,Rangsdorf,GER,,7:47.9,Yes,M,467.9,116.975,218.66983777505476
4264,JC COSOVICH,62,"Burlingame, CA",USA,The Diamonds (Over Sixties Erging Group),7:48.0,Yes,M,468.0,117.0,218.52969475147862
4264,Arie Drenth,59,Veenhuizen,NED,,7:48.0,Yes,M,468.0,117.0,218.52969475147862
4264,Emmanuel Dubois,50,Le Mans,FRA,Coach-Rameur.com,7:48.0,Yes,M,468.0,117.0,218.52969475147862
4264,Steven Gott,49,,GBR,,7:48.0,Yes,M,468.0,117.0,218.52969475147862
4264,Steve Lam,48,"Emeryville, CA",USA,,7:48.0,Yes,M,468.0,117.0,218.52969475147862
4264,Victor Michel,38,,USA,,7:48.0,Yes,M,468.0,117.0,218.52969475147862
4264,Matt Millar,65,Banglamung Pattaya,THA,,7:48.0,Yes,M,468.0,117.0,218.52969475147862
4264,Kevin Sands,54,Brighouse,GBR,Free Spirits,7:48.0,Yes,M,468.0,117.0,218.52969475147862
4264,Stefan Schmidt,45,Hamburg,GER,"Concept2, Inc, Morrisville, VT",7:48.0,Yes,M,468.0,117.0,218.52969475147862
4264,Mark Wertheimer,67,"HOUSTON, TX",USA,The Diamonds (Over Sixties Erging Group),7:48.0,Yes,M,468.0,117.0,218.52969475147862
4264,Terry Forehand,54,"Yulee, FL",USA,U.S. Army Veterans,7:48.0,No,M,468.0,117.0,218.52969475147862
4275,Ed Bensink,63,Zwolle,NED,,7:48.1,Yes,M,468.1,117.025,218.3896714570937
4275,Scott Foster,49,"Basehor, KS",USA,,7:48.1,Yes,M,468.1,117.025,218.3896714570937
4275,Terry Garrett,38,"Aurora, CO",USA,,7:48.1,Yes,M,468.1,117.025,218.3896714570937
4275,Greg Glazebrook,56,"Waterloo, ON",CAN,Team Canada,7:48.1,Yes,M,468.1,117.025,218.3896714570937
4275,Sāri Khayyal,61,"San Antonio, TX",USA,Austin Rowing Club,7:48.1,Yes,M,468.1,117.025,218.3896714570937
4275,Kjell Olaussen,52,,NOR,,7:48.1,Yes,M,468.1,117.025,218.3896714570937
4275,Keith Sherman,66,"Hope Island, QLD",AUS,The Diamonds (Over Sixties Erging Group),7:48.1,Yes,M,468.1,117.025,218.3896714570937
4275,Pete Wolfhagen,49,Herkenbosch,NED,,7:48.1,Yes,M,468.1,117.025,218.3896714570937
4275,Blaise Rhodes,59,"Silver Spring, MD",USA,Washington Canoe Club,7:48.1,No,M,468.1,117.025,218.3896714570937
4275,Jean-Philippe VINCENT,76,FONTAINE,FRA,The Diamonds (Over Sixties Erging Group),7:48.1,No,M,468.1,117.025,218.3896714570937
4286,Kieran Collienne,31,,USA,Lake Union Crew,7:48.2,Yes,M,468.2,117.05,218.2497677640661
4287,Paul Belcher,54,North Somerset,GBR,,7:48.3,Yes,M,468.3,117.075,218.10998354472568
4287,David Dombrowski,73,"Mt Pleasant , SC",USA,,7:48.3,Yes,M,468.3,117.075,218.10998354472568
4287,János Róbert Gub,34,,HUN,,7:48.3,Yes,M,468.3,117.075,218.10998354472568
4287,Dan Kashman,51,,USA,,7:48.3,Yes,M,468.3,117.075,218.10998354472568
4287,Ben McKee,42,"Holly Springs, NC",USA,,7:48.3,Yes,M,468.3,117.075,218.10998354472568
4287,Christopher Talmage,36,,CAN,Canadian Army,7:48.3,Yes,M,468.3,117.075,218.10998354472568
4287,Rune Bye,70,Brumunddal,NOR,,7:48.3,No,M,468.3,117.075,218.10998354472568
4287,Rich Fedosh,65,NJ,USA,,7:48.3,No,M,468.3,117.075,218.10998354472568
4295,G G,41,,CYP,,7:48.4,Yes,M,468.4,117.1,217.97031867156588
4295,Gareth Jenkins,41,Swansea,GBR,,7:48.4,Yes,M,468.4,117.1,217.97031867156588
4295,Reggie Lloyd,68,,GBR,The Diamonds (Over Sixties Erging Group),7:48.4,Yes,M,468.4,117.1,217.97031867156588
4295,Tony Murray,60,Wakefield,NZL,The Diamonds (Over Sixties Erging Group),7:48.4,Yes,M,468.4,117.1,217.97031867156588
4295,Martin Smiddy MBE,71,,GBR,The Diamonds (Over Sixties Erging Group),7:48.4,No,M,468.4,117.1,217.97031867156588
4300,James Royster,57,"New Hope , PA",USA,,7:48.5,No,M,468.5,117.125,217.83077301724325
4301,patrick monnier,57,noirmoutier,FRA,,7:48.6,Yes,M,468.6,117.15,217.69134645457768
4301,Richard Ballinger,59,,GBR,,7:48.6,No,M,468.6,117.15,217.69134645457768
4301,Alejandro BUSE,34,,CAN,,7:48.6,No,M,468.6,117.15,217.69134645457768
4304,Kemal Dereköy,55,,GER,,7:48.7,Yes,M,468.7,117.175,217.55203885655146
4304,Kishore Kannan,24,,USA,,7:48.7,Yes,M,468.7,117.175,217.55203885655146
4304,Mark Lyons,63,,USA,,7:48.7,Yes,M,468.7,117.175,217.55203885655146
4304,John Moloney,64,Bunmahon,IRL,,7:48.7,Yes,M,468.7,117.175,217.55203885655146
4304,Rupert Oulton,50,,GBR,,7:48.7,Yes,M,468.7,117.175,217.55203885655146
4304,Isaac Smith,51,,USA,,7:48.7,No,M,468.7,117.175,217.55203885655146
4310,Andy Foley,42,,GBR,,7:48.8,Yes,M,468.8,117.2,217.41285009630965
4310,Matt Hammermeister,36,,USA,,7:48.8,Yes,M,468.8,117.2,217.41285009630965
4310,Owen Wood,59,"Rochester, NY",USA,Genesee Waterways Center,7:48.8,Yes,M,468.8,117.2,217.41285009630965
4310,Graeme Swift,60,,GBR,,7:48.8,No,M,468.8,117.2,217.41285009630965
4314,Gabriel Boutaud,45,"Nottingham, UK",FRA,,7:48.9,Yes,M,468.9,117.225,217.27378004715953
4314,Barak Caracheo,43,,CAN,,7:48.9,Yes,M,468.9,117.225,217.27378004715953
4314,Joe Drake,64,"Seattle, WA",USA,Lake Union Crew,7:48.9,Yes,M,468.9,117.225,217.27378004715953
4314,Jason Gerhart,50,,USA,,7:48.9,Yes,M,468.9,117.225,217.27378004715953
4314,Frederick LeCour,68,"Dudley, MA",USA,The Diamonds (Over Sixties Erging Group),7:48.9,Yes,M,468.9,117.225,217.27378004715953
4314,Richard Redel,65,,GER,,7:48.9,Yes,M,468.9,117.225,217.27378004715953
4314,ian hawkins,64,"Bloomfield, NJ",USA,Nereid Boat Club,7:48.9,No,M,468.9,117.225,217.27378004715953
4321,Lesley Bollens,34,,BEL,,7:49.0,Yes,M,469.0,117.25,217.13482858257035
4321,François Le Moal,61,La Rochelle,FRA,Club d'Aviron de Mer de La Rochelle (CAMLR),7:49.0,Yes,M,469.0,117.25,217.13482858257035
4321,Ian Malone,55,Auckland,NZL,,7:49.0,Yes,M,469.0,117.25,217.13482858257035
4321,Ian Robertson,60,Hartley Wintney,GBR,The Diamonds (Over Sixties Erging Group),7:49.0,Yes,M,469.0,117.25,217.13482858257035
4321,Dave Dugan,54,,USA,,7:49.0,No,M,469.0,117.25,217.13482858257035
4321,Barney Gallagher,57,"Madison, WI",USA,,7:49.0,No,M,469.0,117.25,217.13482858257035
4321,Jim Williams,51,,GBR,,7:49.0,No,M,469.0,117.25,217.13482858257035
4328,Martyn Bell,56,,GBR,,7:49.1,Yes,M,469.1,117.275,216.99599557617316
4328,James Dick,76,Uddingston,GBR,,7:49.1,Yes,M,469.1,117.275,216.99599557617316
4328,Joey Donaher,39,,USA,,7:49.1,Yes,M,469.1,117.275,216.99599557617316
4328,Mark Palmerston,45,,USA,"University of California, Davis",7:49.1,Yes,M,469.1,117.275,216.99599557617316
4328,Michael Toxværd,49,Denmark,DEN,,7:49.1,Yes,M,469.1,117.275,216.99599557617316
4333,Paul Arend,27,,USA,,7:49.2,Yes,M,469.2,117.3,216.85728090176087
4333,Sebastian Bebrys,42,,POL,,7:49.2,Yes,M,469.2,117.3,216.85728090176087
4333,Jose Cotera,55,London,GBR,Quintin Boat Club,7:49.2,Yes,M,469.2,117.3,216.85728090176087
4333,Kyle D,48,"Cape Coral, FL",USA,USCGR,7:49.2,Yes,M,469.2,117.3,216.85728090176087
4333,Álvaro Fernoy Galiñanes Velasquez,16,,ESP,,7:49.2,Yes,M,469.2,117.3,216.85728090176087
4333,Robin Lancefield,56,Malmesbury UK,GBR,Fitness Matters,7:49.2,Yes,M,469.2,117.3,216.85728090176087
4333,Sean Morony,53,"Moorpark, CA",USA,,7:49.2,Yes,M,469.2,117.3,216.85728090176087
4333,Neil Myburg,42,,AUS,,7:49.2,Yes,M,469.2,117.3,216.85728090176087
4333,Simone Sorrentino,35,,ITA,,7:49.2,Yes,M,469.2,117.3,216.85728090176087
4333,Andrew Brice,47,VIC,AUS,,7:49.2,No,M,469.2,117.3,216.85728090176087
4343,Allan Bech,57,Odsherred,DEN,Odsherred Roklub,7:49.3,Yes,M,469.3,117.325,216.7186844332873
4343,Pawel Gaca,53,,GBR,Marlow Rowing Club,7:49.3,Yes,M,469.3,117.325,216.7186844332873
4343,Eric Heemskerk,59,Delft,NED,,7:49.3,Yes,M,469.3,117.325,216.7186844332873
4343,E Stewart Johnson,61,,USA,University of Pennsylvania,7:49.3,Yes,M,469.3,117.325,216.7186844332873
4343,David R,67,"Jolimont, WA",AUS,The Diamonds (Over Sixties Erging Group),7:49.3,Yes,M,469.3,117.325,216.7186844332873
4343,Chris Rumens,60,Whangarei,NZL,The Diamonds (Over Sixties Erging Group),7:49.3,Yes,M,469.3,117.325,216.7186844332873
4343,Brendan Sheehan,43,,IRL,,7:49.3,Yes,M,469.3,117.325,216.7186844332873
4343,Steve Winnett,59,"Vancouver, WA",USA,Willamette Rowing Club,7:49.3,No,M,469.3,117.325,216.7186844332873
4351,Peter Wilson,56,,GBR,We Are Invictus,7:49.4,Race,M,469.4,117.35,216.58020604486768
4351,John Barber,34,"Long Beach, CA",USA,Long Beach Rowing Association,7:49.4,Yes,M,469.4,117.35,216.58020604486768
4351,E. Dupont,54,,FRA,,7:49.4,Yes,M,469.4,117.35,216.58020604486768
4351,Brenton Eiffe,65,"Gold Coast, QLD",AUS,,7:49.4,Yes,M,469.4,117.35,216.58020604486768
4351,Thianyit G,37,"Melbourne, VIC",AUS,Albert Park South Melbourne Rowing Club,7:49.4,Yes,M,469.4,117.35,216.58020604486768
4351,Peter Helge Svendsen,62,København,DEN,,7:49.4,Yes,M,469.4,117.35,216.58020604486768
4357,Doug Barnett,60,,GBR,,7:49.5,Yes,M,469.5,117.375,216.44184561077782
4357,Casper Brenninkmeijer,45,,NED,,7:49.5,Yes,M,469.5,117.375,216.44184561077782
4357,David Jacob,29,,GER,,7:49.5,Yes,M,469.5,117.375,216.44184561077782
4357,David McGuinness,59,Dun Laoghaire,IRL,"St. Michael's Rowing Club, Dun Laoghaire",7:49.5,Yes,M,469.5,117.375,216.44184561077782
4357,Jacobus Nortje,16,,RSA,,7:49.5,Yes,M,469.5,117.375,216.44184561077782
4357,Brian Waits,46,"Marietta, GA",USA,Age Without Limits,7:49.5,Yes,M,469.5,117.375,216.44184561077782
4363,Will Davidson,53,Cambridge,GBR,Remigo Ergo Sum,7:49.6,Yes,M,469.6,117.4,216.30360300545422
4363,Frode Eriksen,57,,NOR,,7:49.6,Yes,M,469.6,117.4,216.30360300545422
4363,Jason Harry,54,,GBR,,7:49.6,Yes,M,469.6,117.4,216.30360300545422
4363,Scott Larson,46,,USA,Washington Rowing School,7:49.6,Yes,M,469.6,117.4,216.30360300545422
4363,Paul Moretto,40,"Aurora, ON",CAN,,7:49.6,Yes,M,469.6,117.4,216.30360300545422
4363,Ross Nathan,64,Troon,GBR,,7:49.6,Yes,M,469.6,117.4,216.30360300545422
4363,Andrei Wightman,52,"Brisbane, QLD",AUS,,7:49.6,Yes,M,469.6,117.4,216.30360300545422
4370,Matthew Borg,17,,MLT,,7:49.7,Race,M,469.7,117.425,216.16547810349394
4370,Jan Helge Andersen,57,Bardu,NOR,,7:49.7,Yes,M,469.7,117.425,216.16547810349394
4370,Damien Geary,51,NSW,AUS,,7:49.7,Yes,M,469.7,117.425,216.16547810349394
4370,Love Hörnquist Åstrand,49,,USA,,7:49.7,Yes,M,469.7,117.425,216.16547810349394
4370,Matthew Miller,54,,GBR,,7:49.7,Yes,M,469.7,117.425,216.16547810349394
4370,Steve Webb,70,"Tulsa, OK",USA,,7:49.7,Yes,M,469.7,117.425,216.16547810349394
4370,Mardy Audier,65,Mapua,NZL,The Diamonds (Over Sixties Erging Group),7:49.7,No,M,469.7,117.425,216.16547810349394
4370,Caleb Petrone,35,"Newport News, VA",USA,"Hampton Roads Rowing Club, Norfolk, VA",7:49.7,No,M,469.7,117.425,216.16547810349394
4370,Simon Roberson,78,London,GBR,,7:49.7,No,M,469.7,117.425,216.16547810349394
4370,Christoph Rueckert,59,Köln,GER,Team Ruderathlet,7:49.7,No,M,469.7,117.425,216.16547810349394
4380,Rich Enners,68,"Atlanta, GA",USA,The Diamonds,7:49.8,Race,M,469.8,117.45,216.02747077965387
4380,David Baum,39,"Brookfield, IL",USA,,7:49.8,Yes,M,469.8,117.45,216.02747077965387
4380,Nunya Bidness,25,,GBR,,7:49.8,Yes,M,469.8,117.45,216.02747077965387
4380,Blair Clements,40,,GBR,,7:49.8,Yes,M,469.8,117.45,216.02747077965387
4380,Russell Elder,46,,GBR,Mearns CrossFit,7:49.8,Yes,M,469.8,117.45,216.02747077965387
4380,Colin Johnson,41,,USA,,7:49.8,Yes,M,469.8,117.45,216.02747077965387
4380,martin sigmund,47,Linz,AUT,,7:49.8,Yes,M,469.8,117.45,216.02747077965387
4380,Philip Squire,64,Norrköping,SWE,,7:49.8,Yes,M,469.8,117.45,216.02747077965387
4380,Kevin Sykes,29,,USA,,7:49.8,Yes,M,469.8,117.45,216.02747077965387
4380,Theodore Vidnovic,49,"Livermore, CA",USA,,7:49.8,Yes,M,469.8,117.45,216.02747077965387
4380,Derek Parker,55,,GBR,,7:49.8,No,M,469.8,117.45,216.02747077965387
4391,Paul Berge,47,"West Nyack, NY",USA,RowAlong,7:49.9,Yes,M,469.9,117.475,215.88958090885092
4391,Harry C,30,,GBR,Royal Navy Veterans,7:49.9,Yes,M,469.9,117.475,215.88958090885092
4391,Shawn Flanagan,47,"Las Vegas, NV",USA,,7:49.9,Yes,M,469.9,117.475,215.88958090885092
4391,D G,38,,USA,,7:49.9,Yes,M,469.9,117.475,215.88958090885092
4391,Mark Harrison,48,Scotland,GBR,Type 1 diabetic,7:49.9,Yes,M,469.9,117.475,215.88958090885092
4391,Boris Huikeshoven,48,Nieuw-Vennep,NED,"Roeivereniging Iris, Lisse",7:49.9,Yes,M,469.9,117.475,215.88958090885092
4391,Papa K,65,Bath,GBR,,7:49.9,Yes,M,469.9,117.475,215.88958090885092
4399,Kyle Becker,36,WI,USA,U.S. Navy Veteran,7:50.0,Yes,M,470.0,117.5,215.75180836616167
4399,Joel Benseler,24,,GER,,7:50.0,Yes,M,470.0,117.5,215.75180836616167
4399,Zach Reed,38,,USA,,7:50.0,Yes,M,470.0,117.5,215.75180836616167
4399,Mathias Schmidt,40,,GER,Wildfire CrossFit,7:50.0,Yes,M,470.0,117.5,215.75180836616167
4399,Daniel Strebinger,37,,USA,,7:50.0,Yes,M,470.0,117.5,215.75180836616167
4399,Maui Yanez,26,"New Braunfels, TX",USA,,7:50.0,Yes,M,470.0,117.5,215.75180836616167
4399,Peter Feitner,67,"Cummington, MA",USA,,7:50.0,No,M,470.0,117.5,215.75180836616167
4406,Stian Andersen,37,,NOR,,7:50.1,Yes,M,470.1,117.525,215.61415302682195
4406,Rafal Galbierz,44,Gdansk,POL,,7:50.1,Yes,M,470.1,117.525,215.61415302682195
4406,Bruno Michel,57,,BEL,,7:50.1,Yes,M,470.1,117.525,215.61415302682195
4406,Brett Schrewe,44,"Victoria, BC",CAN,,7:50.1,Yes,M,470.1,117.525,215.61415302682195
4406,Oliver Ting,48,"Adelaide, SA",AUS,,7:50.1,Yes,M,470.1,117.525,215.61415302682195
4406,Oyisa Nayo,15,,RSA,,7:50.1,No,M,470.1,117.525,215.61415302682195
4406,Gus Stuart,69,,USA,Nereid Boat Club,7:50.1,No,M,470.1,117.525,215.61415302682195
4413,Zoltán Kálmán,38,,HUN,,7:50.2,Yes,M,470.2,117.55,215.4766147662271
4413,Dennis Schauzu,43,,GER,,7:50.2,Yes,M,470.2,117.55,215.4766147662271
4413,john Wintherlund,56,Valby,DEN,,7:50.2,Yes,M,470.2,117.55,215.4766147662271
4416,Oscar Castanon,44,ON,CAN,,7:50.3,Yes,M,470.3,117.575,215.33919345993104
4416,Andrey Naumov,39,Moscow,AIN,,7:50.3,Yes,M,470.3,117.575,215.33919345993104
4416,Fred Pitcher,57,,USA,,7:50.3,Yes,M,470.3,117.575,215.33919345993104
4416,Matt Settar,44,,USA,,7:50.3,Yes,M,470.3,117.575,215.33919345993104
4416,Fabio Sportellini,50,,ITA,,7:50.3,Yes,M,470.3,117.575,215.33919345993104
4416,Ryan Williams,46,"Springfield, NJ",USA,,7:50.3,Yes,M,470.3,117.575,215.33919345993104
4416,Blake Williamson,70,"Bozeman, MT",USA,TEAM MELALEUCA,7:50.3,Yes,M,470.3,117.575,215.33919345993104
4423,Jacob Admiraal,56,,NED,,7:50.4,Yes,M,470.4,117.6,215.2018889836466
4423,Boško Končarević,53,Belgrade,SRB,,7:50.4,Yes,M,470.4,117.6,215.2018889836466
4423,Doug Schurman,57,"Seattle, WA",USA,BodyResults.com,7:50.4,Yes,M,470.4,117.6,215.2018889836466
4423,Edu Tessone,64,Buenos Aires,ARG,Club Nautico Hacoaj Argentina,7:50.4,Yes,M,470.4,117.6,215.2018889836466
4427,Wayne Dilworth,60,High Peak,IRL,,7:50.5,Yes,M,470.5,117.625,215.06470121324492
4427,Seamus Hurley,58,Ballina Co.Mayo,IRL,The Diamonds (Over Sixties Erging Group),7:50.5,Yes,M,470.5,117.625,215.06470121324492
4427,Stuart Pink,49,"Bellingham, MA, USA",GBR,,7:50.5,Yes,M,470.5,117.625,215.06470121324492
4427,Aidan Rees,42,,IRL,,7:50.5,Yes,M,470.5,117.625,215.06470121324492
4427,Matthias Rieger,41,,GER,,7:50.5,Yes,M,470.5,117.625,215.06470121324492
4427,Philip Schoenrock,35,,USA,,7:50.5,Yes,M,470.5,117.625,215.06470121324492
4427,Christopher Olson,61,"Austin, TX",USA,University of Wisconsin,7:50.5,No,M,470.5,117.625,215.06470121324492
4434,Leon Coad,58,,AUS,,7:50.6,Race,M,470.6,117.65,214.92763002475544
4434,Anas Benaomari,33,Rabat,MAR,,7:50.6,Yes,M,470.6,117.65,214.92763002475544
4434,Sami Bouhafes,49,Voorburg,NED,,7:50.6,Yes,M,470.6,117.65,214.92763002475544
4434,Andrew Jardine,46,,GBR,,7:50.6,Yes,M,470.6,117.65,214.92763002475544
4434,PAUL LEE,64,Singapore,SGP,The Diamonds (Over Sixties Erging Group),7:50.6,Yes,M,470.6,117.65,214.92763002475544
4434,Martin S,45,,POL,,7:50.6,Yes,M,470.6,117.65,214.92763002475544
4440,Noah Kolczynski,24,,USA,"Rochester Rowing Club, Minnesota",7:50.7,Race,M,470.7,117.675,214.79067529436574
4440,Dan Barbosa,59,,USA,,7:50.7,Yes,M,470.7,117.675,214.79067529436574
4440,Burn Lawson,45,MS,USA,509th Parachute Infantry Regiment,7:50.7,Yes,M,470.7,117.675,214.79067529436574
4440,Tommaso Marchese,62,Palermo,ITA,,7:50.7,Yes,M,470.7,117.675,214.79067529436574
4440,Keagan May,20,,RSA,,7:50.7,Yes,M,470.7,117.675,214.79067529436574
4440,Nestor Olivier,68,"Ridgewood, NJ",USA,Passaic River Rowing Association,7:50.7,Yes,M,470.7,117.675,214.79067529436574
4440,Garry Perratt,60,Devon,GBR,,7:50.7,Yes,M,470.7,117.675,214.79067529436574
4440,Dustin Rippy,49,WA,USA,,7:50.7,Yes,M,470.7,117.675,214.79067529436574
4440,Terry Simms,65,Isle of Wight,GBR,Yarmouth Gig Rowing Club,7:50.7,Yes,M,470.7,117.675,214.79067529436574
4440,Rich Southern,54,"Seattle, WA",USA,,7:50.7,Yes,M,470.7,117.675,214.79067529436574
4440,Gregory Thomas,38,,ESP,,7:50.7,Yes,M,470.7,117.675,214.79067529436574
4440,Dave Reid,62,,GBR,Hexham Rowing Club,7:50.7,No,M,470.7,117.675,214.79067529436574
4440,John Schaphorst,61,"DuPont, WA",USA,The Diamonds (Over Sixties Erging Group),7:50.7,No,M,470.7,117.675,214.79067529436574
4453,Bruno de la Fayolle,58,LAGNY/MARNE,FRA,SNL - Société Nautique Lagny-sur-Marne,7:50.8,Yes,M,470.8,117.7,214.65383689842088
4453,David Hemming,42,,GBR,,7:50.8,Yes,M,470.8,117.7,214.65383689842088
4455,Tomas Bjorklund,51,,GBR,,7:50.9,Yes,M,470.9,117.725,214.51711471342364
4455,Danijel Frketic,53,Zagreb,CRO,,7:50.9,Yes,M,470.9,117.725,214.51711471342364
4455,dachui liu,33,,CHN,,7:50.9,Yes,M,470.9,117.725,214.51711471342364
4455,Simon Morgan,43,,GBR,,7:50.9,Yes,M,470.9,117.725,214.51711471342364
4455,Adam Parry,43,,GBR,,7:50.9,Yes,M,470.9,117.725,214.51711471342364
4455,Kendall Rouse,36,OH,USA,reddit /r/ rowing,7:50.9,Yes,M,470.9,117.725,214.51711471342364
4455,Colin Savill,64,Beaminster,GBR,Bridport Gig Rowing Club,7:50.9,Yes,M,470.9,117.725,214.51711471342364
4455,Mark Steel,55,Haywards Heath,GBR,,7:50.9,Yes,M,470.9,117.725,214.51711471342364
4455,Les Singer,67,"Ottawa, ON",CAN,,7:50.9,No,M,470.9,117.725,214.51711471342364
4464,Owen Chaffee,21,"Atlanta, GA",USA,Georgia Tech Rowing Club,7:51.0,Race,M,471.0,117.75,214.380508616034
4464,Craig Canine,67,"Anacortes , WA",USA,The Diamonds (Over Sixties Erging Group),7:51.0,Yes,M,471.0,117.75,214.380508616034
4464,Julian Langley,51,London,GBR,,7:51.0,Yes,M,471.0,117.75,214.380508616034
4464,Ronan Redmond,55,Dublin,IRL,,7:51.0,Yes,M,471.0,117.75,214.380508616034
4464,Sean Ryan,54,NSW,AUS,,7:51.0,Yes,M,471.0,117.75,214.380508616034
4464,Henric Rydén,40,Sundbyberg,SWE,,7:51.0,Yes,M,471.0,117.75,214.380508616034
4464,Ivan Soto,40,,VEN,,7:51.0,Yes,M,471.0,117.75,214.380508616034
4464,Haakan Younes,51,"Pittsburgh, PA",USA,Google,7:51.0,Yes,M,471.0,117.75,214.380508616034
4472,Anthony Duthoit,66,,GBR,Hexham RC,7:51.1,Race,M,471.1,117.775,214.24401848306897
4472,Judson Bruce Kimmel,55,MN,USA,EXR Rowing,7:51.1,Yes,M,471.1,117.775,214.24401848306897
4472,Derek McAnally,60,"Coraki, NSW",AUS,The Diamonds (Over Sixties Erging Group),7:51.1,Yes,M,471.1,117.775,214.24401848306897
4472,C. Møller,62,,DEN,,7:51.1,Yes,M,471.1,117.775,214.24401848306897
4476,Chris Bessant,61,Clavering,GBR,The Diamonds (Over Sixties Erging Group),7:51.2,Yes,M,471.2,117.8,214.10764419150257
4476,Ric Geoghegan,53,Kwinana,AUS,ANYTIME FITNESS KWINANA,7:51.2,Yes,M,471.2,117.8,214.10764419150257
4476,Rob McEwin,53,,AUS,,7:51.2,Yes,M,471.2,117.8,214.10764419150257
4476,Johan Mulder,56,,NED,,7:51.2,Yes,M,471.2,117.8,214.10764419150257
4476,Dave Mulville,57,Dublin,IRL,,7:51.2,Yes,M,471.2,117.8,214.10764419150257
4476,Earl Seelmann,59,"Flint, MI",USA,Row House - 13 Mile,7:51.2,Yes,M,471.2,117.8,214.10764419150257
4476,Sven Slijkerman,33,,NED,,7:51.2,Yes,M,471.2,117.8,214.10764419150257
4483,Dominick DeVito,45,"Middletown, NY",USA,,7:51.3,Yes,M,471.3,117.825,213.9713856184652
4483,Richard Lowe,58,"Ascot Vale, VIC",AUS,,7:51.3,Yes,M,471.3,117.825,213.9713856184652
4483,Wolfgang Müller,41,,AUT,,7:51.3,Yes,M,471.3,117.825,213.9713856184652
4483,Albert Mun,40,,KOR,,7:51.3,Yes,M,471.3,117.825,213.9713856184652
4483,Baz P.,51,"Idaho Falls 🏴󠁧󠁢󠁷󠁬󠁳󠁿, ID",USA,,7:51.3,Yes,M,471.3,117.825,213.9713856184652
4483,AJ Yates,51,AB,CAN,,7:51.3,Yes,M,471.3,117.825,213.9713856184652
4483,Wolfram Garten,56,Hamburg,GER,,7:51.3,No,M,471.3,117.825,213.9713856184652
4483,Adam Harbaugh,55,"Springfield, MO",USA,,7:51.3,No,M,471.3,117.825,213.9713856184652
4491,Ben Bleach,44,,GBR,,7:51.4,Yes,M,471.4,117.85,213.83524264124364
4491,Garth Hampson,41,,GBR,,7:51.4,Yes,M,471.4,117.85,213.83524264124364
4491,Jeff Howard,48,ACT,AUS,,7:51.4,Yes,M,471.4,117.85,213.83524264124364
4491,Christoph Krumnacker,60,Dortmund,GER,,7:51.4,Yes,M,471.4,117.85,213.83524264124364
4491,Jim Mancill,65,,USA,,7:51.4,Yes,M,471.4,117.85,213.83524264124364
4491,Greg Metcalfe,50,"Edmond, OK",USA,,7:51.4,Yes,M,471.4,117.85,213.83524264124364
4491,Pete Wood,44,Nottingham,GBR,,7:51.4,Yes,M,471.4,117.85,213.83524264124364
4491,Ben Zhang,52,ON,CAN,,7:51.4,Yes,M,471.4,117.85,213.83524264124364
4499,Alan Patterson,77,"Thornlands, QLD",AUS,,7:51.5,Race,M,471.5,117.875,213.6992151372809
4499,Ray .,35,,USA,Team Vegan,7:51.5,Yes,M,471.5,117.875,213.6992151372809
4499,Bob Cullen,60,"Medford, NJ",USA,,7:51.5,Yes,M,471.5,117.875,213.6992151372809
4499,Paul Ferguson,73,"Melbourne, VIC",AUS,Melbourne University,7:51.5,Yes,M,471.5,117.875,213.6992151372809
4499,Sérgio Gomes,47,Ovar,POR,,7:51.5,Yes,M,471.5,117.875,213.6992151372809
4499,Dennis Lansey,60,"Tucson, AZ",USA,,7:51.5,No,M,471.5,117.875,213.6992151372809
4505,Voitek Klimiuk,69,"Tullimbar, NSW",AUS,,7:51.6,Yes,M,471.6,117.9,213.56330298417572
4505,Erasmus Peukert,60,,SUI,,7:51.6,Yes,M,471.6,117.9,213.56330298417572
4505,Thomas Rommel,44,,GER,,7:51.6,Yes,M,471.6,117.9,213.56330298417572
4505,Sjoerd van den Boom,40,,NED,,7:51.6,Yes,M,471.6,117.9,213.56330298417572
4505,Martin Gallagher,73,"Tewantin, QLD",AUS,,7:51.6,No,M,471.6,117.9,213.56330298417572
4510,Aaron Guill,55,"San Antonio, TX",USA,United States Air Force — Freedom Rows,7:51.7,Yes,M,471.7,117.925,213.42750605968274
4510,Jácint Izsák,51,Tatabánya,HUN,,7:51.7,Yes,M,471.7,117.925,213.42750605968274
4510,deon mante,53,Margate,RSA,asiana rowers,7:51.7,Yes,M,471.7,117.925,213.42750605968274
4510,Theunis Roux,57,"Sydney, NSW",AUS,,7:51.7,Yes,M,471.7,117.925,213.42750605968274
4514,Szabó Attila,47,Budapest,HUN,,7:51.8,Yes,M,471.8,117.95,213.29182424171182
4514,Tom Dames,47,,GBR,,7:51.8,Yes,M,471.8,117.95,213.29182424171182
4514,Owen Killmister,55,Menai Bridge,GBR,,7:51.8,Yes,M,471.8,117.95,213.29182424171182
4517,Desmond Doyle,40,,IRL,,7:51.9,Yes,M,471.9,117.975,213.1562574083281
4517,James Osborne,41,,GBR,Royal Air Force (UK),7:51.9,Yes,M,471.9,117.975,213.1562574083281
4517,Sascha Runkel,51,,GER,,7:51.9,Yes,M,471.9,117.975,213.1562574083281
4520,Roger Stainforth,81,,GBR,,7:52.0,Race,M,472.0,118.0,213.02080543775168
4520,Steve Anderson,69,"Arlington , VA",USA,,7:52.0,Yes,M,472.0,118.0,213.02080543775168
4520,Chris Arcona,57,Narragansett Boat Club (basement),USA,,7:52.0,Yes,M,472.0,118.0,213.02080543775168
4520,Michał Górnik,51,Katowice,POL,Polish Indoor Rowing Team,7:52.0,Yes,M,472.0,118.0,213.02080543775168
4520,Matt Griffiths,59,,USA,,7:52.0,Yes,M,472.0,118.0,213.02080543775168
4520,Earl Klassen,65,"Peachland, BC",CAN,,7:52.0,Yes,M,472.0,118.0,213.02080543775168
4520,Chris Kurton,64,Taunton,GBR,Taunton Rowing Club,7:52.0,Yes,M,472.0,118.0,213.02080543775168
4520,Christopher Lloyd,49,Wirral,GBR,Free Spirits,7:52.0,Yes,M,472.0,118.0,213.02080543775168
4520,Christian Monson,29,,USA,,7:52.0,Yes,M,472.0,118.0,213.02080543775168
4520,Martin Rosenberg,52,,USA,,7:52.0,Yes,M,472.0,118.0,213.02080543775168
4520,Joakim Ulviken Rygh,37,,NOR,,7:52.0,Yes,M,472.0,118.0,213.02080543775168
4531,Nikolaus Beatus,50,Belgrade,SRB,"Rowing Club Graficar, Belgrade, Serbia and Montenegro",7:52.1,Yes,M,472.1,118.025,212.88546820835734
4531,Robert Colvin,61,Southam,GBR,,7:52.1,Yes,M,472.1,118.025,212.88546820835734
4531,Tobias Hinz,34,,USA,,7:52.1,Yes,M,472.1,118.025,212.88546820835734
4531,Joseph Marchand,47,"Edmonton, AB",CAN,,7:52.1,Yes,M,472.1,118.025,212.88546820835734
4531,Duncan Wilson,60,Dumfries,GBR,,7:52.1,Yes,M,472.1,118.025,212.88546820835734
4536,Cory Davis,55,"Calgary, AB",CAN,,7:52.2,Yes,M,472.2,118.05,212.75024559867455
4536,Alan Ormsby,58,"West Baldwin, Isle of Man",GBR,,7:52.2,Yes,M,472.2,118.05,212.75024559867455
4536,Axel Petersen,14,,SWE,,7:52.2,Yes,M,472.2,118.05,212.75024559867455
4536,Bill Walsh,68,"La Jolla, CA",USA,,7:52.2,Yes,M,472.2,118.05,212.75024559867455
4540,Michael Biderman,62,"Toronto, ON",CAN,The Diamonds (Over Sixties Erging Group),7:52.3,Yes,M,472.3,118.075,212.61513748738687
4540,Jože Gerdenc,41,,SLO,,7:52.3,Yes,M,472.3,118.075,212.61513748738687
4540,Justin Lasut,43,"Lewistown, PA",USA,Army National Guard,7:52.3,Yes,M,472.3,118.075,212.61513748738687
4540,Tom Lips,72,Santpoort-Noord,NED,,7:52.3,Yes,M,472.3,118.075,212.61513748738687
4544,Toby Walsh,53,"Robertsbridge, East Sussex",GBR,,7:52.4,Yes,M,472.4,118.1,212.480143753332
4544,Zossma Zosma,46,,ROU,,7:52.4,Yes,M,472.4,118.1,212.480143753332
4544,Rob Baldwin,60,Preston,GBR,Free Spirits,7:52.4,No,M,472.4,118.1,212.480143753332
4544,Tom Harwood,36,,GBR,Free Spirits,7:52.4,No,M,472.4,118.1,212.480143753332
4548,Ivan Biryukov,36,Vanadzor,ARM,Trialeti Vanadzor,7:52.5,Yes,M,472.5,118.125,212.34526427550142
4548,Wouter Kersschot,46,,BEL,,7:52.5,Yes,M,472.5,118.125,212.34526427550142
4548,Dan Morgan,46,Wales,GBR,,7:52.5,Yes,M,472.5,118.125,212.34526427550142
4551,Mike Bedford,48,Reading,GBR,,7:52.6,Yes,M,472.6,118.15,212.21049893304018
4551,stuart crook,60,"Costa Mesa, CA",USA,The Diamonds (Over Sixties Erging Group),7:52.6,Yes,M,472.6,118.15,212.21049893304018
4551,Bob Rahtz,72,"Lebanon, OH",USA,,7:52.6,Yes,M,472.6,118.15,212.21049893304018
4551,Marius Scheid,34,,GER,,7:52.6,Yes,M,472.6,118.15,212.21049893304018
4551,wai kit Chung,48,,HKG,,7:52.6,No,M,472.6,118.15,212.21049893304018
4556,Stephen Thorheim Røyset,37,,NOR,,7:52.7,Yes,M,472.7,118.175,212.07584760524688
4556,Valera Smyk,63,Brest,AIN,,7:52.7,Yes,M,472.7,118.175,212.07584760524688
4556,Leif Terry,53,"Decatur, GA",USA,,7:52.7,Yes,M,472.7,118.175,212.07584760524688
4559,Keith Allen,63,"Tucson, AZ",USA,Crossfit 646,7:52.8,Yes,M,472.8,118.2,211.9413101715731
4559,Ed Dii,30,,SUI,,7:52.8,Yes,M,472.8,118.2,211.9413101715731
4559,Kevin Ray,46,,GBR,,7:52.8,Yes,M,472.8,118.2,211.9413101715731
4559,Rogelio Rumbo,46,,URU,,7:52.8,Yes,M,472.8,118.2,211.9413101715731
4559,Rahul Singhal,40,Miami,USA,,7:52.8,Yes,M,472.8,118.2,211.9413101715731
4559,Patrick Stueve,34,"Oakland, CA",USA,Oakland Fire Department,7:52.8,Yes,M,472.8,118.2,211.9413101715731
4559,Erik van Rootselaar,59,Hillegom,NED,,7:52.8,No,M,472.8,118.2,211.9413101715731
4566,Henrik Bakke,26,,NOR,,7:52.9,Yes,M,472.9,118.225,211.8068865116233
4566,Chris Dartt,56,"Eugene, OR",USA,,7:52.9,Yes,M,472.9,118.225,211.8068865116233
4566,Petr Oliva,52,Pilsen,CZE,Free Spirits,7:52.9,No,M,472.9,118.225,211.8068865116233
4569,Frank Biermann,52,,GER,GERMAN Rowers and FRIENDS United,7:53.0,Yes,M,473.0,118.25,211.6725765051548
4569,Chuck Crocco,62,"Flemington, NJ",USA,The Diamonds (Over Sixties Erging Group),7:53.0,Yes,M,473.0,118.25,211.6725765051548
4569,Kaan PEKISIK,51,Istanbul,TUR,Turkish Rowing Team,7:53.0,Yes,M,473.0,118.25,211.6725765051548
4569,Julien Vuillemin-Toledo,49,Seoul - South Korea,FRA,,7:53.0,Yes,M,473.0,118.25,211.6725765051548
4569,Massimo Castellani,51,Verona,ITA,,7:53.0,No,M,473.0,118.25,211.6725765051548
4569,David Daniel,52,"Gloucester, VA",USA,,7:53.0,No,M,473.0,118.25,211.6725765051548
4569,Thomas Müller,44,Buchholz,GER,Team Ruderathlet,7:53.0,No,M,473.0,118.25,211.6725765051548
4576,David Taylor,57,,GBR,,7:53.1,Race,M,473.1,118.275,211.53838003207716
4576,James Donald,41,,GBR,,7:53.1,Yes,M,473.1,118.275,211.53838003207716
4576,Timo Eloranta,55,Espoo,FIN,Team Finland,7:53.1,Yes,M,473.1,118.275,211.53838003207716
4576,Michal Przemyk,51,Warsaw,POL,,7:53.1,Yes,M,473.1,118.275,211.53838003207716
4576,Gerhard Trunzer,46,"Neu-Ulm, BY",GER,,7:53.1,Yes,M,473.1,118.275,211.53838003207716
4576,Lixuan Y,36,,USA,,7:53.1,Yes,M,473.1,118.275,211.53838003207716
4582,Paweł Karnowski,36,Starogard Gdański,POL,,7:53.2,Yes,M,473.2,118.3,211.40429697245239
4582,O O,42,,MYA,,7:53.2,Yes,M,473.2,118.3,211.40429697245239
4584,Asino Asinello,48,,GER,,7:53.3,Yes,M,473.3,118.325,211.27032720649444
4584,Rick Bayko,78,"West Newbury, MA",USA,Community Rowing Mil Vets,7:53.3,Yes,M,473.3,118.325,211.27032720649444
4584,Clive Harlow,70,Maidstone,GBR,Maidstone Invicta Rowing Club,7:53.3,Yes,M,473.3,118.325,211.27032720649444
4584,scott Perry,58,,USA,,7:53.3,Yes,M,473.3,118.325,211.27032720649444
4588,James Brundell,56,,NZL,,7:53.4,Yes,M,473.4,118.35,211.13647061456896
4588,Brodie Johnston,33,Pukenui,NZL,GARAGEATHLETE,7:53.4,Yes,M,473.4,118.35,211.13647061456896
4588,Joerg Schmitt,56,Masan,KOR,,7:53.4,Yes,M,473.4,118.35,211.13647061456896
4588,Marcin Syczewski,42,Białystok,POL,,7:53.4,Yes,M,473.4,118.35,211.13647061456896
4588,John Tarley,65,"Williamsburg, VA",USA,RowAlong,7:53.4,Yes,M,473.4,118.35,211.13647061456896
4588,Jeff Wachtel,69,"Atherton, CA",USA,,7:53.4,No,M,473.4,118.35,211.13647061456896
4594,Douglas Blegen,73,"Whitefish Bay, WI",USA,Team Sculldougery,7:53.5,Yes,M,473.5,118.375,211.00272707719333
4594,Ewald Bronkhorst,63,Molenhoek,NED,,7:53.5,Yes,M,473.5,118.375,211.00272707719333
4594,Sam Martinez,49,,USA,,7:53.5,Yes,M,473.5,118.375,211.00272707719333
4594,sjinny sun,40,,CHN,China Indoor Rowers,7:53.5,Yes,M,473.5,118.375,211.00272707719333
4594,Ryan Trask,47,"Deephaven, MN",USA,,7:53.5,Yes,M,473.5,118.375,211.00272707719333
4594,Neil Witz,55,,GBR,,7:53.5,Yes,M,473.5,118.375,211.00272707719333
4594,John Womersley,69,"Georgeham, Devon",GBR,The Diamonds (Over Sixties Erging Group),7:53.5,Yes,M,473.5,118.375,211.00272707719333
4601,Neil Bassett,57,Andover,GBR,,7:53.6,Yes,M,473.6,118.4,210.869096475036
4601,John M Campbell,63,"DUNDAS, ON",CAN,The Gym of John,7:53.6,Yes,M,473.6,118.4,210.869096475036
4601,Jingbo Dong,41,,CHN,,7:53.6,Yes,M,473.6,118.4,210.869096475036
4601,Fletch Homer,69,"Sandy Springs, GA",USA,,7:53.6,Yes,M,473.6,118.4,210.869096475036
4601,Antonio Pirrello,56,Rumst,BEL,,7:53.6,Yes,M,473.6,118.4,210.869096475036
4601,Jacques W,64,São José dos Campos - SP,BRA,,7:53.6,Yes,M,473.6,118.4,210.869096475036
4601,Tim van der Meer,59,Veldhoven,NED,,7:53.6,No,M,473.6,118.4,210.869096475036
4608,Ryan Bridges,40,VA,USA,U.S. Navy,7:53.7,Yes,M,473.7,118.425,210.7355786889169
4608,Tim Falconer,62,Alnwick,GBR,,7:53.7,Yes,M,473.7,118.425,210.7355786889169
4608,Michael Klobas,65,"Sunshine Beach, QLD",AUS,,7:53.7,Yes,M,473.7,118.425,210.7355786889169
4608,leif rinde,49,,NOR,,7:53.7,Yes,M,473.7,118.425,210.7355786889169
4608,Nathan Tagg,55,"Chapel Hill, NC",USA,,7:53.7,Yes,M,473.7,118.425,210.7355786889169
4608,Mike Eastgate,63,Warrington,GBR,,7:53.7,No,M,473.7,118.425,210.7355786889169
4608,Richard Spencer,57,Stratford-upon-Avon,GBR,,7:53.7,No,M,473.7,118.425,210.7355786889169
4615,George Bingham,64,"Sheffield, South Yorkshire",GBR,Red Line Rowers,7:53.8,Yes,M,473.8,118.45,210.60217359980658
4615,Gustavo Carvalho,41,,CAN,,7:53.8,No,M,473.8,118.45,210.60217359980658
4615,Jacob Thorsted,53,,DEN,,7:53.8,No,M,473.8,118.45,210.60217359980658
4618,Gez Armstrong,50,,GBR,ATU West,7:53.9,Yes,M,473.9,118.475,210.46888108882635
4618,Ben Drury,59,"Bainbridge Island, WA",USA,Bainbridge Island Rowing,7:53.9,Yes,M,473.9,118.475,210.46888108882635
4618,Bruce Hunter,75,Tonbridge,GBR,,7:53.9,Yes,M,473.9,118.475,210.46888108882635
4618,Mihail Milev,33,Plymouth,GBR,,7:53.9,Yes,M,473.9,118.475,210.46888108882635
4618,Richard Payn,61,,GBR,,7:53.9,Yes,M,473.9,118.475,210.46888108882635
4618,Stefano Pillepich,49,,NED,,7:53.9,Yes,M,473.9,118.475,210.46888108882635
4618,Mounir Strømme,45,,THA,,7:53.9,Yes,M,473.9,118.475,210.46888108882635
4618,Matt Wright,29,"Des Moines, IA",USA,,7:53.9,Yes,M,473.9,118.475,210.46888108882635
4618,Brian Yip,44,,USA,Free Spirits,7:53.9,Yes,M,473.9,118.475,210.46888108882635
4627,Matthew Clark,53,Exeter,GBR,University of Exeter (Alumni),7:54.0,Yes,M,474.0,118.5,210.33570103724801
4627,Charris Giannoulis,49,,GRE,,7:54.0,Yes,M,474.0,118.5,210.33570103724801
4627,Michael Hickey,46,NJ,USA,,7:54.0,Yes,M,474.0,118.5,210.33570103724801
4627,Andrew Huss,33,"San Francisco, CA",USA,,7:54.0,Yes,M,474.0,118.5,210.33570103724801
4627,James Jack,57,,GBR,Maidstone Invicta Rowing Club,7:54.0,Yes,M,474.0,118.5,210.33570103724801
4627,Joe Monroe,40,"Cleveland, OH",USA,,7:54.0,Yes,M,474.0,118.5,210.33570103724801
4627,Aeneas Appius,65,Gross,SUI,,7:54.0,No,M,474.0,118.5,210.33570103724801
4627,Todd Edgar,46,Cashibococha,PER,,7:54.0,No,M,474.0,118.5,210.33570103724801
4635,Rick Bayko,78,"Atlanta, GA",USA,"Community Rowing, Inc.",7:54.1,Race,M,474.1,118.525,210.20263332649336
4635,Lael Daire,50,,USA,"Rochester Rowing Club, Minnesota",7:54.1,Race,M,474.1,118.525,210.20263332649336
4635,Grant Johnson,67,,GBR,Ardingly Rowing,7:54.1,Race,M,474.1,118.525,210.20263332649336
4635,Sebas Carres,53,,ESP,,7:54.1,Yes,M,474.1,118.525,210.20263332649336
4635,William Caswell,43,,CAN,,7:54.1,Yes,M,474.1,118.525,210.20263332649336
4635,Neill Harvey,65,,UAE,,7:54.1,Yes,M,474.1,118.525,210.20263332649336
4635,Joël Lallement,57,HOBOKEN,BEL,,7:54.1,Yes,M,474.1,118.525,210.20263332649336
4635,Logan McLeod,19,Musselburgh,GBR,,7:54.1,Yes,M,474.1,118.525,210.20263332649336
4635,Duccio Tessadri,51,Rovereto,ITA,"Prosport Trento, Italy",7:54.1,Yes,M,474.1,118.525,210.20263332649336
4644,Franklin Cater,63,"Atlanta, GA",USA,"Atlanta Rowing Club, Inc.",7:54.2,Race,M,474.2,118.55,210.06967783813462
4644,Colin Dunn,51,,GBR,,7:54.2,Yes,M,474.2,118.55,210.06967783813462
4644,Mark Verschoyle,62,,SUI,,7:54.2,Yes,M,474.2,118.55,210.06967783813462
4644,Gareth Webster,63,,AUS,The Diamonds (Over Sixties Erging Group),7:54.2,Yes,M,474.2,118.55,210.06967783813462
4644,Les Whitaker,68,"Huntingdon, Cambridgeshire",GBR,RowPro Rowers,7:54.2,Yes,M,474.2,118.55,210.06967783813462
4644,Ted Cater,63,"Roswell, GA",USA,,7:54.2,No,M,474.2,118.55,210.06967783813462
4644,Mike Kelly,62,"Goshen, CT",USA,Litchfield Hills Rowing Club,7:54.2,No,M,474.2,118.55,210.06967783813462
4651,Matt Edwards,38,Stoke on Trent,GBR,,7:54.3,Yes,M,474.3,118.575,209.93683445389345
4651,Alexander Jones,44,,USA,,7:54.3,Yes,M,474.3,118.575,209.93683445389345
4651,Armin Koblak,39,,POL,,7:54.3,Yes,M,474.3,118.575,209.93683445389345
4651,Graeme McCormick,59,,GBR,CrossFit Airdrie,7:54.3,Yes,M,474.3,118.575,209.93683445389345
4651,David Piazza,66,"Pacific Grove, CA",USA,Age Without Limits,7:54.3,Yes,M,474.3,118.575,209.93683445389345
4651,Todd Sanders,59,"Beaverton, OR",USA,The Diamonds (Over Sixties Erging Group),7:54.3,Yes,M,474.3,118.575,209.93683445389345
4651,James Oliver,40,,GBR,,7:54.3,No,M,474.3,118.575,209.93683445389345
4658,Weston Flamm,48,,USA,CrossFit Linchpin,7:54.4,Race,M,474.4,118.6,209.80410305564115
4658,Albrecht Braune,65,Northeim,GER,,7:54.4,Yes,M,474.4,118.6,209.80410305564115
4658,Ricky Chan,39,,GBR,,7:54.4,Yes,M,474.4,118.6,209.80410305564115
4658,Hank Hakewill,76,"Wilmette, IL",USA,Lake Effect Rowing,7:54.4,Yes,M,474.4,118.6,209.80410305564115
4658,Alberto Romero,46,,ESP,,7:54.4,Yes,M,474.4,118.6,209.80410305564115
4658,Quentin Wgh,29,,FRA,,7:54.4,Yes,M,474.4,118.6,209.80410305564115
4664,Brian Heneghan,32,"Portland, OR",USA,,7:54.5,Yes,M,474.5,118.625,209.67148352539843
4664,Alex Kollitz,62,OR,USA,U.S. Marines,7:54.5,Yes,M,474.5,118.625,209.67148352539843
4664,Paul Kyberd,72,,GBR,The Diamonds (Over Sixties Erging Group),7:54.5,Yes,M,474.5,118.625,209.67148352539843
4664,ronald woodaman,60,,USA,,7:54.5,Yes,M,474.5,118.625,209.67148352539843
4664,John Zahodne,43,,USA,,7:54.5,Yes,M,474.5,118.625,209.67148352539843
4669,Benoit Braban,39,,FRA,,7:54.6,Yes,M,474.6,118.65,209.53897574533494
4669,Wolfgang Cibulka,67,Frankfurt am Main 🇩🇪,GER,CrossFit Centerpiece Heusenstamm,7:54.6,Yes,M,474.6,118.65,209.53897574533494
4669,Dave Evans,63,Earley,GBR,,7:54.6,Yes,M,474.6,118.65,209.53897574533494
4669,Frank Görzig,65,Herzogenaurach,GER,,7:54.6,Yes,M,474.6,118.65,209.53897574533494
4669,John Martin,46,"Sapulpa, OK",USA,U.S. Army Veterans,7:54.6,Yes,M,474.6,118.65,209.53897574533494
4674,Matt Dixon,50,,USA,,7:54.7,Yes,M,474.7,118.675,209.4065795977696
4674,paul j,39,ON,CAN,,7:54.7,Yes,M,474.7,118.675,209.4065795977696
4674,Fabien Paleyron,48,"Montady, Occitanie",FRA,RowElite Crew,7:54.7,Yes,M,474.7,118.675,209.4065795977696
4674,HOSANG SONG,40,,KOR,,7:54.7,Yes,M,474.7,118.675,209.4065795977696
4674,Jason Walsh,54,,GBR,,7:54.7,Yes,M,474.7,118.675,209.4065795977696
4679,João Batista,54,Grandola,POR,Age Without Limits,7:54.8,Yes,M,474.8,118.7,209.27429496516964
4679,keith gross,40,MN,USA,CrossFit Linchpin,7:54.8,Yes,M,474.8,118.7,209.27429496516964
4679,Jörg Hons,68,Herne,GER,Ruderverein Emscher e.V. (RVE),7:54.8,Yes,M,474.8,118.7,209.27429496516964
4679,I L,26,,GER,,7:54.8,Yes,M,474.8,118.7,209.27429496516964
4679,Zbysek Pochyly,38,,CZE,,7:54.8,Yes,M,474.8,118.7,209.27429496516964
4679,Jeroen van Hessen,62,Den Haag,NED,The Diamonds (Over Sixties Erging Group),7:54.8,Yes,M,474.8,118.7,209.27429496516964
4679,R Nijholt,53,Hilversum,NED,"HRV Cornelis Tromp, Hilversum, the Netherlands",7:54.8,No,M,474.8,118.7,209.27429496516964
4679,Martin Van DUIJN,67,,NED,,7:54.8,No,M,474.8,118.7,209.27429496516964
4687,Silvio Castagnone,70,,ITA,Prosport Trento,7:54.9,Race,M,474.9,118.725,209.1421217301509
4687,Nils Hass,44,,GER,,7:54.9,Yes,M,474.9,118.725,209.1421217301509
4687,Oliver Leeds,53,Tunbridge Wells,GBR,Free Spirits,7:54.9,Yes,M,474.9,118.725,209.1421217301509
4687,Pål Munkvold,56,,NOR,,7:54.9,Yes,M,474.9,118.725,209.1421217301509
4687,Anthony Tomys,39,,FRA,,7:54.9,Yes,M,474.9,118.725,209.1421217301509
4692,Ola Ajia,44,,USA,,7:55.0,Yes,M,475.0,118.75,209.0100597754775
4692,Markiyan Andruchowycz,42,,USA,,7:55.0,Yes,M,475.0,118.75,209.0100597754775
4692,Assaf Key,48,,ISR,,7:55.0,Yes,M,475.0,118.75,209.0100597754775
4692,Matt Knights,42,,GBR,Royal Air Force (UK),7:55.0,Yes,M,475.0,118.75,209.0100597754775
4692,Scott Rae,56,"Geelong, VIC",AUS,,7:55.0,Yes,M,475.0,118.75,209.0100597754775
4692,Arnd Schulte-Drüggelte,46,Bad Honnef,GER,,7:55.0,Yes,M,475.0,118.75,209.0100597754775
4692,Kenneth Darling Sorensen,50,Roskilde,DEN,,7:55.0,Yes,M,475.0,118.75,209.0100597754775
4692,Jie Yu,40,,CHN,Rowing Pro Shanghai,7:55.0,Yes,M,475.0,118.75,209.0100597754775
4692,Dave Brown,63,,USA,Milo Fitness Factory,7:55.0,No,M,475.0,118.75,209.0100597754775
4692,Philip Fugle,69,Oxford,GBR,,7:55.0,No,M,475.0,118.75,209.0100597754775
4692,Stefano Guidicelli,36,,GBR,,7:55.0,No,M,475.0,118.75,209.0100597754775
4692,Richard Turner,46,Blackpool,GBR,,7:55.0,No,M,475.0,118.75,209.0100597754775
4704,Eric Berntsen,56,"Sandpoint, ID",USA,,7:55.1,Yes,M,475.1,118.775,208.8781089840614
4704,Denny Metz,52,,NED,,7:55.1,Yes,M,475.1,118.775,208.8781089840614
4704,Matthias Schöne,35,,GER,,7:55.1,Yes,M,475.1,118.775,208.8781089840614
4704,Max Willens,27,,USA,,7:55.1,Yes,M,475.1,118.775,208.8781089840614
4708,Dylan Saulinskas,15,"Atlanta, GA",USA,Allatoona Rowing Association,7:55.2,Race,M,475.2,118.8,208.7462692389627
4708,Philip Tongue,51,,GBR,,7:55.2,Race,M,475.2,118.8,208.7462692389627
4708,Jeff Cutler,58,"Philadelphia , PA",USA,,7:55.2,Yes,M,475.2,118.8,208.7462692389627
4708,Adam Gordon,45,,USA,,7:55.2,Yes,M,475.2,118.8,208.7462692389627
4708,Panos Krikos,46,chania,GRE,,7:55.2,Yes,M,475.2,118.8,208.7462692389627
4708,Raymond McAvoy,68,Wirral,GBR,,7:55.2,Yes,M,475.2,118.8,208.7462692389627
4708,Tom Wedeles,49,"West Hartford, CT",USA,Riverfront Recapture,7:55.2,Yes,M,475.2,118.8,208.7462692389627
4715,Ben Banks,50,,GBR,,7:55.3,Yes,M,475.3,118.825,208.6145404233888
4715,Trey Johnson,42,,USA,,7:55.3,Yes,M,475.3,118.825,208.6145404233888
4715,Mike Linehan,68,Reading,GBR,Reading Rowing Club (UK),7:55.3,Yes,M,475.3,118.825,208.6145404233888
4715,Phil Mansfield,55,,USA,,7:55.3,Yes,M,475.3,118.825,208.6145404233888
4715,Chris Mingo,46,,GBR,,7:55.3,Yes,M,475.3,118.825,208.6145404233888
4720,Grayson Gritton,19,"Atlanta, GA",USA,Wake Forest University Rowing Club,7:55.4,Race,M,475.4,118.85,208.4829224206946
4720,Neil Batty,58,Nottinghamshire,GBR,,7:55.4,Yes,M,475.4,118.85,208.4829224206946
4720,Eulogio Bocanegra,48,,USA,,7:55.4,Yes,M,475.4,118.85,208.4829224206946
4720,Warren Crabb,43,"Newark, DE",USA,USAF Veterans,7:55.4,Yes,M,475.4,118.85,208.4829224206946
4720,Lee Holdaway,70,Bexhill on Sea,GBR,,7:55.4,Yes,M,475.4,118.85,208.4829224206946
4720,Thomas Ozanne,47,,GBR,,7:55.4,Yes,M,475.4,118.85,208.4829224206946
4720,Peter Robinson,80,Palmerston North,NZL,The Diamonds (Over Sixties Erging Group),7:55.4,Yes,M,475.4,118.85,208.4829224206946
4720,Marek Ziółkowski,42,,POL,,7:55.4,Yes,M,475.4,118.85,208.4829224206946
4720,Ulrich Thielke,59,Rinteln,GER,RowPro Rowers,7:55.4,No,M,475.4,118.85,208.4829224206946
4729,Steve Barnett,62,London,GBR,,7:55.5,Yes,M,475.5,118.875,208.3514151143821
4729,Jonas Gustavson,36,,SWE,,7:55.5,Yes,M,475.5,118.875,208.3514151143821
4729,Frans Kraak,66,Oss,NED,The Diamonds (Over Sixties Erging Group),7:55.5,Yes,M,475.5,118.875,208.3514151143821
4729,Matthew Newton,45,,GBR,,7:55.5,Yes,M,475.5,118.875,208.3514151143821
4729,Andy Roth,57,WA,USA,,7:55.5,Yes,M,475.5,118.875,208.3514151143821
4729,Joshua Taylor,41,CA,USA,,7:55.5,Yes,M,475.5,118.875,208.3514151143821
4736,Jp Anquetil,54,,GBR,,7:55.6,Yes,M,475.6,118.9,208.22001838810016
4736,Muhammet DUZENLI,28,,TUR,,7:55.6,Yes,M,475.6,118.9,208.22001838810016
4736,Erik Klein,40,,USA,,7:55.6,Yes,M,475.6,118.9,208.22001838810016
4736,Charles Mccoll,56,,GBR,,7:55.6,Yes,M,475.6,118.9,208.22001838810016
4736,Alexander Ramirez,55,,CRC,,7:55.6,Yes,M,475.6,118.9,208.22001838810016
4736,M W,36,,DEN,,7:55.6,Yes,M,475.6,118.9,208.22001838810016
4736,Alister Wallbank,57,,GBR,,7:55.6,Yes,M,475.6,118.9,208.22001838810016
4736,Roland Fourie,48,Harare,RSA,,7:55.6,No,M,475.6,118.9,208.22001838810016
4744,Tom Broderick,65,"Reston, VA",USA,The Diamonds (Over Sixties Erging Group),7:55.7,Yes,M,475.7,118.925,208.08873212564467
4744,Bo Frederiksen,52,Valby,DEN,,7:55.7,Yes,M,475.7,118.925,208.08873212564467
4744,James Moore,27,,USA,,7:55.7,Yes,M,475.7,118.925,208.08873212564467
4744,Brian Moore,54,"Huntsville, AL",USA,U.S. Army Veterans,7:55.7,Yes,M,475.7,118.925,208.08873212564467
4744,Joshua Roberts,21,,GBR,,7:55.7,Yes,M,475.7,118.925,208.08873212564467
4744,Lars Spangberg,67,Lund,SWE,,7:55.7,Yes,M,475.7,118.925,208.08873212564467
4744,Graham Agnew,57,,IRL,,7:55.7,No,M,475.7,118.925,208.08873212564467
4751,Sivaraman Rajaganapathy,35,,USA,"Rochester Rowing Club, Minnesota",7:55.8,Race,M,475.8,118.95,207.95755621095768
4751,Brad German,63,"Montreal, QC",CAN,The Diamonds (Over Sixties Erging Group),7:55.8,Yes,M,475.8,118.95,207.95755621095768
4751,Philip Hosse,58,,BEL,,7:55.8,Yes,M,475.8,118.95,207.95755621095768
4751,Hamish Macdonald,54,,GBR,,7:55.8,Yes,M,475.8,118.95,207.95755621095768
4751,James Taylor,50,,GBR,,7:55.8,Yes,M,475.8,118.95,207.95755621095768
4751,Gisli Hjartarson,58,Vestmannaeyjar,ISL,Hressó - Vestmannaeyjar,7:55.8,No,M,475.8,118.95,207.95755621095768
4757,Christopher Glenn,66,"DELRAY BEACH, FL",USA,The Diamonds (Over Sixties Erging Group),7:55.9,Yes,M,475.9,118.975,207.82649052812778
4757,David Hamby,53,"Lawrence, KS",USA,,7:55.9,Yes,M,475.9,118.975,207.82649052812778
4757,Margus Kytt,43,,EST,,7:55.9,Yes,M,475.9,118.975,207.82649052812778
4757,Don Moffatt,62,"Victoria, BC",CAN,,7:55.9,Yes,M,475.9,118.975,207.82649052812778
4761,Nicola Aporti,47,,ITA,,7:56.0,Yes,M,476.0,119.0,207.6955349613894
4761,Frank Fardal,44,,NOR,,7:56.0,Yes,M,476.0,119.0,207.6955349613894
4761,Jarno Kröger,49,Tuusniemi,FIN,,7:56.0,Yes,M,476.0,119.0,207.6955349613894
4761,Richard Longland,65,Huntingdon,GBR,,7:56.0,Yes,M,476.0,119.0,207.6955349613894
4761,Dean Olsen,63,Whangarei,NZL,The Diamonds (Over Sixties Erging Group),7:56.0,Yes,M,476.0,119.0,207.6955349613894
4761,Peter Gray,62,Oxford,GBR,,7:56.0,No,M,476.0,119.0,207.6955349613894
4761,Roy Spencer,62,ON,CAN,The Diamonds (Over Sixties Erging Group),7:56.0,No,M,476.0,119.0,207.6955349613894
4768,Nathan Anderson,45,"Santa Rosa, CA",USA,USAF Veterans,7:56.1,Yes,M,476.1,119.025,207.56468939512303
4768,Alasdair Campbell,52,,IRL,,7:56.1,Yes,M,476.1,119.025,207.56468939512303
4768,Steven Scott,68,Chandlers Ford,GBR,The Diamonds (Over Sixties Erging Group),7:56.1,Yes,M,476.1,119.025,207.56468939512303
4768,John Vinci,61,,USA,Row House Ashburn,7:56.1,Yes,M,476.1,119.025,207.56468939512303
4768,Gordon Wilson,48,,GBR,,7:56.1,Yes,M,476.1,119.025,207.56468939512303
4768,dusan z,42,,SVK,,7:56.1,Yes,M,476.1,119.025,207.56468939512303
4774,Daniel Battle,43,,AUS,,7:56.2,Yes,M,476.2,119.05,207.43395371385472
4774,Simon Broughton,45,,GBR,,7:56.2,Yes,M,476.2,119.05,207.43395371385472
4774,Ivo Brugman,53,Rosmalen,NED,Ardennes Hikers,7:56.2,Yes,M,476.2,119.05,207.43395371385472
4774,Sergiy Dus,41,Thatcham,GBR,"Ukrrowing Club, Ukraine",7:56.2,Yes,M,476.2,119.05,207.43395371385472
4774,Graham Miller,51,,GBR,,7:56.2,Yes,M,476.2,119.05,207.43395371385472
4774,Kyle Morgan,40,"Del Mar, CA",USA,,7:56.2,Yes,M,476.2,119.05,207.43395371385472
4774,Jamie Clay,48,Shoreham,GBR,,7:56.2,No,M,476.2,119.05,207.43395371385472
4781,Martin Victor Hyndman,63,,USA,Unaffiliated (USA),7:56.3,Race,M,476.3,119.075,207.30332780225606
4781,Luke Hahn,30,,USA,,7:56.3,Yes,M,476.3,119.075,207.30332780225606
4781,Alex Maggioni,39,,USA,,7:56.3,Yes,M,476.3,119.075,207.30332780225606
4781,John Martin,67,"Boston, MA",USA,Age Without Limits,7:56.3,Yes,M,476.3,119.075,207.30332780225606
4781,Miro Mi,52,,SVK,,7:56.3,Yes,M,476.3,119.075,207.30332780225606
4781,Bob Tomassi,56,"Waterford, MI",USA,Michigan State Police,7:56.3,Yes,M,476.3,119.075,207.30332780225606
4787,Logan Maihorn,15,"Atlanta, GA",USA,Row Georgia,7:56.4,Race,M,476.4,119.1,207.17281154514365
4787,Greg Anderson,45,,USA,,7:56.4,Yes,M,476.4,119.1,207.17281154514365
4787,David De Velder,42,Brussegem,BEL,,7:56.4,Yes,M,476.4,119.1,207.17281154514365
4787,Christopher Doyle,47,,USA,,7:56.4,Yes,M,476.4,119.1,207.17281154514365
4787,Brian Loftus,53,"North Myrtle Beach, SC",USA,,7:56.4,Yes,M,476.4,119.1,207.17281154514365
4787,David Retter,67,Bridport,GBR,Bridport Gig Rowing Club,7:56.4,Yes,M,476.4,119.1,207.17281154514365
4787,Neil Ripley,55,BC,CAN,,7:56.4,Yes,M,476.4,119.1,207.17281154514365
4787,Ihor TKACHENKO,33,,UKR,Defence Forces of Ukraine,7:56.4,Yes,M,476.4,119.1,207.17281154514365
4787,Christian Blount,35,Wassenaar,NED,,7:56.4,No,M,476.4,119.1,207.17281154514365
4796,Michael Bowerman,70,Margate,GBR,The Gym Group - Thanet Kent,7:56.5,Yes,M,476.5,119.125,207.0424048274793
4796,Jason Calcagno,45,,USA,,7:56.5,Yes,M,476.5,119.125,207.0424048274793
4796,Sam Lomas,35,,GBR,,7:56.5,Yes,M,476.5,119.125,207.0424048274793
4796,Erwin Mol,39,,NED,,7:56.5,Yes,M,476.5,119.125,207.0424048274793
4796,David Seymour,62,Winchester,GBR,,7:56.5,Yes,M,476.5,119.125,207.0424048274793
4796,Dave Gruska,50,"Bethel Park, PA",USA,Three Rivers Rowing Association,7:56.5,No,M,476.5,119.125,207.0424048274793
4796,Morten Omtvedt,69,Kråkerøy,NOR,,7:56.5,No,M,476.5,119.125,207.0424048274793
4803,Rich Fenske,56,"Petaluma, CA",USA,,7:56.6,Yes,M,476.6,119.15,206.9121075343694
4803,Todd McGrattan,50,"London, ON",CAN,Free Spirits,7:56.6,Yes,M,476.6,119.15,206.9121075343694
4803,Bud Sexton,56,AK,USA,,7:56.6,Yes,M,476.6,119.15,206.9121075343694
4803,Chris Buja,62,"Portola Valley, CA",USA,Fat Cat Rowing Club,7:56.6,No,M,476.6,119.15,206.9121075343694
4807,Edgardo Cacchione,55,Buenos Aires,ARG,,7:56.7,Yes,M,476.7,119.175,206.78191955106522
4807,Chris DiLallo,39,,USA,,7:56.7,Yes,M,476.7,119.175,206.78191955106522
4807,Mike Foley,58,"Stafford, VA",USA,Prince William Rowing Club,7:56.7,Yes,M,476.7,119.175,206.78191955106522
4807,Jeff Gingerich,43,,USA,,7:56.7,Yes,M,476.7,119.175,206.78191955106522
4807,Simone Giommi,47,,ITA,Italian Team,7:56.7,Yes,M,476.7,119.175,206.78191955106522
4807,Holger Strehle,57,,GER,,7:56.7,Yes,M,476.7,119.175,206.78191955106522
4807,Justin Searle,57,,GBR,,7:56.7,No,M,476.7,119.175,206.78191955106522
4814,Steven Ames,55,Epsom,GBR,,7:56.8,Yes,M,476.8,119.2,206.65184076296217
4814,Arkaitz Basurto Bilbao,48,Gernika-Lumo,ESP,,7:56.8,Yes,M,476.8,119.2,206.65184076296217
4814,Giovanni Bonelli,61,,ITA,,7:56.8,Yes,M,476.8,119.2,206.65184076296217
4814,Malcolm Campbell,55,,GBR,,7:56.8,Yes,M,476.8,119.2,206.65184076296217
4814,Doug Corcoran,52,,USA,,7:56.8,Yes,M,476.8,119.2,206.65184076296217
4814,Joe Evans,30,,GBR,,7:56.8,Yes,M,476.8,119.2,206.65184076296217
4814,André Holster Westerberg,62,Örebro,SWE,,7:56.8,Yes,M,476.8,119.2,206.65184076296217
4814,Jared Lang,34,,USA,,7:56.8,Yes,M,476.8,119.2,206.65184076296217
4814,Paul Miller,49,,GBR,,7:56.8,Yes,M,476.8,119.2,206.65184076296217
4814,Paul Pirie,57,"Mississauga, ON",CAN,Don Rowing Club,7:56.8,Yes,M,476.8,119.2,206.65184076296217
4814,Flo Soster,30,,FRA,,7:56.8,Yes,M,476.8,119.2,206.65184076296217
4814,Pascal Starke,28,,GER,GERMAN Rowers and FRIENDS United,7:56.8,Yes,M,476.8,119.2,206.65184076296217
4814,Frank VanderSloot,77,"Idaho Falls, ID",USA,TEAM MELALEUCA,7:56.8,Yes,M,476.8,119.2,206.65184076296217
4814,Kevin Otter,57,Preston,GBR,,7:56.8,No,M,476.8,119.2,206.65184076296217
4814,Mike Skutches,65,"Sonora, CA",USA,Lehigh University,7:56.8,No,M,476.8,119.2,206.65184076296217
4829,Joni Bäckman,45,Vantaa,FIN,Glacier Racing,7:56.9,Yes,M,476.9,119.225,206.52187105559986
4829,Ian Greenleaf,57,,GBR,,7:56.9,Yes,M,476.9,119.225,206.52187105559986
4829,Michael Jinks,45,QLD,AUS,,7:56.9,Yes,M,476.9,119.225,206.52187105559986
4829,ZY Liu,38,,CHN,,7:56.9,Yes,M,476.9,119.225,206.52187105559986
4833,Gusztav Garas,46,Budapest,HUN,,7:57.0,Yes,M,477.0,119.25,206.3920103146619
4833,Jeffrey Mastera,47,"Maricopa, AZ",USA,,7:57.0,Yes,M,477.0,119.25,206.3920103146619
4833,Robert Melnitschuk,41,,GBR,,7:57.0,Yes,M,477.0,119.25,206.3920103146619
4833,George Dobbins,33,,GBR,,7:57.0,No,M,477.0,119.25,206.3920103146619
4833,Andrew Scott,55,,GBR,,7:57.0,No,M,477.0,119.25,206.3920103146619
4838,Phil Brown,65,Norwich,GBR,The Diamonds (Over Sixties Erging Group),7:57.1,Yes,M,477.1,119.275,206.2622584259754
4838,Robert Cossalter,72,"Strathpine, QLD",AUS,Sunshine Coast Indoor Rowing Club,7:57.1,Yes,M,477.1,119.275,206.2622584259754
4838,Tony Gounalis,67,"Wells, ME",USA,Great Bay Rowing,7:57.1,Yes,M,477.1,119.275,206.2622584259754
4838,Ed Gralton,50,"Canberra, ACT",AUS,Royal Australian Navy,7:57.1,Yes,M,477.1,119.275,206.2622584259754
4838,Dan Growden,43,"Peterborough, ON",CAN,,7:57.1,Yes,M,477.1,119.275,206.2622584259754
4838,Robert Hillier,57,,GBR,,7:57.1,Yes,M,477.1,119.275,206.2622584259754
4838,Ted Jones,68,ID,USA,,7:57.1,Yes,M,477.1,119.275,206.2622584259754
4838,Sven Matthes,43,Duisburg 🇩🇪,GER,,7:57.1,Yes,M,477.1,119.275,206.2622584259754
4838,Wim Oosterveld,57,Den Haag,NED,c2TweetCrew.com,7:57.1,Yes,M,477.1,119.275,206.2622584259754
4838,Mer Toder,58,,GBR,,7:57.1,Yes,M,477.1,119.275,206.2622584259754
4838,Guilherme Vara,27,,POR,,7:57.1,Yes,M,477.1,119.275,206.2622584259754
4838,Rob Mclaughlin,65,Sharnbrook Academy UK,GBR,Sharnbrook Gym,7:57.1,No,M,477.1,119.275,206.2622584259754
4850,Braden Anderson,33,,USA,Tri-Cities Rowing Association,7:57.2,Yes,M,477.2,119.3,206.13261527551148
4850,Giovanni Di Orio,41,,POR,,7:57.2,Yes,M,477.2,119.3,206.13261527551148
4850,Carl Howard,53,,GBR,,7:57.2,Yes,M,477.2,119.3,206.13261527551148
4850,Andrew Purdie,50,"Zionsville, IN",USA,,7:57.2,Yes,M,477.2,119.3,206.13261527551148
4850,Nick Taylor,35,,GBR,,7:57.2,Yes,M,477.2,119.3,206.13261527551148
4850,adam yatez,58,Bridlington,GBR,,7:57.2,Yes,M,477.2,119.3,206.13261527551148
4850,Lyle Redshaw,67,"Streator, IL",USA,,7:57.2,No,M,477.2,119.3,206.13261527551148
4857,Steve Beer,45,,GBR,,7:57.3,Yes,M,477.3,119.325,206.00308074938414
4857,Kyle Blood,40,,USA,,7:57.3,Yes,M,477.3,119.325,206.00308074938414
4857,Chris Browning,53,,GBR,,7:57.3,Yes,M,477.3,119.325,206.00308074938414
4857,Eli Hess,43,,USA,,7:57.3,Yes,M,477.3,119.325,206.00308074938414
4857,Ian Woolward,58,TAS,AUS,Rivulet Rowers,7:57.3,Yes,M,477.3,119.325,206.00308074938414
4862,Travis Atwood,42,"Tucson, AZ",USA,,7:57.4,Yes,M,477.4,119.35,205.87365473385066
4862,John Kenann,59,"Chatham, NJ",USA,,7:57.4,Yes,M,477.4,119.35,205.87365473385066
4862,David Meissner,41,MN,USA,,7:57.4,Yes,M,477.4,119.35,205.87365473385066
4862,Lovro Pekic,39,,CRO,,7:57.4,Yes,M,477.4,119.35,205.87365473385066
4862,Gavin Rowden,70,Exeter,GBR,,7:57.4,Yes,M,477.4,119.35,205.87365473385066
4862,Paul Shuttleworth,52,Birmingham,GBR,,7:57.4,Yes,M,477.4,119.35,205.87365473385066
4862,Cyrus Axelrod,14,,USA,,7:57.4,No,M,477.4,119.35,205.87365473385066
4869,Thomas Appler,36,,AUT,,7:57.5,Yes,M,477.5,119.375,205.74433711531114
4869,Gert Rohrandt,59,Altena,GER,,7:57.5,Yes,M,477.5,119.375,205.74433711531114
4869,Jiri Sevcik,47,Brandys nad Labem,CZE,,7:57.5,Yes,M,477.5,119.375,205.74433711531114
4869,Rob Ward,70,"Eltham, VIC",AUS,Eltham Leisure Centre,7:57.5,Yes,M,477.5,119.375,205.74433711531114
4869,George Warwick,54,Halifax,GBR,,7:57.5,Yes,M,477.5,119.375,205.74433711531114
4869,Chris Williams,47,Wirral,GBR,,7:57.5,Yes,M,477.5,119.375,205.74433711531114
4869,Bert de Jong,62,Medemblik,NED,,7:57.5,No,M,477.5,119.375,205.74433711531114
4876,Paul Perman,57,,GBR,,7:57.6,Race,M,477.6,119.4,205.6151277803083
4876,Mike Davis,60,"Issaquah, WA",USA,Amazon Rowing Club,7:57.6,Yes,M,477.6,119.4,205.6151277803083
4876,Chris Enns,46,,CAN,,7:57.6,Yes,M,477.6,119.4,205.6151277803083
4876,George Gamble,16,,GBR,,7:57.6,Yes,M,477.6,119.4,205.6151277803083
4876,James Hughes,62,"Herndon, VA",USA,,7:57.6,Yes,M,477.6,119.4,205.6151277803083
4876,Martin Molyneaux,51,,GBR,,7:57.6,Yes,M,477.6,119.4,205.6151277803083
4876,Mick Mudford,61,NSW,AUS,,7:57.6,Yes,M,477.6,119.4,205.6151277803083
4883,Zsolt Bali,55,,HUN,,7:57.7,Yes,M,477.7,119.425,205.4860266155277
4883,Tony Barnard,48,,GBR,,7:57.7,Yes,M,477.7,119.425,205.4860266155277
4883,Martin Chambers,56,,GBR,,7:57.7,Yes,M,477.7,119.425,205.4860266155277
4883,Alexis Guerra,27,,FRA,,7:57.7,Yes,M,477.7,119.425,205.4860266155277
4883,J M,33,,USA,,7:57.7,Yes,M,477.7,119.425,205.4860266155277
4883,Wes ONeill,45,,IRL,,7:57.7,Yes,M,477.7,119.425,205.4860266155277
4883,Alexander S,29,,GER,,7:57.7,Yes,M,477.7,119.425,205.4860266155277
4883,Stephan Scholtens,41,Doetinchem,NED,,7:57.7,Yes,M,477.7,119.425,205.4860266155277
4883,Chris Wise,37,"Oakland, CA",USA,East Bay Rowing Club,7:57.7,Yes,M,477.7,119.425,205.4860266155277
4883,Adam Burling,43,"St. Louis, MO",USA,,7:57.7,No,M,477.7,119.425,205.4860266155277
4893,Peter Boross-Harmer,60,"Toronto, ON",CAN,The Diamonds (Over Sixties Erging Group),7:57.8,Yes,M,477.8,119.45,205.3570335077967
4893,Jean-David Godin,36,QC,CAN,,7:57.8,Yes,M,477.8,119.45,205.3570335077967
4893,Dan Jensen,44,,CAN,,7:57.8,Yes,M,477.8,119.45,205.3570335077967
4893,Parker Kuldau,69,"Arden, NC",USA,Asheville Rowing Club,7:57.8,Yes,M,477.8,119.45,205.3570335077967
4893,Richard Langrish,55,,GBR,,7:57.8,Yes,M,477.8,119.45,205.3570335077967
4893,Benjamin Pearson,60,Exeter,GBR,,7:57.8,Yes,M,477.8,119.45,205.3570335077967
4893,胖子 会飞,40,成都,CHN,,7:57.8,Yes,M,477.8,119.45,205.3570335077967
4900,Daniel Blaho,57,"Hampshire, IL",USA,Age Without Limits,7:57.9,Yes,M,477.9,119.475,205.22814834408496
4900,Paul Borgmeier,62,"Salt Lake City, UT",USA,The Diamonds (Over Sixties Erging Group),7:57.9,Yes,M,477.9,119.475,205.22814834408496
4900,Liam Doyle,46,Hexham,GBR,,7:57.9,Yes,M,477.9,119.475,205.22814834408496
4900,Ivano Scotti,66,Civitavecchia,ITA,The Diamonds (Over Sixties Erging Group),7:57.9,Yes,M,477.9,119.475,205.22814834408496
4900,Syd Smith,76,"Columbia City, OR",USA,The Diamonds (Over Sixties Erging Group),7:57.9,Yes,M,477.9,119.475,205.22814834408496
4900,phillip young,61,wrexham,GBR,,7:57.9,Yes,M,477.9,119.475,205.22814834408496
4900,Kai Dernehl,64,Schönefeld,GER,The Diamonds (Over Sixties Erging Group),7:57.9,No,M,477.9,119.475,205.22814834408496
4900,Carmelo Grasso,40,Milazzo,ITA,,7:57.9,No,M,477.9,119.475,205.22814834408496
4900,Andrea Guidi,56,Varese,ITA,,7:57.9,No,M,477.9,119.475,205.22814834408496
4909,Tom Faulkner,53,,GBR,Seal PT Indoor rowing team,7:58.0,Race,M,478.0,119.5,205.09937101150396
4909,Francesco Laganà,45,,SUI,,7:58.0,Yes,M,478.0,119.5,205.09937101150396
4909,Radoslav Pavlov,38,,BUL,Free Spirits,7:58.0,Yes,M,478.0,119.5,205.09937101150396
4909,Roland Schmid,61,Munich,GER,The Diamonds (Over Sixties Erging Group),7:58.0,Yes,M,478.0,119.5,205.09937101150396
4909,Alex Smith,37,,USA,,7:58.0,Yes,M,478.0,119.5,205.09937101150396
4909,Tim Van den Brande,43,Grimbergen,BEL,,7:58.0,Yes,M,478.0,119.5,205.09937101150396
4909,Mark Wild,53,,GBR,,7:58.0,Yes,M,478.0,119.5,205.09937101150396
4909,Jon Beverley,45,Guestwick,GBR,,7:58.0,No,M,478.0,119.5,205.09937101150396
4909,Luke Bradford,48,,GBR,,7:58.0,No,M,478.0,119.5,205.09937101150396
4909,Landon Campbell,35,,CAN,,7:58.0,No,M,478.0,119.5,205.09937101150396
4909,Tony Collins,59,Auckland,NZL,RowPro Rowers,7:58.0,No,M,478.0,119.5,205.09937101150396
4909,Peter Egli,66,"Tempe, AZ",USA,,7:58.0,No,M,478.0,119.5,205.09937101150396
4909,mat rowe,55,"melbourne, VIC",AUS,,7:58.0,No,M,478.0,119.5,205.09937101150396
4922,Paul Alderson,56,,GBR,,7:58.1,Yes,M,478.1,119.525,204.97070139730673
4922,Bert Bert,41,,GER,GERMAN Rowers and FRIENDS United,7:58.1,Yes,M,478.1,119.525,204.97070139730673
4922,Jeffrey Butler,41,,USA,,7:58.1,No,M,478.1,119.525,204.97070139730673
4922,David Goldhawk,68,Dunfermline,GBR,,7:58.1,No,M,478.1,119.525,204.97070139730673
4922,Mike Julian,76,"Mooresville, NC",USA,,7:58.1,No,M,478.1,119.525,204.97070139730673
4927,Daniel Bäckäng,44,,SWE,,7:58.2,Yes,M,478.2,119.55,204.842139388888
4927,Kirk Call,65,"Edmonds, WA",USA,,7:58.2,Yes,M,478.2,119.55,204.842139388888
4927,Duncan Faulkner,47,,GBR,,7:58.2,Yes,M,478.2,119.55,204.842139388888
4927,Samuel Púll,39,,SVK,,7:58.2,Yes,M,478.2,119.55,204.842139388888
4927,Jeff Walker,59,"Falmouth, ME",USA,,7:58.2,Yes,M,478.2,119.55,204.842139388888
4927,Martin Beastall,61,,GBR,,7:58.2,No,M,478.2,119.55,204.842139388888
4933,Joe White,52,,GBR,,7:58.3,Race,M,478.3,119.575,204.7136848737834
4933,Nino Mihokovic,44,Amsterdam,NED,Willem III,7:58.3,Yes,M,478.3,119.575,204.7136848737834
4933,Chris O'Connor,68,,GBR,,7:58.3,Yes,M,478.3,119.575,204.7136848737834
4933,Anthony Slauenwhite,37,"Passadumkeag, ME",USA,,7:58.3,Yes,M,478.3,119.575,204.7136848737834
4933,Logan Whatcott,39,,USA,,7:58.3,Yes,M,478.3,119.575,204.7136848737834
4933,Muhammad Ayaan Habib,15,,PAK,The C.A.S school,7:58.3,No,M,478.3,119.575,204.7136848737834
4939,Mark Baker,51,,GBR,,7:58.4,Yes,M,478.4,119.6,204.58533773966974
4939,Bernd Draws,67,Stockholm,SWE,,7:58.4,Yes,M,478.4,119.6,204.58533773966974
4939,Morten Dueholm,42,,DEN,,7:58.4,Yes,M,478.4,119.6,204.58533773966974
4939,Palle Falkenberg,50,Vildbjerg,DEN,Darkhorse Rowing,7:58.4,Yes,M,478.4,119.6,204.58533773966974
4939,Harro Groenewegen,52,"Cairns FNQ, QLD",AUS,,7:58.4,Yes,M,478.4,119.6,204.58533773966974
4944,Christian M. Arnold,48,Stahnsdorf,GER,,7:58.5,Yes,M,478.5,119.625,204.45709787436465
4944,Scott Baker,52,Nolensville,USA,,7:58.5,Yes,M,478.5,119.625,204.45709787436465
4944,James Jarvis,55,,GBR,,7:58.5,Yes,M,478.5,119.625,204.45709787436465
4944,Sean Moriarty,66,,CAN,RowAlong,7:58.5,Yes,M,478.5,119.625,204.45709787436465
4944,Adrián Nahalka,38,Prague,CZE,,7:58.5,Yes,M,478.5,119.625,204.45709787436465
4944,Laurent Ninane,47,Liège,BEL,,7:58.5,Yes,M,478.5,119.625,204.45709787436465
4944,Coenraad Vlietstra,43,Vanderbijlpark,RSA,,7:58.5,Yes,M,478.5,119.625,204.45709787436465
4944,Michael Williams,61,Liverpool,GBR,,7:58.5,Yes,M,478.5,119.625,204.45709787436465
4944,bin xiao,43,,CHN,,7:58.5,Yes,M,478.5,119.625,204.45709787436465
4944,Stephen Montgomery,66,,GBR,,7:58.5,No,M,478.5,119.625,204.45709787436465
4954,Wayne Anderson,60,"Calgary, AB",CAN,The Diamonds (Over Sixties Erging Group),7:58.6,Yes,M,478.6,119.65,204.32896516582628
4954,Sam Evans,39,"Perth, WA",AUS,,7:58.6,Yes,M,478.6,119.65,204.32896516582628
4954,Simon Froggatt,38,,GBR,,7:58.6,Yes,M,478.6,119.65,204.32896516582628
4954,Marius Gray,41,,NZL,,7:58.6,Yes,M,478.6,119.65,204.32896516582628
4954,Philip Heaton,61,"Calgary, AB",CAN,,7:58.6,Yes,M,478.6,119.65,204.32896516582628
4954,Michael Miley,56,,USA,,7:58.6,Yes,M,478.6,119.65,204.32896516582628
4954,Kim Sørensen,62,Røgen 🇩🇰,DEN,,7:58.6,Yes,M,478.6,119.65,204.32896516582628
4961,David Bridge,57,,GBR,,7:58.7,Yes,M,478.7,119.675,204.20093950215335
4961,Jonathan Cain,35,,USA,,7:58.7,Yes,M,478.7,119.675,204.20093950215335
4961,Will Fithian,42,"San Francisco, CA",USA,,7:58.7,Yes,M,478.7,119.675,204.20093950215335
4961,Christopher Greenaway,51,,GER,,7:58.7,Yes,M,478.7,119.675,204.20093950215335
4961,James Hough,38,VA,USA,"Hampton Roads Rowing Club, Norfolk, VA",7:58.7,Yes,M,478.7,119.675,204.20093950215335
4961,Adam Jackson,53,,GBR,,7:58.7,Yes,M,478.7,119.675,204.20093950215335
4961,Steve K,49,"Mansfield, CT",USA,,7:58.7,Yes,M,478.7,119.675,204.20093950215335
4961,Hein Laan,55,Bloemendaal,NED,,7:58.7,Yes,M,478.7,119.675,204.20093950215335
4961,Tom Morse,40,"Grand Marais, MN",USA,SUB-7 IRC,7:58.7,Yes,M,478.7,119.675,204.20093950215335
4961,Christian Reiser,54,,AUT,,7:58.7,Yes,M,478.7,119.675,204.20093950215335
4961,Dick Wallin,65,Cambridge,GBR,Champion of the Thames (Cambridge) Rowing Club,7:58.7,Yes,M,478.7,119.675,204.20093950215335
4972,Philip Mundie,65,,GBR,The Diamonds (Over Sixties Erging Group),7:58.8,Race,M,478.8,119.7,204.07302077158465
4972,Daniel Gulliksen,38,Larvik,NOR,,7:58.8,Yes,M,478.8,119.7,204.07302077158465
4972,Martin Heusel,59,Berlin,GER,German Bundeswehr,7:58.8,Yes,M,478.8,119.7,204.07302077158465
4972,Adam Skipper,34,,USA,,7:58.8,Yes,M,478.8,119.7,204.07302077158465
4972,Martin Skorsky,65,Darmstadt,GER,Ruderclub Neptun Darmstadt,7:58.8,Yes,M,478.8,119.7,204.07302077158465
4972,Art Vandalay,52,TX,USA,,7:58.8,Yes,M,478.8,119.7,204.07302077158465
4978,Mladen Čikara,47,,CRO,,7:58.9,Yes,M,478.9,119.725,203.94520886249896
4978,Everett Kessel,51,"Waitsburg, WA",USA,,7:58.9,Yes,M,478.9,119.725,203.94520886249896
4978,Ryan Krause,44,"Kalispell, MT",USA,,7:58.9,Yes,M,478.9,119.725,203.94520886249896
4978,Sankha Maitra,34,,NZL,,7:58.9,Yes,M,478.9,119.725,203.94520886249896
4978,Andrew Neubauer,65,Cheltenham,GBR,,7:58.9,Yes,M,478.9,119.725,203.94520886249896
4978,David Senior,70,Wymondham,GBR,,7:58.9,Yes,M,478.9,119.725,203.94520886249896
4978,Greg Whates,48,Gosport,GBR,,7:58.9,No,M,478.9,119.725,203.94520886249896
4985,Vaclav Brazda,55,Kurim,CZE,Age Without Limits,7:59.0,Yes,M,479.0,119.75,203.81750366341493
4985,Patrick Douglas,35,,USA,,7:59.0,Yes,M,479.0,119.75,203.81750366341493
4985,Fabian Fritz,38,,GER,,7:59.0,Yes,M,479.0,119.75,203.81750366341493
4985,James Grigg,68,"Keller, TX",USA,RowAlong,7:59.0,Yes,M,479.0,119.75,203.81750366341493
4985,Soohwan Kim,52,Yongin,KOR,,7:59.0,Yes,M,479.0,119.75,203.81750366341493
4985,Frank Korsmit,64,Raamsdonksveer,NED,Sport Assistance,7:59.0,Yes,M,479.0,119.75,203.81750366341493
4985,Phil LE COZ,65,"Las Vegas, NV",USA,Age Without Limits,7:59.0,Yes,M,479.0,119.75,203.81750366341493
4985,Dustin Mays,46,,USA,U.S. Navy,7:59.0,Yes,M,479.0,119.75,203.81750366341493
4985,Charlie Rice,55,GA,USA,,7:59.0,Yes,M,479.0,119.75,203.81750366341493
4985,Stewart Chanter,51,Brockenhurst,GBR,,7:59.0,No,M,479.0,119.75,203.81750366341493
4995,Steve Norton,63,,GBR,Seal PT Indoor rowing team,7:59.1,Race,M,479.1,119.775,203.6899050629906
4995,Joseph Zogheib,17,,USA,Concord HS DE,7:59.1,Race,M,479.1,119.775,203.6899050629906
4995,Dastin Bijelić,45,,CRO,,7:59.1,Yes,M,479.1,119.775,203.6899050629906
4995,Per Dale,76,,NOR,,7:59.1,Yes,M,479.1,119.775,203.6899050629906
4995,John Get Strong,34,,AUS,,7:59.1,Yes,M,479.1,119.775,203.6899050629906
4995,Thor Erik Hamre,53,,NOR,Scandinavian Vikings,7:59.1,Yes,M,479.1,119.775,203.6899050629906
4995,Philip Moore,39,,USA,,7:59.1,Yes,M,479.1,119.775,203.6899050629906
4995,Riku Mynttinen,42,,FIN,,7:59.1,Yes,M,479.1,119.775,203.6899050629906
4995,Sebastian Schmitt,14,"Amherst, NY",USA,Canisius High School,7:59.1,Yes,M,479.1,119.775,203.6899050629906
4995,Colin McLaughlin,17,,USA,,7:59.1,No,M,479.1,119.775,203.6899050629906
5005,Bill Bearman,65,"Regina Beach 🇨🇦, SK",CAN,The Diamonds (Over Sixties Erging Group),7:59.2,Yes,M,479.2,119.8,203.5624129500237
5005,Nicholas Judson,53,,USA,,7:59.2,Yes,M,479.2,119.8,203.5624129500237
5005,Stig Mjelstad,56,,NOR,,7:59.2,Yes,M,479.2,119.8,203.5624129500237
5005,Simon Plant,59,Brighton,GBR,,7:59.2,Yes,M,479.2,119.8,203.5624129500237
5005,Michael Glick,71,"Philadelphia, PA",USA,Pennsylvania barge Club,7:59.2,No,M,479.2,119.8,203.5624129500237
5005,Marcus Hine,65,Felden,GBR,,7:59.2,No,M,479.2,119.8,203.5624129500237
5005,David Linfield,66,Sydney,AUS,,7:59.2,No,M,479.2,119.8,203.5624129500237
5012,Mike Chapman,68,,GBR,,7:59.3,Yes,M,479.3,119.825,203.43502721345095
5012,Andy Crouch,58,"Swarthmore, PA",USA,,7:59.3,Yes,M,479.3,119.825,203.43502721345095
5012,Martin English,44,,IRL,,7:59.3,Yes,M,479.3,119.825,203.43502721345095
5012,Alan Evans,46,VIC,AUS,,7:59.3,Yes,M,479.3,119.825,203.43502721345095
5012,Franz Kowald,69,Meerbusch,GER,The Diamonds (Over Sixties Erging Group),7:59.3,Yes,M,479.3,119.825,203.43502721345095
5012,Balu Medapi,36,,USA,,7:59.3,Yes,M,479.3,119.825,203.43502721345095
5012,Rob Newman,53,,USA,,7:59.3,Yes,M,479.3,119.825,203.43502721345095
5012,Ian Proudlock,64,Blackhall Rocks,GBR,The Diamonds (Over Sixties Erging Group),7:59.3,Yes,M,479.3,119.825,203.43502721345095
5012,Jim Tarpey,53,"Durham, NC",USA,,7:59.3,Yes,M,479.3,119.825,203.43502721345095
5012,Robert Bates,48,,GBR,,7:59.3,No,M,479.3,119.825,203.43502721345095
5012,David Bombei Bombei,40,,USA,,7:59.3,No,M,479.3,119.825,203.43502721345095
5023,Joe White,52,,GBR,,7:59.4,Race,M,479.4,119.85,203.307747742348
5023,Perry Clark,62,"Skillet Drippings, KS",USA,,7:59.4,Yes,M,479.4,119.85,203.307747742348
5023,Ricky Dyer,42,St Helens,GBR,,7:59.4,Yes,M,479.4,119.85,203.307747742348
5023,Stewart Fenton,68,Veliko Tarnovo,BUL,The Diamonds (Over Sixties Erging Group),7:59.4,Yes,M,479.4,119.85,203.307747742348
5023,Eddie Hardy,57,,GBR,,7:59.4,Yes,M,479.4,119.85,203.307747742348
5023,Michael Holloway,49,,GBR,,7:59.4,Yes,M,479.4,119.85,203.307747742348
5023,George Holubec,68,"West Windsor, NJ",USA,Mercer Masters,7:59.4,Yes,M,479.4,119.85,203.307747742348
5023,Jostein Rekkavik,60,Bergen,NOR,The Diamonds (Over Sixties Erging Group),7:59.4,Yes,M,479.4,119.85,203.307747742348
5023,Dirk Roemer,59,,GER,,7:59.4,Yes,M,479.4,119.85,203.307747742348
5023,Morgan Williams,50,"Montgomery , MA",USA,Albuterol Assassins,7:59.4,Yes,M,479.4,119.85,203.307747742348
5023,Thomas Fischer,60,,GER,,7:59.4,No,M,479.4,119.85,203.307747742348
5023,Ronald Schoffelen,70,Antwerpen,BEL,,7:59.4,No,M,479.4,119.85,203.307747742348
5023,Hans van Renselaar,64,Uithoorn,NED,Dutch RowPros,7:59.4,No,M,479.4,119.85,203.307747742348
5036,Neil Brodlie,39,,GBR,,7:59.5,Yes,M,479.5,119.875,203.18057442592936
5036,Mark Crookes,55,,GBR,,7:59.5,Yes,M,479.5,119.875,203.18057442592936
5036,Alejandro Lopez,44,,ESP,,7:59.5,Yes,M,479.5,119.875,203.18057442592936
5036,Sebastian Thomas,24,,GBR,,7:59.5,Yes,M,479.5,119.875,203.18057442592936
5036,Olaf Throndsen,60,Birchington,GBR,,7:59.5,Yes,M,479.5,119.875,203.18057442592936
5036,Doug van Gelder,58,"Woodinville, WA",USA,Inglemoor RC,7:59.5,Yes,M,479.5,119.875,203.18057442592936
5036,César Varela,30,,VEN,,7:59.5,Yes,M,479.5,119.875,203.18057442592936
5043,Marko Ganzberger,29,,CRO,,7:59.6,Yes,M,479.6,119.9,203.05350715354803
5043,Chris Keen,64,Newcastle,GBR,The Diamonds (Over Sixties Erging Group),7:59.6,Yes,M,479.6,119.9,203.05350715354803
5043,Marcus van Diemen,38,,NED,,7:59.6,Yes,M,479.6,119.9,203.05350715354803
5043,Evan Zaremba,22,MN,USA,Willamette University,7:59.6,Yes,M,479.6,119.9,203.05350715354803
5043,Jon Green,62,,GBR,,7:59.6,No,M,479.6,119.9,203.05350715354803
5049,Jan Krarup,64,,DEN,,7:59.7,Yes,M,479.7,119.925,202.92654581469554
5049,Abdelfetah Morchid,48,Opio,MAR,,7:59.7,Yes,M,479.7,119.925,202.92654581469554
5049,Owen Williams,73,"Atlanta, GA",USA,The Diamonds (Over Sixties Erging Group),7:59.7,Yes,M,479.7,119.925,202.92654581469554
5052,Mitchell Land,55,"St. Louis, MO",USA,,7:59.8,Yes,M,479.8,119.95,202.79969029900144
5052,Mark Shillaw,32,,JPN,,7:59.8,Yes,M,479.8,119.95,202.79969029900144
5052,Giacomo Silingardi,36,,ITA,,7:59.8,No,M,479.8,119.95,202.79969029900144
5055,Paul Duncan,58,East Cowes,GBR,,7:59.9,Yes,M,479.9,119.975,202.67294049623325
5055,Ian Lenton,43,"Sydney, NSW",AUS,,7:59.9,Yes,M,479.9,119.975,202.67294049623325
5055,Jo Ost,35,,NED,"Boordroeiers MWC, Maastricht",7:59.9,Yes,M,479.9,119.975,202.67294049623325
5055,Shaun Satterthwaite,53,Surrey,GBR,,7:59.9,Yes,M,479.9,119.975,202.67294049623325
5055,Steven Shafer,47,,USA,,7:59.9,Yes,M,479.9,119.975,202.67294049623325
5055,James Smith,32,,USA,,7:59.9,Yes,M,479.9,119.975,202.67294049623325
5055,Aykut Unur,46,,TUR,,7:59.9,Yes,M,479.9,119.975,202.67294049623325
5055,Dick Webeck,72,"Salinas, CA",USA,,7:59.9,Yes,M,479.9,119.975,202.67294049623325
5055,Mark Stewart,39,,GBR,,7:59.9,No,M,479.9,119.975,202.67294049623325
5055,Iain Stott,62,Bedford,GBR,,7:59.9,No,M,479.9,119.975,202.67294049623325
5065,Malcolm Finn,50,,GBR,MF,8:00.0,Race,M,480.0,120.0,202.5462962962963
5065,Magnus Jönsson,45,,SWE,,8:00.0,Yes,M,480.0,120.0,202.5462962962963
5065,Steven Lennartz,46,,USA,,8:00.0,Yes,M,480.0,120.0,202.5462962962963
5065,Micha Weber,61,Oberhausen,GER,,8:00.0,Yes,M,480.0,120.0,202.5462962962963
5065,CJ Park,50,Jeju,KOR,,8:00.0,No,M,480.0,120.0,202.5462962962963
5065,Gleb Zhuravlev,42,,AIN,,8:00.0,No,M,480.0,120.0,202.5462962962963
5071,St Lambert,57,Yvelines,FRA,Coach-Rameur.com,8:00.1,Yes,M,480.1,120.025,202.41975758923337
5071,Stephen Nicoli,49,,GBR,,8:00.1,Yes,M,480.1,120.025,202.41975758923337
5073,"Jim ""Rawhide"" Gonnelly",59,Moffett Dundalk,IRL,St Pats TOW and Rowing Club,8:00.2,No,M,480.2,120.05,202.29332426522484
5073,Erik Groth,41,Västerås,SWE,,8:00.2,No,M,480.2,120.05,202.29332426522484
5075,Gunnar Norda,49,Papenburg,GER,,8:00.3,Yes,M,480.3,120.075,202.16699621458804
5075,Brian Reeves,58,Chopwell,GBR,,8:00.3,Yes,M,480.3,120.075,202.16699621458804
5077,David James,47,,GBR,,8:00.4,Yes,M,480.4,120.1,202.04077332777732
5077,Herbert Schneider,42,Deutsch-Wagram,AUT,,8:00.4,Yes,M,480.4,120.1,202.04077332777732
5079,CRAIG BARROW,56,WELLS,GBR,Fitness Matters,8:00.5,Yes,M,480.5,120.125,201.9146554953838
5079,August Scholz,17,,GER,,8:00.5,Yes,M,480.5,120.125,201.9146554953838
5079,Ihsan Nigdelioglu,17,,USA,,8:00.5,No,M,480.5,120.125,201.9146554953838
5082,Steven Astbury,53,,GBR,,8:00.6,Yes,M,480.6,120.15,201.78864260813506
5082,Kendall Rutledge,69,Vasa,FIN,,8:00.6,Yes,M,480.6,120.15,201.78864260813506
5082,Detlef Schlenther,66,Bremen,GER,,8:00.6,Yes,M,480.6,120.15,201.78864260813506
5085,Alex Aufleger,52,,GER,,8:00.8,Yes,M,480.8,120.2,201.53693123266467
5085,David McDonald,74,"Great Barrington, MA",USA,The Diamonds (Over Sixties Erging Group),8:00.8,Yes,M,480.8,120.2,201.53693123266467
5085,Wyatt Mobley,38,,USA,,8:00.8,Yes,M,480.8,120.2,201.53693123266467
5085,Matthew Williams,55,"Drums, PA",USA,U.S. Army,8:00.8,Yes,M,480.8,120.2,201.53693123266467
5089,jesse gray,45,,AUS,,8:00.9,Yes,M,480.9,120.225,201.4112325265793
5089,Anders J,41,,DEN,,8:00.9,Yes,M,480.9,120.225,201.4112325265793
5089,Charlie Ponente,54,,GBR,,8:00.9,Yes,M,480.9,120.225,201.4112325265793
5089,Jean-Christophe Rousseau,34,,CAN,,8:00.9,Yes,M,480.9,120.225,201.4112325265793
5089,Tillman Sanders,30,VA,USA,,8:00.9,No,M,480.9,120.225,201.4112325265793
5094,Richard Brown,55,,GBR,,8:01.0,Yes,M,481.0,120.25,201.28563832991114
5094,Ian Hutson,53,,GBR,,8:01.0,Yes,M,481.0,120.25,201.28563832991114
5094,Sam Neale,36,Reading,GBR,,8:01.0,Yes,M,481.0,120.25,201.28563832991114
5094,Lou Rocco,53,"Mars, PA",USA,,8:01.0,Yes,M,481.0,120.25,201.28563832991114
5094,Evan Thomas,37,,USA,,8:01.0,No,M,481.0,120.25,201.28563832991114
5099,Parminder Dhillon,42,,GBR,Seal PT Indoor rowing team,8:01.1,Race,M,481.1,120.275,201.16014853406764
5099,Andrew Harding,58,Morecambe,GBR,,8:01.1,Yes,M,481.1,120.275,201.16014853406764
5099,Mark Parkinson,65,Auckland,NZL,,8:01.1,No,M,481.1,120.275,201.16014853406764
5103,Patrick Cruise,67,"Westmont, IL",USA,The Diamonds (Over Sixties Erging Group),8:01.2,Yes,M,481.2,120.3,201.0347630305919
5103,Christophe GAULTIER,57,,FRA,,8:01.2,Yes,M,481.2,120.3,201.0347630305919
5103,ivan kretzschmar,44,,AUS,,8:01.2,Yes,M,481.2,120.3,201.0347630305919
5103,Kirt Lietzow,44,"Knoxville, TN",USA,,8:01.2,Yes,M,481.2,120.3,201.0347630305919
5103,John Fahy,64,Dalkey,IRL,Triton Rowing Club,8:01.2,No,M,481.2,120.3,201.0347630305919
5108,Henrik B. Persson,46,Vänersborg,SWE,,8:01.3,Yes,M,481.3,120.325,200.90948171116167
5108,Piet Ruigrok,69,Lisse,NED,"Roeivereniging Iris, Lisse",8:01.3,Yes,M,481.3,120.325,200.90948171116167
5110,Steve Braun,74,"Danbury, CT",USA,GMS Rowing Center,8:01.4,Yes,M,481.4,120.35,200.78430446759023
5110,Noah Eastabrook,17,,GBR,,8:01.4,Yes,M,481.4,120.35,200.78430446759023
5110,James Regler,40,,GBR,,8:01.4,Yes,M,481.4,120.35,200.78430446759023
5113,Peter Gold,70,,GBR,,8:01.5,Yes,M,481.5,120.375,200.65923119182534
5113,Warren Nel,64,Johannesburg,RSA,,8:01.5,Yes,M,481.5,120.375,200.65923119182534
5113,Sascha Schneider,50,Regensburg,GER,,8:01.5,Yes,M,481.5,120.375,200.65923119182534
5113,Andy Whitlum,55,,GBR,,8:01.5,No,M,481.5,120.375,200.65923119182534
5117,Philipp Eichhammer,45,,GER,,8:01.6,Yes,M,481.6,120.4,200.53426177594932
5117,Martin Klepetko,59,Prague,CZE,,8:01.6,Yes,M,481.6,120.4,200.53426177594932
5117,Matthias Mcnulty,33,,CAN,,8:01.6,Yes,M,481.6,120.4,200.53426177594932
5117,James Taylor,73,"Ponce Inlet, FL",USA,The Diamonds (Over Sixties Erging Group),8:01.6,Yes,M,481.6,120.4,200.53426177594932
5117,Ray Twomey,52,Clane,IRL,,8:01.6,Yes,M,481.6,120.4,200.53426177594932
5122,David Henderson,67,,AUS,,8:01.7,Yes,M,481.7,120.425,200.40939611217922
5122,steven holland,51,,AUS,,8:01.7,Yes,M,481.7,120.425,200.40939611217922
5122,Victor Rosenberg,61,Westerville,USA,,8:01.7,No,M,481.7,120.425,200.40939611217922
5125,Adam Bush,45,NSW,AUS,,8:01.8,Yes,M,481.8,120.45,200.28463409286573
5125,Masaru Motoishi,54,Aichi,JPN,,8:01.8,Yes,M,481.8,120.45,200.28463409286573
5125,zac ryno,41,,USA,,8:01.8,Yes,M,481.8,120.45,200.28463409286573
5125,Ross Wilkins,49,Haugesund,NOR,,8:01.8,Yes,M,481.8,120.45,200.28463409286573
5129,Aaron Dutton,48,"Bellingham, WA",USA,Free Spirits,8:01.9,Yes,M,481.9,120.475,200.15997561049412
5129,Conrad Langton,54,Oxford,GBR,,8:01.9,Yes,M,481.9,120.475,200.15997561049412
5129,Don Pearson,67,Torquay,GBR,,8:01.9,No,M,481.9,120.475,200.15997561049412
5132,Alan Lloyd,73,,GBR,The Diamonds (Over Sixties Erging Group),8:02.0,Yes,M,482.0,120.5,200.03542055768304
5132,Edoardo Maggini,66,Roma,ITA,Ondina Generali,8:02.0,No,M,482.0,120.5,200.03542055768304
5134,Charles Stockwell,66,,USA,Minnesota Boat Club,8:02.1,Race,M,482.1,120.525,199.91096882718494
5134,Morgan Jones,45,,NZL,,8:02.1,Yes,M,482.1,120.525,199.91096882718494
5134,Mark Venn,73,Cirencester,GBR,University of Exeter (Alumni),8:02.1,Yes,M,482.1,120.525,199.91096882718494
5137,Miles Rodgers,14,"Atlanta, GA",USA,Allatoona Rowing Association,8:02.2,Race,M,482.2,120.55,199.78662031188586
5137,Hans Beld,46,,NED,,8:02.2,Yes,M,482.2,120.55,199.78662031188586
5139,Norris Henderson,14,"Atlanta, GA",USA,St. Andrew Rowing Club,8:02.3,Race,M,482.3,120.575,199.66237490480455
5139,Gavin Rampley,17,"Atlanta, GA",USA,Allatoona Rowing Association,8:02.3,Race,M,482.3,120.575,199.66237490480455
5139,Rob Clayman,72,"Bethesda, MD",USA,,8:02.3,Yes,M,482.3,120.575,199.66237490480455
5139,Bjoern Ossenbrink,49,"Kamloops, BC",CAN,SunPeaks Nordic Club,8:02.3,No,M,482.3,120.575,199.66237490480455
5139,Gary Scottorn,63,Long Whatton,GBR,,8:02.3,No,M,482.3,120.575,199.66237490480455
5144,Seamus Houlihan,28,,USA,U.S. Army,8:02.4,Yes,M,482.4,120.6,199.5382324990934
5144,Mark Shearn,34,,GBR,,8:02.4,Yes,M,482.4,120.6,199.5382324990934
5144,Nick Stephens,65,"Launceston, Cornwall",GBR,,8:02.4,Yes,M,482.4,120.6,199.5382324990934
5144,Thomas Van den Berge,41,,BEL,,8:02.4,Yes,M,482.4,120.6,199.5382324990934
5148,Andrew Carney,59,"Adelaide, SA",AUS,,8:02.5,Yes,M,482.5,120.625,199.41419298803726
5148,Mark Drummond,60,Falmouth,GBR,,8:02.5,Yes,M,482.5,120.625,199.41419298803726
5148,Amund Glomsås,56,,NOR,,8:02.5,Yes,M,482.5,120.625,199.41419298803726
5148,Daniel Juliano Soares,27,,POR,,8:02.5,Yes,M,482.5,120.625,199.41419298803726
5148,Tait Luste,56,"Mississauga, ON",CAN,,8:02.5,Yes,M,482.5,120.625,199.41419298803726
5148,Andreas Schraft,67,Winterthur,SUI,SOUL ROW,8:02.5,Yes,M,482.5,120.625,199.41419298803726
5148,Johan Verhoeven,48,,BEL,,8:02.5,Yes,M,482.5,120.625,199.41419298803726
5148,Erik Wahab,65,IL,USA,,8:02.5,Yes,M,482.5,120.625,199.41419298803726
5156,Seth Whisenhunt,34,,USA,U.S. Navy Veteran,8:02.6,Yes,M,482.6,120.65,199.29025626505364
5157,John Branchflower,74,"Summit, NJ",USA,U.S. Navy,8:02.7,Yes,M,482.7,120.675,199.16642222369282
5157,Giorgio Galimberti,41,,ITA,,8:02.7,No,M,482.7,120.675,199.16642222369282
5159,Flemming Bentzen,58,Frederiksberg,DEN,,8:02.8,Yes,M,482.8,120.7,199.04269075763682
5159,JEAN PAUL PION,42,,USA,,8:02.8,Yes,M,482.8,120.7,199.04269075763682
5159,Konrad Ziembicki,34,WARSZAWA,POL,Warszawskie Towarzystwo Wioslarskie,8:02.8,Yes,M,482.8,120.7,199.04269075763682
5159,Adam Bugno,27,,USA,,8:02.8,No,M,482.8,120.7,199.04269075763682
5163,Ed Harris,65,"Winter Park, FL",USA,Orlando Rowing Club,8:02.9,Yes,M,482.9,120.725,198.9190617607003
5163,Jamie Johnstone,34,,NZL,London Otters (LORC),8:02.9,Yes,M,482.9,120.725,198.9190617607003
5163,Andrew Kenworthy,58,,GER,,8:02.9,Yes,M,482.9,120.725,198.9190617607003
5163,Mark Priester,57,CO,USA,,8:02.9,Yes,M,482.9,120.725,198.9190617607003
5167,George Perkins,70,"Wilmington, NC",USA,,8:03.0,Yes,M,483.0,120.75,198.7955351268294
5167,Robert Spence,59,Edinburgh,GBR,,8:03.0,Yes,M,483.0,120.75,198.7955351268294
5167,Martin Meszaros,42,,GBR,,8:03.0,No,M,483.0,120.75,198.7955351268294
5170,Shane Snyder,44,,USA,,8:03.1,Yes,M,483.1,120.775,198.672110750102
5171,Brian Edmonds,34,"Kirkland, WA",USA,,8:03.3,Yes,M,483.3,120.825,198.42556834504728
5171,Neil Herbert,68,"Shellharbour, NSW",AUS,The Diamonds (Over Sixties Erging Group),8:03.3,Yes,M,483.3,120.825,198.42556834504728
5173,Sam Hartwell,64,Cleveland Heights,USA,,8:03.4,Yes,M,483.4,120.85,198.30245010553253
5173,Richard Veffer,60,The Hague area,NED,,8:03.4,Yes,M,483.4,120.85,198.30245010553253
5175,Ismael Bautista,38,,ESP,,8:03.5,Yes,M,483.5,120.875,198.1794337007863
5175,John Patten,65,Liverpool,GBR,The Diamonds (Over Sixties Erging Group),8:03.5,Yes,M,483.5,120.875,198.1794337007863
5175,Rob Holmes,83,"Moneta, VA",USA,The Diamonds (Over Sixties Erging Group),8:03.5,No,M,483.5,120.875,198.1794337007863
5175,Bruce Watson,60,"Harrisburg, NC",USA,,8:03.5,No,M,483.5,120.875,198.1794337007863
5179,Paul Hammerton,56,,GBR,,8:03.6,Yes,M,483.6,120.9,198.056519025542
5179,Chris Nicholas,52,"Montclair, NJ",USA,,8:03.6,Yes,M,483.6,120.9,198.056519025542
5179,Geoffrey Zub,51,"Franklin, MA",USA,EXR Rowing,8:03.6,No,M,483.6,120.9,198.056519025542
5182,Tim Fishleigh,53,,GBR,,8:03.7,Yes,M,483.7,120.925,197.93370597466406
5182,Bobby Funk,40,"Carrboro, NC",USA,,8:03.7,Yes,M,483.7,120.925,197.93370597466406
5182,Keith Hansbrough,50,,USA,,8:03.7,Yes,M,483.7,120.925,197.93370597466406
5182,Antoine Le Morvan,45,Melesse,FRA,Société des Régates Rennaises - Aviron,8:03.7,Yes,M,483.7,120.925,197.93370597466406
5182,Brian Spilbeler,44,IN,USA,,8:03.7,Yes,M,483.7,120.925,197.93370597466406
5182,Steve Gerken,55,"Milwaukie, OR",USA,Reed College,8:03.7,No,M,483.7,120.925,197.93370597466406
5188,Chris Cumbers,77,,GBR,,8:03.8,Race,M,483.8,120.95,197.81099444314657
5188,Jack Dominey,64,"Athens, GA",USA,The Diamonds (Over Sixties Erging Group),8:03.8,Yes,M,483.8,120.95,197.81099444314657
5188,Stuart Ramsay,61,,GBR,The Diamonds (Over Sixties Erging Group),8:03.8,Yes,M,483.8,120.95,197.81099444314657
5188,Xavier Waterinckx,36,,BEL,,8:03.8,Yes,M,483.8,120.95,197.81099444314657
5192,Vincent Enjalbert,39,,FRA,,8:03.9,Yes,M,483.9,120.975,197.6883843261144
5193,Logan Hudson,15,"Atlanta, GA",USA,Row Georgia,8:04.0,Race,M,484.0,121.0,197.5658755188221
5193,Cesare Felice Viola,57,,ITA,,8:04.0,Race,M,484.0,121.0,197.5658755188221
5193,Krishna Sukhu,17,,USA,,8:04.0,Yes,M,484.0,121.0,197.5658755188221
5193,Johnny Rumsey,65,,GBR,,8:04.0,No,M,484.0,121.0,197.5658755188221
5193,scott tripler,66,NY,USA,Williams College,8:04.0,No,M,484.0,121.0,197.5658755188221
5198,Dan Bartholow,45,,USA,,8:04.3,Yes,M,484.3,121.075,197.19895590987628
5198,Joey Broccardo,51,"San clemente, CA",USA,,8:04.3,Yes,M,484.3,121.075,197.19895590987628
5200,Richard Harden,70,Hampshire,GBR,,8:04.4,Yes,M,484.4,121.1,197.07685129668272
5200,Mark Parsons,55,Stockholm,SWE,Swedish Armed Forces,8:04.4,Yes,M,484.4,121.1,197.07685129668272
5200,Neil Rademan,41,Somerset West,RSA,,8:04.4,Yes,M,484.4,121.1,197.07685129668272
5200,Maurice Schinkel,45,,NED,,8:04.4,Yes,M,484.4,121.1,197.07685129668272
5204,Mu Carruthers,60,,GBR,,8:04.5,Yes,M,484.5,121.125,196.95484747144528
5204,Billy Dunn,34,,GBR,,8:04.5,Yes,M,484.5,121.125,196.95484747144528
5204,Alex Gregory,37,,GBR,,8:04.5,Yes,M,484.5,121.125,196.95484747144528
5204,Graham Hardy,70,"Riverview, NSW",AUS,,8:04.5,Yes,M,484.5,121.125,196.95484747144528
5204,gregoire hugel,54,,FRA,,8:04.5,Yes,M,484.5,121.125,196.95484747144528
5204,Johnny Mathews,35,"Denver, CO",USA,,8:04.5,Yes,M,484.5,121.125,196.95484747144528
5204,Ronnie Bentley,67,Princes Risborough,GBR,,8:04.5,No,M,484.5,121.125,196.95484747144528
5211,Joe Francica,69,"Pine Knoll Shores, NC",USA,The Diamonds (Over Sixties Erging Group),8:04.6,Yes,M,484.6,121.15,196.83294433019447
5211,Szymon Lipiński,45,Pruszcz Gdański,POL,,8:04.6,Yes,M,484.6,121.15,196.83294433019447
5211,Paul Symons,68,Yateley,GBR,Reading Rowing Club (UK),8:04.6,Yes,M,484.6,121.15,196.83294433019447
5211,David Western,43,,GBR,,8:04.6,Yes,M,484.6,121.15,196.83294433019447
5215,Peter Fenton,61,Wellington,NZL,,8:04.7,Yes,M,484.7,121.175,196.7111417690898
5215,Garry Neal,60,,GBR,The Diamonds (Over Sixties Erging Group),8:04.7,Yes,M,484.7,121.175,196.7111417690898
5217,Stephen Michals,71,,USA,Minneapolis Rowing Club,8:04.8,Race,M,484.8,121.2,196.5894396844187
5217,Mark Giordano,46,,USA,,8:04.8,Yes,M,484.8,121.2,196.5894396844187
5217,Andy J,51,,GBR,,8:04.8,Yes,M,484.8,121.2,196.5894396844187
5217,Jason schmidt,49,"Wichita, KS",USA,U.S. Navy Veteran,8:04.8,Yes,M,484.8,121.2,196.5894396844187
5217,Matt Graham,44,"Grand Rapids , MI",USA,,8:04.8,No,M,484.8,121.2,196.5894396844187
5222,Aaron Pratt,44,"Palmyra, PA",USA,,8:04.9,Yes,M,484.9,121.225,196.46783797259747
5223,Ümit Kusdogan,50,Munich,GER,,8:05.0,Yes,M,485.0,121.25,196.34633653017016
5223,Михаил Новиков,40,,AIN,,8:05.0,Yes,M,485.0,121.25,196.34633653017016
5225,Sean Curran,43,NSW,AUS,,8:05.1,Yes,M,485.1,121.275,196.2249352538089
5225,Tyler Moore,43,"Camden, NC",USA,U.S. Navy,8:05.1,Yes,M,485.1,121.275,196.2249352538089
5227,Kuido Ivandi,45,,EST,,8:05.2,Yes,M,485.2,121.3,196.10363404031364
5227,Mark Muckian,64,Stockton on Tees,GBR,,8:05.2,Yes,M,485.2,121.3,196.10363404031364
5227,Alex Smith,56,,GBR,,8:05.2,Yes,M,485.2,121.3,196.10363404031364
5227,Graeme Cobb,52,Ayr,GBR,,8:05.2,No,M,485.2,121.3,196.10363404031364
5227,Malcolm Thomas,74,Turners Hill,GBR,,8:05.2,No,M,485.2,121.3,196.10363404031364
5232,Torsten Kunze,63,,GER,,8:05.3,Yes,M,485.3,121.325,195.98243278661155
5232,Rob Warren,41,,IRL,,8:05.3,Yes,M,485.3,121.325,195.98243278661155
5232,Enrico Maria Carosi,63,Trevignano Romano (RM) Italy,ITA,,8:05.3,No,M,485.3,121.325,195.98243278661155
5232,Tim Dünschede,36,,GER,,8:05.3,No,M,485.3,121.325,195.98243278661155
5236,Ced Jafred,37,,FRA,,8:05.4,Yes,M,485.4,121.35,195.86133138975768
5236,Todd Robbins,48,"Manassas, VA",USA,,8:05.4,Yes,M,485.4,121.35,195.86133138975768
5238,Mark K.,57,Berlin,GER,,8:05.5,No,M,485.5,121.375,195.74032974693392
5239,George C. Ritz,64,"Eloy, AZ",USA,,8:05.6,Yes,M,485.6,121.4,195.61942775544927
5239,Patrick van Oudgaarden,64,Naro Moru,KEN,The Diamonds (Over Sixties Erging Group),8:05.6,No,M,485.6,121.4,195.61942775544927
5241,Ian McIntyre,62,Falkirk,GBR,,8:05.7,No,M,485.7,121.425,195.4986253127397
5242,Thorbjørn Andersen,58,,NOR,,8:05.8,Yes,M,485.8,121.45,195.3779223163675
5242,Laurent Bourbier,58,Amiens,FRA,,8:05.8,Yes,M,485.8,121.45,195.3779223163675
5242,Tobias Cummings,65,,GBR,The Diamonds (Over Sixties Erging Group),8:05.8,Yes,M,485.8,121.45,195.3779223163675
5242,Danny Harland,49,Chester le Street,GBR,,8:05.8,Yes,M,485.8,121.45,195.3779223163675
5242,Ryan Kahl,45,"Lehigh, PA",USA,,8:05.8,Yes,M,485.8,121.45,195.3779223163675
5242,Minjoon Kim,40,Seoul,KOR,Geobukseon -「거북선」,8:05.8,Yes,M,485.8,121.45,195.3779223163675
5242,Andrew Moore,67,"Melbourne , VIC",AUS,,8:05.8,Yes,M,485.8,121.45,195.3779223163675
5242,Richard Yelland,71,Oxford,GBR,,8:05.8,Yes,M,485.8,121.45,195.3779223163675
5250,David Dlesk,67,"Andover, MA",USA,Greater Lawrence Rowing,8:05.9,Yes,M,485.9,121.475,195.25731866402177
5250,Rodrigue Henrio,57,35000 Rennes,FRA,Société des Régates Rennaises - Aviron,8:05.9,Yes,M,485.9,121.475,195.25731866402177
5250,Jeff Milsom,72,"New York, NY",USA,The Diamonds (Over Sixties Erging Group),8:05.9,Yes,M,485.9,121.475,195.25731866402177
5253,Heiko Baier,41,,GER,,8:06.0,Yes,M,486.0,121.5,195.1368142535177
5253,Jerome Declerck,57,"Murrumbeena, VIC",AUS,,8:06.0,Yes,M,486.0,121.5,195.1368142535177
5253,Nick Halsted,47,,USA,,8:06.0,Yes,M,486.0,121.5,195.1368142535177
5256,Mike Bilton,45,Connah's Quay,GBR,Darkhorse Rowing,8:06.1,Yes,M,486.1,121.525,195.0164089827966
5256,Liam Emberson,36,,USA,,8:06.1,Yes,M,486.1,121.525,195.0164089827966
5256,Nicholas Perez,30,,USA,,8:06.1,Yes,M,486.1,121.525,195.0164089827966
5260,Nick D,57,Birmingham,GBR,,8:06.2,Yes,M,486.2,121.55,194.89610274992592
5260,Aaron Gill,19,,GBR,,8:06.2,Yes,M,486.2,121.55,194.89610274992592
5262,Ian Chapman,66,Warwick 🇬🇧,GBR,The Diamonds (Over Sixties Erging Group),8:06.3,Yes,M,486.3,121.575,194.77589545309837
5262,Daniel Simon,42,,USA,,8:06.3,Yes,M,486.3,121.575,194.77589545309837
5262,Mark Koch,66,"Ossining, NY",USA,,8:06.3,No,M,486.3,121.575,194.77589545309837
5265,LeRoy Fullwood Jr.,46,NC,USA,,8:06.4,Yes,M,486.4,121.6,194.65578699063275
5265,William Johnston,75,"Blue Bell, PA",USA,,8:06.4,Yes,M,486.4,121.6,194.65578699063275
5265,Mark Payne,66,"Granite Falls, WA",USA,USAF Veterans,8:06.4,Yes,M,486.4,121.6,194.65578699063275
5265,Dane Quinn,56,"Akron, OH",USA,,8:06.4,Yes,M,486.4,121.6,194.65578699063275
5265,Andreas Schmerbach,59,Hünstetten,GER,The Diamonds (Over Sixties Erging Group),8:06.4,Yes,M,486.4,121.6,194.65578699063275
5265,James Barlow Wareham,28,,IRL,,8:06.4,No,M,486.4,121.6,194.65578699063275
5271,Mark Broomfield,61,Essex,GBR,Red Line Rowers,8:06.5,Yes,M,486.5,121.625,194.53577726097288
5271,Christopher Burton,50,,GBR,,8:06.5,Yes,M,486.5,121.625,194.53577726097288
5271,Charles Jones,46,,USA,,8:06.5,Yes,M,486.5,121.625,194.53577726097288
5271,Giacomo Pittori,36,Jesi,ITA,,8:06.5,Yes,M,486.5,121.625,194.53577726097288
5271,Akira Takahashi,65,Chiba,JPN,,8:06.5,Yes,M,486.5,121.625,194.53577726097288
5276,Terry Chappell,79,"Brampton, ON",CAN,,8:06.6,Yes,M,486.6,121.65,194.4158661626879
5276,Edward Cook,41,,GBR,,8:06.6,Yes,M,486.6,121.65,194.4158661626879
5276,Destin Danser,33,,USA,,8:06.6,Yes,M,486.6,121.65,194.4158661626879
5276,Laszlo Meszaros,36,,HUN,,8:06.6,Yes,M,486.6,121.65,194.4158661626879
5280,Bill Buck,67,"Columbus, GA",USA,CrossFit Sacrifice,8:06.7,Yes,M,486.7,121.675,194.2960535944721
5280,Bill Cooper,57,BC,CAN,RowAlong,8:06.7,Yes,M,486.7,121.675,194.2960535944721
5280,David Holmes,67,,GBR,,8:06.7,Yes,M,486.7,121.675,194.2960535944721
5280,David Diamantopoulos,65,"Alexandria, VA",USA,,8:06.7,No,M,486.7,121.675,194.2960535944721
5280,Argos Peristeropoulos,44,Volos,GRE,Έλληνες Φυσικοθεραπευτές-Ασθενείς/Greek Physiotherapists-Patients,8:06.7,No,M,486.7,121.675,194.2960535944721
5285,Alan Bell,75,Milton Keynes,GBR,Remigo Ergo Sum,8:06.8,Yes,M,486.8,121.7,194.17633945514424
5285,Ron Gengler,61,"Cowiche , WA",USA,The Diamonds (Over Sixties Erging Group),8:06.8,Yes,M,486.8,121.7,194.17633945514424
5287,Jean-Bernard Flanagan,59,AZ,USA,,8:06.9,Yes,M,486.9,121.725,194.0567236436482
5287,Kristian Bech Jakobsen,49,,DEN,,8:06.9,Yes,M,486.9,121.725,194.0567236436482
5289,royston jones,66,,SKN,,8:07.0,Yes,M,487.0,121.75,193.93720605905202
5289,Allan McEachen,63,,GBR,,8:07.0,Yes,M,487.0,121.75,193.93720605905202
5289,Niels Brandt,65,Stege,DEN,The Diamonds (Over Sixties Erging Group),8:07.0,No,M,487.0,121.75,193.93720605905202
5289,Jamie McNabb,62,Marlow,GBR,,8:07.0,No,M,487.0,121.75,193.93720605905202
5289,Aad Stor,67,Zaandam,NED,,8:07.0,No,M,487.0,121.75,193.93720605905202
5294,Martin Folkes,59,London,GBR,,8:07.1,Yes,M,487.1,121.775,193.81778660054798
5294,Mike Baldwin,58,Emsworth,GBR,,8:07.1,No,M,487.1,121.775,193.81778660054798
5294,Peter Willcox,70,"Montclair, NJ",USA,,8:07.1,No,M,487.1,121.775,193.81778660054798
5297,John Huntington,61,,AUS,,8:07.2,Yes,M,487.2,121.8,193.69846516745298
5297,Cody Isaac,27,,GBR,,8:07.2,Yes,M,487.2,121.8,193.69846516745298
5297,Markus J,54,,GER,,8:07.2,Yes,M,487.2,121.8,193.69846516745298
5297,Philippe Larosa,59,,FRA,,8:07.2,Yes,M,487.2,121.8,193.69846516745298
5297,Mike Symonds,62,,USA,,8:07.2,Yes,M,487.2,121.8,193.69846516745298
5302,Alexander Schemmel,16,,USA,"Rochester Rowing Club, Minnesota",8:07.3,Race,M,487.3,121.825,193.57924165920713
5302,Francisco Franceschi,41,,VEN,,8:07.3,Yes,M,487.3,121.825,193.57924165920713
5302,Andrew Jaquiss,61,,USA,,8:07.3,Yes,M,487.3,121.825,193.57924165920713
5302,Holger Rupp,53,,GER,,8:07.3,Yes,M,487.3,121.825,193.57924165920713
5306,Kostadin Gyudzhenov,37,Gotse Delchev,BUL,,8:07.4,Yes,M,487.4,121.85,193.46011597537498
5306,Chris Kreig,61,"Port Kent, NY",USA,USAF Veterans,8:07.4,Yes,M,487.4,121.85,193.46011597537498
5306,Wiktor M.,45,ŁDŹ 🇵🇱,POL,Polish Indoor Rowing Team,8:07.4,Yes,M,487.4,121.85,193.46011597537498
5306,Adam Malec,53,,INA,,8:07.4,Yes,M,487.4,121.85,193.46011597537498
5306,Noel Read,70,"Warrnambool , VIC",AUS,,8:07.4,No,M,487.4,121.85,193.46011597537498
5311,Mike Bird,39,"Austin, TX",USA,,8:07.5,Yes,M,487.5,121.875,193.34108801564423
5311,Michael Coorey,60,,AUS,,8:07.5,Yes,M,487.5,121.875,193.34108801564423
5311,Chris Flint,70,Gosfield,GBR,Team Diamonds,8:07.5,Yes,M,487.5,121.875,193.34108801564423
5311,Kari Heber,58,"Gig Harbor, WA",USA,U.S. Navy Veteran,8:07.5,Yes,M,487.5,121.875,193.34108801564423
5311,Paul Tomlinson,52,Auckland,NZL,"Auckland YMCA, New Zealand",8:07.5,Yes,M,487.5,121.875,193.34108801564423
5316,Rob F,52,,IRL,,8:07.6,Yes,M,487.6,121.9,193.22215767982613
5316,Tilmann Fischbock,41,,FRA,,8:07.6,Yes,M,487.6,121.9,193.22215767982613
5316,Hg H,49,,GER,,8:07.6,Yes,M,487.6,121.9,193.22215767982613
5316,Sean O'Keeffe,54,Bexleyheath,GBR,David Lloyd Health Club,8:07.6,Yes,M,487.6,121.9,193.22215767982613
5316,Tim Dennis,49,,GBR,,8:07.6,No,M,487.6,121.9,193.22215767982613
5316,Gisbert Zwolen,76,"Southport, QLD",AUS,,8:07.6,No,M,487.6,121.9,193.22215767982613
5322,Simon Carpenter,48,,GBR,,8:07.7,Yes,M,487.7,121.925,193.10332486785535
5322,Rolf Meek,75,Oslo,NOR,,8:07.7,Yes,M,487.7,121.925,193.10332486785535
5322,Mathisan Y,42,ON,CAN,CFP Engine Room,8:07.7,Yes,M,487.7,121.925,193.10332486785535
5322,Frans Zanders,65,Överlida,SWE,The Diamonds (Over Sixties Erging Group),8:07.7,Yes,M,487.7,121.925,193.10332486785535
5322,Earl Ratcliffe,60,,GBR,,8:07.7,No,M,487.7,121.925,193.10332486785535
5327,Martin Beaver,60,"Swindon, Wiltshire",GBR,The Diamonds (Over Sixties Erging Group),8:07.8,Yes,M,487.8,121.95,192.98458947978918
5327,David McGinness,54,,GBR,,8:07.8,No,M,487.8,121.95,192.98458947978918
5329,Daniel Acevedo,56,,USA,,8:07.9,Yes,M,487.9,121.975,192.86595141580827
5329,Garikoitz Aizkorreta Aduriz,36,Pasai San Pedro,ESP,Euskal Herriko Arraunlariak,8:07.9,Yes,M,487.9,121.975,192.86595141580827
5329,Neil Little,74,"Kendal, Cumbria",GBR,The Diamonds (Over Sixties Erging Group),8:07.9,Yes,M,487.9,121.975,192.86595141580827
5332,Bruce Newell,71,"Kendall, NY",USA,,8:08.0,Yes,M,488.0,122.0,192.74741057621563
5332,Matt Caulfield,27,,IRL,,8:08.0,No,M,488.0,122.0,192.74741057621563
5332,Lai Kin Lam,39,,HKG,,8:08.0,No,M,488.0,122.0,192.74741057621563
5335,David Buley,62,"Seaforth, NSW",AUS,,8:08.1,Yes,M,488.1,122.025,192.6289668614369
5335,Ryan Jarrard,45,"Knoxville, TN",USA,RowAlong,8:08.1,Yes,M,488.1,122.025,192.6289668614369
5335,Rob Jarvis,57,,GBR,,8:08.1,Yes,M,488.1,122.025,192.6289668614369
5335,Robert Sowdon,64,,GBR,The Diamonds (Over Sixties Erging Group),8:08.1,Yes,M,488.1,122.025,192.6289668614369
5335,Anthony Tripodo,72,"Houston, TX",USA,Dallas Rowing Club,8:08.1,Yes,M,488.1,122.025,192.6289668614369
5340,Steven Hale,62,Falun,SWE,The Diamonds (Over Sixties Erging Group),8:08.2,Yes,M,488.2,122.05,192.5106201720203
5340,Kees Bording,68,Purmerend,NED,The Diamonds (Over Sixties Erging Group),8:08.2,No,M,488.2,122.05,192.5106201720203
5342,Martin Arcand-Dusseault,38,QC,CAN,,8:08.3,Yes,M,488.3,122.075,192.3923704086357
5342,Vincent Hocdé,35,,FRA,,8:08.3,Yes,M,488.3,122.075,192.3923704086357
5342,Xavier Poirier,30,,CAN,,8:08.3,Yes,M,488.3,122.075,192.3923704086357
5342,Ted Whalen,48,"Chicago, IL",USA,,8:08.3,Yes,M,488.3,122.075,192.3923704086357
5342,Matt Wicker,37,,USA,,8:08.3,Yes,M,488.3,122.075,192.3923704086357
5347,Joey Eaton,17,,USA,,8:08.4,Yes,M,488.4,122.1,192.27421747207558
5347,William Konarzewski,75,Colchester,GBR,Free Spirits,8:08.4,Yes,M,488.4,122.1,192.27421747207558
5347,Kiyoshi Okano,68,,JPN,Japan & Friends Indoor Rowers,8:08.4,Yes,M,488.4,122.1,192.27421747207558
5347,John Nangle,66,Shepperton,GBR,,8:08.4,No,M,488.4,122.1,192.27421747207558
5351,Robin De Jonge,34,,NED,,8:08.5,Yes,M,488.5,122.125,192.1561612632538
5351,Evan Durbin,15,,USA,,8:08.5,Yes,M,488.5,122.125,192.1561612632538
5351,Øystein Weum,57,,NOR,,8:08.5,Yes,M,488.5,122.125,192.1561612632538
5351,Timothy Gatton,57,"Yakima, WA",USA,Yakima Training Center,8:08.5,No,M,488.5,122.125,192.1561612632538
5355,derek h,39,,USA,,8:08.6,Yes,M,488.6,122.15,192.03820168320604
5355,Freddie Theobald,33,,GBR,,8:08.6,Yes,M,488.6,122.15,192.03820168320604
5355,Xavier Thomas,51,Angers,FRA,,8:08.6,Yes,M,488.6,122.15,192.03820168320604
5355,Mal Thornton,42,Sussex,GBR,"Wadham College, Oxford University",8:08.6,Yes,M,488.6,122.15,192.03820168320604
5359,Chris Flood,34,,AUS,,8:08.7,Yes,M,488.7,122.175,191.9203386330896
5359,Al G,31,KS,USA,,8:08.7,Yes,M,488.7,122.175,191.9203386330896
5359,Lukas Karch,35,Eltingshausen,GER,,8:08.7,Yes,M,488.7,122.175,191.9203386330896
5359,Lukáš Koseček,38,Lidečko,CZE,,8:08.7,Yes,M,488.7,122.175,191.9203386330896
5359,Andrew McCarthy,41,,GBR,,8:08.7,Yes,M,488.7,122.175,191.9203386330896
5359,Michael Steiger,47,,CAN,,8:08.7,No,M,488.7,122.175,191.9203386330896
5365,Ernest Gorni,33,,GBR,,8:08.8,Race,M,488.8,122.2,191.80257201418272
5366,Richard Bell,51,,GBR,,8:08.9,Yes,M,488.9,122.225,191.6849017278851
5366,thomas brøbech,56,,DEN,,8:08.9,Yes,M,488.9,122.225,191.6849017278851
5366,Dan Evans,45,"San Diego, CA",USA,,8:08.9,Yes,M,488.9,122.225,191.6849017278851
5366,Richard Farnan,40,,GBR,,8:08.9,Yes,M,488.9,122.225,191.6849017278851
5366,Mark Morimoto,54,"Los Angeles , CA",USA,,8:08.9,Yes,M,488.9,122.225,191.6849017278851
5366,Derek Westpfel,64,Sidcup,GBR,The Diamonds (Over Sixties Erging Group),8:08.9,No,M,488.9,122.225,191.6849017278851
5372,Paul Black,46,"Atlanta, GA",USA,Unaffiliated (USA),8:09.0,Race,M,489.0,122.25,191.5673276757173
5372,gerard g,69,Zeist,NED,,8:09.0,No,M,489.0,122.25,191.5673276757173
5372,Martin Jansen,45,,RSA,,8:09.0,No,M,489.0,122.25,191.5673276757173
5372,Kirk Mathison,50,"Calgary, AB",CAN,,8:09.0,No,M,489.0,122.25,191.5673276757173
5376,Robert Corke,68,Derby,GBR,,8:09.1,Yes,M,489.1,122.275,191.44984975932053
5376,Bruce Williamson,66,"Port Dalhousie, ON",CAN,,8:09.1,Yes,M,489.1,122.275,191.44984975932053
5378,Laurent Bernardin,54,,FRA,FRENCH INDOOR ROWERS TEAM,8:09.2,Yes,M,489.2,122.3,191.33246788045696
5378,Damian Meland,60,QLD,AUS,The Diamonds (Over Sixties Erging Group),8:09.2,Yes,M,489.2,122.3,191.33246788045696
5378,Fabrício Stahelin,46,Florianópolis,BRA,,8:09.2,Yes,M,489.2,122.3,191.33246788045696
5378,John Veague,66,"Newfane, VT",USA,,8:09.2,Yes,M,489.2,122.3,191.33246788045696
5378,David Cockburn,60,Saddleworth,GBR,,8:09.2,No,M,489.2,122.3,191.33246788045696
5378,Thomas Hackl,51,Gallneukirchen,AUT,,8:09.2,No,M,489.2,122.3,191.33246788045696
5384,Alex Cucos,52,,ROU,,8:09.3,Yes,M,489.3,122.325,191.21518194100864
5384,Ken Gacke,64,"Sioux Falls, SD",USA,The Diamonds (Over Sixties Erging Group),8:09.3,Yes,M,489.3,122.325,191.21518194100864
5384,Jim Hollingsworth,67,NC,USA,,8:09.3,Yes,M,489.3,122.325,191.21518194100864
5384,Austin Yu,32,,CHN,亦可赛艇,8:09.3,Yes,M,489.3,122.325,191.21518194100864
5384,Tom Wilber,62,"Walpole, MA",USA,,8:09.3,No,M,489.3,122.325,191.21518194100864
5389,Guillaume Fontaine,40,,BEL,,8:09.4,Yes,M,489.4,122.35,191.0979918429785
5389,David Hughes,48,"Erskine, Renfrewshire",GBR,,8:09.4,Yes,M,489.4,122.35,191.0979918429785
5389,David Kless,38,,USA,,8:09.4,Yes,M,489.4,122.35,191.0979918429785
5389,Greg Lewis,53,Dunedin,NZL,University of Otago,8:09.4,Yes,M,489.4,122.35,191.0979918429785
5389,Stephen Miles,45,,GBR,,8:09.4,Yes,M,489.4,122.35,191.0979918429785
5394,Merritt Lehman,82,"Goshen, IN",USA,,8:09.5,Yes,M,489.5,122.375,190.9808974884892
5394,Ruben Quinones,46,"Deland, FL",USA,U.S. Army Veterans,8:09.5,Yes,M,489.5,122.375,190.9808974884892
5394,Ricardo Rodriguez,49,TX,USA,,8:09.5,Yes,M,489.5,122.375,190.9808974884892
5394,Antolin Small,18,LUISETAINES,FRA,,8:09.5,Yes,M,489.5,122.375,190.9808974884892
5398,Peter Jones,80,,GBR,Doncaster Rowing Club,8:09.6,Race,M,489.6,122.4,190.86389877978328
5398,Randal Greer,47,"Pampa, TX",USA,,8:09.6,Yes,M,489.6,122.4,190.86389877978328
5398,Werner Oosthuizen,27,,RSA,,8:09.6,Yes,M,489.6,122.4,190.86389877978328
5398,Emerson Simms,34,,USA,,8:09.6,Yes,M,489.6,122.4,190.86389877978328
5398,Stewart Townsend,49,Leek,GBR,,8:09.6,Yes,M,489.6,122.4,190.86389877978328
5403,Andrewws28 Andrewws28,60,,GBR,,8:09.7,Yes,M,489.7,122.425,190.74699561922338
5403,Ibrahim Genc,54,,TUR,,8:09.7,Yes,M,489.7,122.425,190.74699561922338
5403,David Pettigrew,48,"Colorado Springs, CO",USA,U.S. Army Retired,8:09.7,Yes,M,489.7,122.425,190.74699561922338
5403,Jacob Veale,39,,USA,,8:09.7,Yes,M,489.7,122.425,190.74699561922338
5403,Jim Woodruff,61,"Washougal, WA",USA,The Diamonds (Over Sixties Erging Group),8:09.7,Yes,M,489.7,122.425,190.74699561922338
5403,M Z,44,,ESP,,8:09.7,Yes,M,489.7,122.425,190.74699561922338
5403,Tom Krajicek,44,,CZE,,8:09.7,No,M,489.7,122.425,190.74699561922338
5410,Mark Bartley,54,,GBR,RowAlong,8:09.8,Yes,M,489.8,122.45,190.6301879092912
5410,Thomas Jenkinson,65,"San Rafael, CA",USA,,8:09.8,Yes,M,489.8,122.45,190.6301879092912
5410,Seth Rothschild,35,"Littleton, MA",USA,,8:09.8,Yes,M,489.8,122.45,190.6301879092912
5410,Mark Hales,64,,GBR,,8:09.8,No,M,489.8,122.45,190.6301879092912
5414,Roman Zabolotnikov,42,,AIN,,8:09.9,Yes,M,489.9,122.475,190.5134755525884
5415,Dan Grant,53,Worcester,GBR,Birmingham Rowing Club,8:10.0,Yes,M,490.0,122.5,190.39685845183556
5415,Michael Hoerenz,58,Schwerin,GER,"Netzaberg Elementary School, Bavaria, Germany",8:10.0,Yes,M,490.0,122.5,190.39685845183556
5415,Josh Mellican,36,,USA,,8:10.0,Yes,M,490.0,122.5,190.39685845183556
5415,Rameen Molavi,55,"Lutherville, MD",USA,genXerg,8:10.0,Yes,M,490.0,122.5,190.39685845183556
5415,Yousef Ahmed,36,"Los Angeles, CA",USA,,8:10.0,No,M,490.0,122.5,190.39685845183556
5415,Ashley Glover,45,VIC,AUS,,8:10.0,No,M,490.0,122.5,190.39685845183556
5415,Ronnie Werker,66,Plymouth,GBR,,8:10.0,No,M,490.0,122.5,190.39685845183556
5422,Ben Herewane,47,,AUS,,8:10.1,Yes,M,490.1,122.525,190.28033650987226
5422,Yannick LENOIR,50,,FRA,,8:10.1,Yes,M,490.1,122.525,190.28033650987226
5422,Tony M,64,NSW,AUS,,8:10.1,Yes,M,490.1,122.525,190.28033650987226
5422,Jonathan Zeif,72,"Fort Collins, CO",USA,,8:10.1,Yes,M,490.1,122.525,190.28033650987226
5426,Andreas Jakobsson,53,,SWE,,8:10.2,Yes,M,490.2,122.55,190.16390962965735
5426,Jerry Johnson,75,"Carlisle, PA",USA,,8:10.2,Yes,M,490.2,122.55,190.16390962965735
5426,paul hammond,70,SCUNTHORPE,GBR,,8:10.2,No,M,490.2,122.55,190.16390962965735
5426,Claus Mildenberger,56,,ITA,,8:10.2,No,M,490.2,122.55,190.16390962965735
5430,Mark Geddes,61,,GBR,,8:10.3,Yes,M,490.3,122.575,190.0475777142679
5430,Paul Giglio,53,"Fort Collins, CO",USA,,8:10.3,Yes,M,490.3,122.575,190.0475777142679
5430,Conrado Seibel,63,,GER,,8:10.3,Yes,M,490.3,122.575,190.0475777142679
5430,Tom Timmons,69,OH,USA,TEAM MELALEUCA,8:10.3,Yes,M,490.3,122.575,190.0475777142679
5434,Marc BERGÈRE,54,Tarbes,FRA,,8:10.4,Yes,M,490.4,122.6,189.93134066690004
5434,Steven Mansfield,61,Northampton,GBR,,8:10.4,Yes,M,490.4,122.6,189.93134066690004
5434,Tom Weiß,40,,GER,,8:10.4,Yes,M,490.4,122.6,189.93134066690004
5434,Derek Bramell,67,Wirral,GBR,The Diamonds (Over Sixties Erging Group),8:10.4,No,M,490.4,122.6,189.93134066690004
5434,Thomas O'Keefe,70,"Hillsborough, CA",USA,Paddy Power IRC,8:10.4,No,M,490.4,122.6,189.93134066690004
5439,Cedric Mouftiez,52,Lille,FRA,,8:10.5,Yes,M,490.5,122.625,189.81519839086792
5439,Colin Thomson,58,,GBR,,8:10.5,No,M,490.5,122.625,189.81519839086792
5441,Ken Benoit,78,"Angus, ON",CAN,The Diamonds (Over Sixties Erging Group),8:10.6,Yes,M,490.6,122.65,189.69915078960406
5441,Chris Birch,63,London,GBR,Age Without Limits,8:10.6,Yes,M,490.6,122.65,189.69915078960406
5443,Jackson Haycock,16,"Atlanta, GA",USA,Row Georgia,8:10.7,Race,M,490.7,122.675,189.5831977666592
5443,Cyril Bony,49,,FRA,,8:10.7,Yes,M,490.7,122.675,189.5831977666592
5443,Joe Sedy,35,,USA,,8:10.7,Yes,M,490.7,122.675,189.5831977666592
5443,Brett Seifred,51,"Toronto, ON",CAN,SCULLHOUSE Rowing,8:10.7,Yes,M,490.7,122.675,189.5831977666592
5443,Zifan Zhang,35,,USA,Garmin Connect,8:10.7,Yes,M,490.7,122.675,189.5831977666592
5448,Péti Tamás,44,Szekszárd,HUN,,8:10.8,Yes,M,490.8,122.7,189.46733922570152
5448,Charlie Wise,15,,GBR,,8:10.8,Yes,M,490.8,122.7,189.46733922570152
5448,Duncan Low,55,ON,CAN,,8:10.8,No,M,490.8,122.7,189.46733922570152
5451,TJ Creath,54,,USA,,8:10.9,Yes,M,490.9,122.725,189.35157507051738
5451,Bobby Hartman,51,"Durham, NC",USA,50Plus,8:10.9,Yes,M,490.9,122.725,189.35157507051738
5451,Coby Reimers,34,NY,USA,,8:10.9,Yes,M,490.9,122.725,189.35157507051738
5451,Gray Robertson,60,"Dalkeith , WA",AUS,,8:10.9,Yes,M,490.9,122.725,189.35157507051738
5451,Chad Robinson,46,"Tucson, AZ",USA,Tucson Indoor Rowing Club,8:10.9,Yes,M,490.9,122.725,189.35157507051738
5456,Stewart Aitken,64,Burntisland,GBR,Scotland The Wave,8:11.0,Yes,M,491.0,122.75,189.23590520501043
5456,atxhua atxhua,44,"Austin, TX",USA,Age Without Limits,8:11.0,Yes,M,491.0,122.75,189.23590520501043
5456,Eric B,44,,USA,,8:11.0,Yes,M,491.0,122.75,189.23590520501043
5456,Christian Belair,50,"Cornwall, ON",CAN,,8:11.0,Yes,M,491.0,122.75,189.23590520501043
5456,Stéphane Binette,45,QC,CAN,,8:11.0,Yes,M,491.0,122.75,189.23590520501043
5456,Jhonny Chirivella,38,FL,USA,,8:11.0,Yes,M,491.0,122.75,189.23590520501043
5456,"Albert Morrone, jr",61,"Westerly, RI",USA,,8:11.0,Yes,M,491.0,122.75,189.23590520501043
5456,Tony Douglas-Jones,74,CARDIFF,GBR,,8:11.0,No,M,491.0,122.75,189.23590520501043
5464,Mike A,60,,USA,The Diamonds (Over Sixties Erging Group),8:11.1,Yes,M,491.1,122.775,189.12032953320175
5464,Dejan Agostini,42,,CRO,,8:11.1,Yes,M,491.1,122.775,189.12032953320175
5464,David Coulson,68,,GBR,,8:11.1,Yes,M,491.1,122.775,189.12032953320175
5464,Jon Greenwood,53,,GBR,,8:11.1,Yes,M,491.1,122.775,189.12032953320175
5464,Justin Ruckel,45,,USA,,8:11.1,Yes,M,491.1,122.775,189.12032953320175
5469,Mark Hubbard,62,,GBR,,8:11.2,Yes,M,491.2,122.8,189.00484795922978
5469,Dr. Andreas Meyer-Bender,60,Planegg 🇩🇪,GER,GERMAN Rowers and FRIENDS United,8:11.2,Yes,M,491.2,122.8,189.00484795922978
5469,Marcus Schug,47,Grenzach-Wyhlen,GER,Basler Ruder-Club,8:11.2,Yes,M,491.2,122.8,189.00484795922978
5472,Olun Riley,56,"Glendale, CA",USA,,8:11.3,Yes,M,491.3,122.825,188.8894603873497
5472,Michael Westley,68,,GBR,The Diamonds (Over Sixties Erging Group),8:11.3,Yes,M,491.3,122.825,188.8894603873497
5474,"Seth ,",40,MA,USA,reddit /r/ rowing,8:11.4,Yes,M,491.4,122.85,188.77416672193382
5474,Keith Cummings,66,,USA,The Diamonds (Over Sixties Erging Group),8:11.4,Yes,M,491.4,122.85,188.77416672193382
5474,Philip Mayhew,71,Weymouth,GBR,Age Against The Machine,8:11.4,Yes,M,491.4,122.85,188.77416672193382
5477,Bart Bronson,54,,USA,,8:11.5,Yes,M,491.5,122.875,188.65896686747115
5477,David Bunten,48,Blackwood,GBR,,8:11.5,Yes,M,491.5,122.875,188.65896686747115
5477,Corey Gantz,48,"Tucson, AZ",USA,,8:11.5,Yes,M,491.5,122.875,188.65896686747115
5477,Björn Papay,60,Hamburg,GER,,8:11.5,Yes,M,491.5,122.875,188.65896686747115
5477,Rat Race,46,"Palatine, IL",USA,,8:11.5,Yes,M,491.5,122.875,188.65896686747115
5477,Jagan Ramamoorthy,44,,USA,,8:11.5,Yes,M,491.5,122.875,188.65896686747115
5477,Rob Warden,57,"Riverton, UT",USA,,8:11.5,Yes,M,491.5,122.875,188.65896686747115
5477,Scott Lee,59,,GBR,,8:11.5,No,M,491.5,122.875,188.65896686747115
5485,Anto Anto,39,,SUI,,8:11.6,Yes,M,491.6,122.9,188.54386072856707
5485,Cameron Bourke,50,"Gold Coast, QLD",AUS,,8:11.6,Yes,M,491.6,122.9,188.54386072856707
5485,MARK FRANCHETTI,65,,GBR,,8:11.6,No,M,491.6,122.9,188.54386072856707
5488,Kai Henrik Albrecht,56,,GER,,8:11.7,Yes,M,491.7,122.925,188.42884820994368
5488,Ryan Simoens,44,,USA,,8:11.7,Yes,M,491.7,122.925,188.42884820994368
5488,Samuel Foster,17,,GBR,,8:11.7,No,M,491.7,122.925,188.42884820994368
5491,Laszlo Kovesdi,55,Zalaegerszeg,HUN,,8:11.8,Yes,M,491.8,122.95,188.3139292164388
5491,Andrew Losurdo,45,,AUS,,8:11.8,Yes,M,491.8,122.95,188.3139292164388
5491,Bent Boegh Pedersen,82,Middelfart,DEN,,8:11.8,Yes,M,491.8,122.95,188.3139292164388
5494,Geoffrey Barrow,73,"Frankford, ON",CAN,Tillsonburg Rowing Club,8:11.9,Yes,M,491.9,122.975,188.19910365300677
5494,Verne Hinch,52,"Kelowna, BC",CAN,,8:11.9,Yes,M,491.9,122.975,188.19910365300677
5494,Jan Rathscheck,50,,NOR,,8:11.9,Yes,M,491.9,122.975,188.19910365300677
5494,Christopher Ryan,64,"Greenwich, CT",USA,Free Spirits,8:11.9,No,M,491.9,122.975,188.19910365300677
5498,Mason Hill,20,,USA,St. Olaf Rowing Club,8:12.0,Race,M,492.0,123.0,188.0843714247176
5498,Daniele Garulli,35,Rome,ITA,,8:12.0,Yes,M,492.0,123.0,188.0843714247176
5498,Chris Reeves,72,Taupo,NZL,,8:12.0,Yes,M,492.0,123.0,188.0843714247176
5498,Robin Sterk,75,Eindhoven,NED,Dutch Eindhoven Rowing Association Beatrix,8:12.0,Yes,M,492.0,123.0,188.0843714247176
5502,Adriano Ghedina,55,Canary Islands,ESP,RowAlong,8:12.1,Yes,M,492.1,123.025,187.96973243675697
5502,Pete Tugby,45,,GBR,,8:12.1,Yes,M,492.1,123.025,187.96973243675697
5504,Mike Bowman,57,"Arnold, MD",USA,U.S. Army Retired,8:12.2,Yes,M,492.2,123.05,187.85518659442639
5504,Keith Foster,64,"Billingham, Teesside",GBR,The Diamonds (Over Sixties Erging Group),8:12.2,Yes,M,492.2,123.05,187.85518659442639
5504,MARE N,14,,JPN,,8:12.2,Yes,M,492.2,123.05,187.85518659442639
5504,Sam Lloyd,57,,GBR,Royal Navy Veterans,8:12.2,No,M,492.2,123.05,187.85518659442639
5504,Gene MacFarlane,55,"Mount Airy, MD",USA,,8:12.2,No,M,492.2,123.05,187.85518659442639
5509,Colin Bray,72,Rixensart,BEL,,8:12.3,Yes,M,492.3,123.075,187.7407338031423
5509,David Oates,58,,GBR,,8:12.3,Yes,M,492.3,123.075,187.7407338031423
5509,Malcolm Trice,67,,GBR,,8:12.3,Yes,M,492.3,123.075,187.7407338031423
5512,Austin Anderson,42,CO,USA,,8:12.4,Yes,M,492.4,123.1,187.6263739684368
5512,Mike Hooper,56,,GBR,,8:12.4,Yes,M,492.4,123.1,187.6263739684368
5514,Kurt Leukemans,64,,BEL,,8:12.5,Yes,M,492.5,123.125,187.5121069959569
5515,Arne ar,44,,NED,,8:12.6,Yes,M,492.6,123.15,187.39793279146437
5515,John Cooke,65,"Farnham, Surrey",GBR,,8:12.6,Yes,M,492.6,123.15,187.39793279146437
5517,Shawn Chambers,54,KY,USA,,8:12.7,Yes,M,492.7,123.175,187.2838512608361
5517,David LANE,66,TAUNTON,GBR,,8:12.7,Yes,M,492.7,123.175,187.2838512608361
5517,Patrick Laredo,63,Agen,FRA,Aviron Agenais,8:12.7,Yes,M,492.7,123.175,187.2838512608361
5517,Lee Nau,54,"SF Bay Area, CA",USA,,8:12.7,Yes,M,492.7,123.175,187.2838512608361
5521,Mark Bower,47,Doncaster,GBR,Empty the Tanks,8:12.8,Yes,M,492.8,123.2,187.169862310063
5521,Aurélien DUHAMEL,44,Baie-Mahault,GLP,,8:12.8,Yes,M,492.8,123.2,187.169862310063
5521,Alex Lautenschläger,57,Braunfels,GER,Million Meter Vikings,8:12.8,No,M,492.8,123.2,187.169862310063
5521,Danny Wheeler,52,,GBR,,8:12.8,No,M,492.8,123.2,187.169862310063
5525,Alden Phillips,14,"Atlanta, GA",USA,Allatoona Rowing Association,8:12.9,Race,M,492.9,123.225,187.0559658452509
5525,Dave Harding,67,,USA,,8:12.9,Yes,M,492.9,123.225,187.0559658452509
5525,Alan Looby,54,Cork,IRL,,8:12.9,Yes,M,492.9,123.225,187.0559658452509
5525,Ian Wortley,52,,IRL,,8:12.9,Yes,M,492.9,123.225,187.0559658452509
5525,David Heath,74,Newport,GBR,The Diamonds (Over Sixties Erging Group),8:12.9,No,M,492.9,123.225,187.0559658452509
5530,Si Brown,54,,GBR,,8:13.0,Yes,M,493.0,123.25,186.9421617726196
5530,Eoghan Whelan,56,Berlin,GER,,8:13.0,Yes,M,493.0,123.25,186.9421617726196
5530,KEN DOWDING,56,Bohola,IRL,,8:13.0,No,M,493.0,123.25,186.9421617726196
5533,David Bertsch,40,,AUT,,8:13.1,Yes,M,493.1,123.275,186.82844999850306
5533,Harald Kühn,56,Vienna,AUT,,8:13.1,Yes,M,493.1,123.275,186.82844999850306
5535,Patrick Ooi,51,Cambridge,GBR,Cambridge 99 Rowing Club,8:13.2,Yes,M,493.2,123.3,186.71483042934932
5535,Rob Shurety,61,Woodbridge,GBR,,8:13.2,Yes,M,493.2,123.3,186.71483042934932
5537,bro kim,49,,KOR,Geobukseon -「거북선」,8:13.3,Yes,M,493.3,123.325,186.6013029717198
5538,tim barber,54,,GBR,,8:13.4,Yes,M,493.4,123.35,186.48786753228995
5538,Timo Bauer,54,Heppenheim,GER,,8:13.4,Yes,M,493.4,123.35,186.48786753228995
5538,Amol Carvalho,28,,USA,,8:13.4,Yes,M,493.4,123.35,186.48786753228995
5538,Jan Sporstøl,61,Ski,NOR,,8:13.4,Yes,M,493.4,123.35,186.48786753228995
5538,Olav Kaspers,52,,NED,,8:13.4,No,M,493.4,123.35,186.48786753228995
5543,Rémy Dorland,41,,FRA,,8:13.5,Yes,M,493.5,123.375,186.3745240178483
5543,Zsolt Ruzsics,51,Maglód,HUN,Darkhorse Rowing,8:13.5,Yes,M,493.5,123.375,186.3745240178483
5545,Tyson Hoskins,28,"Calgary, AB",CAN,,8:13.6,Yes,M,493.6,123.4,186.2612723352969
5545,Nigel Swinscoe,59,Meggen,SUI,,8:13.6,Yes,M,493.6,123.4,186.2612723352969
5547,Colin Beacon,68,Hertford,GBR,Red Line Rowers,8:13.7,Yes,M,493.7,123.425,186.148112391651
5547,Paweł Lichtarski,39,NJ,USA,,8:13.7,Yes,M,493.7,123.425,186.148112391651
5547,David Nunn,68,,GBR,,8:13.7,Yes,M,493.7,123.425,186.148112391651
5547,Ryan Rocco,41,,USA,U.S. Army Veterans,8:13.7,Yes,M,493.7,123.425,186.148112391651
5547,titus midgley,64,"Sheridan lake resort, BC",CAN,The Diamonds (Over Sixties Erging Group),8:13.7,No,M,493.7,123.425,186.148112391651
5552,Fabian Bauer,33,,GER,,8:13.8,Yes,M,493.8,123.45,186.03504409403843
5552,Eugene G,37,,GBR,,8:13.8,Yes,M,493.8,123.45,186.03504409403843
5552,Fernando Parra,41,"Melbourne, VIC",AUS,,8:13.8,Yes,M,493.8,123.45,186.03504409403843
5555,Archibaldo Aranda,55,,MEX,,8:13.9,Yes,M,493.9,123.475,185.92206734970023
5555,Donald Hatfield,66,"Fulton, MD",USA,Virginia Polytechnic Institute and State University,8:13.9,Yes,M,493.9,123.475,185.92206734970023
5555,Gonçalo Monteiro,46,Lisboa,POR,,8:13.9,Yes,M,493.9,123.475,185.92206734970023
5555,Adam Tah,45,"Sydney, NSW",AUS,,8:13.9,Yes,M,493.9,123.475,185.92206734970023
5555,Chris Zangmeister,54,Washington DC,USA,,8:13.9,Yes,M,493.9,123.475,185.92206734970023
5555,Dennis Meik,43,,GER,,8:13.9,No,M,493.9,123.475,185.92206734970023
5561,Frédéric Harvey,59,"Saguenay, QC",CAN,,8:14.0,Yes,M,494.0,123.5,185.80918206598972
5561,Philipp Kretzschmar,37,Hamburg,GER,,8:14.0,No,M,494.0,123.5,185.80918206598972
5563,Roy Fenn,66,,GBR,,8:14.1,Yes,M,494.1,123.525,185.696388150373
5563,Santiago Fuentes,62,Mexico city,MEX,,8:14.1,Yes,M,494.1,123.525,185.696388150373
5563,A Geleijns,62,Oosterhout,NED,RV Breda,8:14.1,Yes,M,494.1,123.525,185.696388150373
5563,David Glassner,58,"Center Valley, PA",USA,,8:14.1,Yes,M,494.1,123.525,185.696388150373
5567,Chris Cumbers,77,,GBR,,8:14.2,Race,M,494.2,123.55,185.58368551042847
5567,Michael Klapthor,59,Geiselbach,GER,,8:14.2,Yes,M,494.2,123.55,185.58368551042847
5567,Adrian Mollenhorst,57,,AUS,,8:14.2,Yes,M,494.2,123.55,185.58368551042847
5567,Pieter Sennema,67,Oisterwijk,NED,,8:14.2,Yes,M,494.2,123.55,185.58368551042847
5567,Lee Smith,62,,USA,,8:14.2,Yes,M,494.2,123.55,185.58368551042847
5567,Walter Wang,53,,USA,,8:14.2,Yes,M,494.2,123.55,185.58368551042847
5573,Zakary McClelland,16,,USA,"Rochester Rowing Club, Minnesota",8:14.3,Race,M,494.3,123.575,185.47107405384634
5573,Alex Bloggert,48,,GER,,8:14.3,Yes,M,494.3,123.575,185.47107405384634
5573,Chad Calvetti,51,"Orlando, FL",USA,,8:14.3,Yes,M,494.3,123.575,185.47107405384634
5573,Colin McCallum,48,"Nowra, NSW",AUS,Royal Australian Navy,8:14.3,Yes,M,494.3,123.575,185.47107405384634
5573,Béla Vereckei,59,Budapest,HUN,,8:14.3,Yes,M,494.3,123.575,185.47107405384634
5578,George Caponas,59,NSW,AUS,The Diamonds (Over Sixties Erging Group),8:14.4,Yes,M,494.4,123.6,185.35855368842934
5578,Sven Krezdorn,47,,GER,,8:14.4,Yes,M,494.4,123.6,185.35855368842934
5578,Laurent Monnard,55,,FRA,,8:14.4,Yes,M,494.4,123.6,185.35855368842934
5581,Kaan Atalay,15,,GBR,,8:14.5,Yes,M,494.5,123.625,185.24612432209156
5581,Marc Reyes,40,"Fort Worth, TX",USA,,8:14.5,Yes,M,494.5,123.625,185.24612432209156
5581,Rob Strand,53,Leamington Spa,GBR,,8:14.5,No,M,494.5,123.625,185.24612432209156
5584,Tim Lee,53,Hanam,KOR,Geobukseon -「거북선」,8:14.6,Yes,M,494.6,123.65,185.1337858628591
5584,Kenny Low,47,Peterborough,GBR,Peterborough City Rowing Club - Peterborough (UK),8:14.6,Yes,M,494.6,123.65,185.1337858628591
5584,Martin Ruiz,61,"Topsey, TX",USA,Worry about yourself,8:14.6,Yes,M,494.6,123.65,185.1337858628591
5584,Robert Ajello,78,"Conway, MA",USA,ROARING BROOK IRC,8:14.6,No,M,494.6,123.65,185.1337858628591
5588,Joseph Koplin,73,"Kirkland, WA",USA,Sammamish Rowing,8:14.7,Yes,M,494.7,123.675,185.0215382188696
5588,Anthony Savignano,51,,USA,,8:14.7,Yes,M,494.7,123.675,185.0215382188696
5590,Chris Clapshaw,55,Trieste,ITA,,8:14.8,Yes,M,494.8,123.7,184.90938129837176
5590,Mick Compton,58,Evesham,GBR,RAF REGIMENT,8:14.8,Yes,M,494.8,123.7,184.90938129837176
5590,barry lockyer,74,wimborne dorset,GBR,Age Without Limits,8:14.8,Yes,M,494.8,123.7,184.90938129837176
5590,Steve Prince,53,"Grand Rapids, MI",USA,U.S. Army Veterans,8:14.8,Yes,M,494.8,123.7,184.90938129837176
5590,Bruce Carroll,64,"St. Marys, KS",USA,,8:14.8,No,M,494.8,123.7,184.90938129837176
5595,Mohamed Adel,43,Cairo,EGY,Egyptian Rowers,8:14.9,Yes,M,494.9,123.725,184.79731500972588
5595,Lyndsay Knight,77,Hibiscus Coast,NZL,Crazy Kiwis,8:14.9,Yes,M,494.9,123.725,184.79731500972588
5597,Darin Denman,55,,USA,,8:15.0,Yes,M,495.0,123.75,184.6853392614029
5597,Steve Rains,67,"Lansing, MI",USA,Team Diamonds,8:15.0,Yes,M,495.0,123.75,184.6853392614029
5597,Jasper Speleers,31,Aalter,BEL,,8:15.0,Yes,M,495.0,123.75,184.6853392614029
5597,Derrick Antoniak,43,,USA,Nebraska Army National Guard (NEARNG),8:15.0,No,M,495.0,123.75,184.6853392614029
5597,Wout Huijzer,60,,NED,,8:15.0,No,M,495.0,123.75,184.6853392614029
5597,Jeff Wilson,56,CO,USA,,8:15.0,No,M,495.0,123.75,184.6853392614029
5603,Walker Barbosa,16,,USA,"Rochester Rowing Club, Minnesota",8:15.1,Race,M,495.1,123.775,184.57345396198505
5603,Steve Butcher,60,,AUS,,8:15.1,Yes,M,495.1,123.775,184.57345396198505
5603,Mark Case,68,,USA,,8:15.1,Yes,M,495.1,123.775,184.57345396198505
5603,Jeroen Jeurissen,65,Heffingen,LUX,Age Without Limits,8:15.1,Yes,M,495.1,123.775,184.57345396198505
5603,Mogens H Møller,65,Grenaa,DEN,,8:15.1,Yes,M,495.1,123.775,184.57345396198505
5603,Martin Wolsing,48,Egebjerg,DEN,Silent Water Neufeld,8:15.1,Yes,M,495.1,123.775,184.57345396198505
5609,Jérôme Goret,45,Maubeuge,FRA,,8:15.2,Yes,M,495.2,123.8,184.46165902016523
5609,Peter Retallack,75,"Salt Spring Island, BC",CAN,,8:15.2,Yes,M,495.2,123.8,184.46165902016523
5609,Bernardo Rocamora Jr,33,"Seattle, WA",BRA,Green Lake Adult Crew,8:15.2,Yes,M,495.2,123.8,184.46165902016523
5609,COREY WALTERS,44,,CAN,,8:15.2,Yes,M,495.2,123.8,184.46165902016523
5609,Nick Whitehouse,36,,GBR,,8:15.2,No,M,495.2,123.8,184.46165902016523
5614,Cooper Hamel,15,MA,USA,,8:15.3,Yes,M,495.3,123.825,184.3499543447466
5614,David Hassett,57,"Brisbane, QLD",AUS,,8:15.3,Yes,M,495.3,123.825,184.3499543447466
5614,John Rothhaar,75,"Beulah, MI",USA,,8:15.3,Yes,M,495.3,123.825,184.3499543447466
5614,Patrick Rumpel,55,,GER,,8:15.3,Yes,M,495.3,123.825,184.3499543447466
5614,Shane Tanaka,41,,USA,,8:15.3,Yes,M,495.3,123.825,184.3499543447466
5619,Andrew Knox,51,,GBR,,8:15.4,Yes,M,495.4,123.85,184.2383398446432
5619,Eric Matthes,53,"Brevard, NC",USA,,8:15.4,Yes,M,495.4,123.85,184.2383398446432
5619,Ryan Nelson,51,KY,USA,,8:15.4,Yes,M,495.4,123.85,184.2383398446432
5619,Timothy Stewart,64,,USA,,8:15.4,Yes,M,495.4,123.85,184.2383398446432
5619,Taylor Thomas,38,,USA,,8:15.4,Yes,M,495.4,123.85,184.2383398446432
5624,Steve Lawson,65,Wigton,GBR,Royal Air Force (UK),8:15.5,No,M,495.5,123.875,184.12681542887896
5625,David Beaton,53,,GBR,,8:15.6,Yes,M,495.6,123.9,184.01538100658814
5625,Kester Emamdee,50,,TTO,,8:15.6,Yes,M,495.6,123.9,184.01538100658814
5625,Lee Harman,34,,GBR,,8:15.6,Yes,M,495.6,123.9,184.01538100658814
5625,Bill Kingsland,61,"Coquitlam, BC",CAN,,8:15.6,Yes,M,495.6,123.9,184.01538100658814
5625,Stuart Owens,47,,GBR,,8:15.6,Yes,M,495.6,123.9,184.01538100658814
5625,Charalampos Spanias,36,,GBR,,8:15.6,Yes,M,495.6,123.9,184.01538100658814
5631,Barry Charters,56,Bristol,GBR,,8:15.7,Yes,M,495.7,123.925,183.9040364870151
5631,Jon Edge,70,Bellshill,GBR,RowAlong,8:15.7,Yes,M,495.7,123.925,183.9040364870151
5631,Tomek Sarniak,44,Gliwice,POL,,8:15.7,Yes,M,495.7,123.925,183.9040364870151
5631,cangliang yang,53,xi' an,CHN,,8:15.7,Yes,M,495.7,123.925,183.9040364870151
5631,Ramon Abad,63,"East Setauket, NY",USA,,8:15.7,No,M,495.7,123.925,183.9040364870151
5631,Michael Hall,58,"Sydney, NSW",AUS,,8:15.7,No,M,495.7,123.925,183.9040364870151
5637,Malcolm Arnott,66,,GBR,The Diamonds (Over Sixties Erging Group),8:15.8,Yes,M,495.8,123.95,183.79278177951358
5637,Andrew McGeever,43,,GBR,,8:15.8,Yes,M,495.8,123.95,183.79278177951358
5637,Thibaud Miscoria,32,,FRA,,8:15.8,Yes,M,495.8,123.95,183.79278177951358
5637,Justin Simon,44,"Portland, MI",USA,,8:15.8,Yes,M,495.8,123.95,183.79278177951358
5637,Robert Simons,67,FL,USA,The Diamonds (Over Sixties Erging Group),8:15.8,Yes,M,495.8,123.95,183.79278177951358
5637,Chris Thomas,64,London,GBR,,8:15.8,Yes,M,495.8,123.95,183.79278177951358
5637,Bruce Harris,70,Salisbury,GBR,,8:15.8,No,M,495.8,123.95,183.79278177951358
5637,Diccon Lynes,55,Kingston Upon Thames,GBR,,8:15.8,No,M,495.8,123.95,183.79278177951358
5645,Jose Betancourt,32,"San Antonio , TX",USA,San Antonio Rowing Club,8:15.9,Yes,M,495.9,123.975,183.6816167935474
5645,Stephen Graham,63,Workington,GBR,,8:15.9,Yes,M,495.9,123.975,183.6816167935474
5645,Alex Scleparis,37,,GBR,,8:15.9,Yes,M,495.9,123.975,183.6816167935474
5645,Henry Kannapell,69,"Gainesville, GA",USA,Lake Lanier Rowing Club,8:15.9,No,M,495.9,123.975,183.6816167935474
5649,chris paraskevaides,65,"Pelham , NY",USA,Pelham Community Rowing Association,8:16.0,Yes,M,496.0,124.0,183.57054143868953
5649,Evaldas Simutis,52,,LTU,,8:16.0,Yes,M,496.0,124.0,183.57054143868953
5649,Marley Youngsam,31,,GBR,,8:16.0,Yes,M,496.0,124.0,183.57054143868953
5649,Stefan Strand,65,Göteborg,SWE,Free Spirits,8:16.0,No,M,496.0,124.0,183.57054143868953
5653,Matt Johnson,46,AB,CAN,,8:16.1,Yes,M,496.1,124.025,183.45955562462254
5653,Dan Roberts,51,,GBR,,8:16.1,Yes,M,496.1,124.025,183.45955562462254
5653,Jürgen Unfried,50,Vienna,AUT,RowAlong,8:16.1,Yes,M,496.1,124.025,183.45955562462254
5653,Earle McCoy,59,"Raleigh, NC",USA,Arizona Outlaws,8:16.1,No,M,496.1,124.025,183.45955562462254
5657,Thorsten Grösch,50,Heidelberg,GER,,8:16.2,Yes,M,496.2,124.05,183.34865926113827
5658,EVREN KUTLU,44,,TUR,Irish Defence Forces Rowing Team,8:16.3,Yes,M,496.3,124.075,183.23785225813708
5658,Paul Roberts,78,Epping,GBR,Free Spirits,8:16.3,Yes,M,496.3,124.075,183.23785225813708
5658,Pete Stott,47,"Pleasant Grove, UT",USA,,8:16.3,Yes,M,496.3,124.075,183.23785225813708
5658,James Whitelaw,22,,GBR,,8:16.3,Yes,M,496.3,124.075,183.23785225813708
5662,Doug Armer,59,Skipton,GBR,,8:16.4,Yes,M,496.4,124.1,183.12713452562892
5662,Adam Jozsef,37,,HUN,,8:16.4,Yes,M,496.4,124.1,183.12713452562892
5662,Jonathan Leeson,53,,GBR,,8:16.4,Yes,M,496.4,124.1,183.12713452562892
5665,Michael Smith,80,,GBR,,8:16.5,Race,M,496.5,124.125,183.01650597373177
5665,Jerome Gastambide,50,Punaauia,PYF,FRENCH INDOOR ROWERS TEAM,8:16.5,Yes,M,496.5,124.125,183.01650597373177
5665,Ryan Lelek,33,"Las Vegas, NV",USA,,8:16.5,Yes,M,496.5,124.125,183.01650597373177
5668,Brad Bogovich,50,,USA,,8:16.6,Yes,M,496.6,124.15,182.90596651267268
5668,Michael Seal,52,"Middletown , DE",USA,,8:16.6,Yes,M,496.6,124.15,182.90596651267268
5668,Marjan Skrobot,37,,LUX,,8:16.6,Yes,M,496.6,124.15,182.90596651267268
5668,Rochus Pronk,56,Wassenaar,NED,,8:16.6,No,M,496.6,124.15,182.90596651267268
5672,Jonathan Hawkin,59,,GBR,Hexham,8:16.7,Race,M,496.7,124.175,182.7955160527871
5672,Tyler Parris,38,"Fairhope, AL",USA,,8:16.7,Yes,M,496.7,124.175,182.7955160527871
5672,Joe Spilker,40,,USA,,8:16.7,Yes,M,496.7,124.175,182.7955160527871
5672,Gordon Sykes,48,,GBR,,8:16.7,Yes,M,496.7,124.175,182.7955160527871
5672,Ghislain Devouton,47,,USA,,8:16.7,No,M,496.7,124.175,182.7955160527871
5677,Simon Harp,58,Bridport,GBR,,8:16.8,Yes,M,496.8,124.2,182.68515450451835
5678,Jeff Hamilton,73,"Orlando , FL",USA,Orlando Rowing Club,8:16.9,Yes,M,496.9,124.225,182.57488177841836
5679,julien bouafia,45,,FRA,,8:17.0,Yes,M,497.0,124.25,182.46469778514657
5679,Jeff Campbell,57,,USA,,8:17.0,No,M,497.0,124.25,182.46469778514657
5679,Matt Croxford,56,VIC,AUS,,8:17.0,No,M,497.0,124.25,182.46469778514657
5679,Sam Johnson,38,"Colorado Springs, CO",USA,,8:17.0,No,M,497.0,124.25,182.46469778514657
5679,Philip Rosen,71,"Montreal, QC",CAN,,8:17.0,No,M,497.0,124.25,182.46469778514657
5684,Brett Nawrocki,31,VA,USA,,8:17.1,Yes,M,497.1,124.275,182.35460243547055
5685,Michael Judd,42,"Canning Vale, WA",AUS,,8:17.2,Yes,M,497.2,124.3,182.24459564026554
5685,Winston Luo,35,"Seattle, WA",USA,,8:17.2,Yes,M,497.2,124.3,182.24459564026554
5685,Kenny Mitchell,55,"Mechanicsville, VA",USA,,8:17.2,Yes,M,497.2,124.3,182.24459564026554
5688,Alan Beckwith,71,"Medfield, MA",USA,Rensselear Polytechnic Institute,8:17.3,Yes,M,497.3,124.325,182.134677310514
5688,Detlef Böhm,61,,GER,The Diamonds (Over Sixties Erging Group),8:17.3,Yes,M,497.3,124.325,182.134677310514
5688,Dick McKraken,53,,IRL,,8:17.3,Yes,M,497.3,124.325,182.134677310514
5688,Daniel Ragland,49,"Corning, NY",USA,Corning Community YMCA,8:17.3,Yes,M,497.3,124.325,182.134677310514
5688,Frank Volzer,53,Lohr,GER,,8:17.3,Yes,M,497.3,124.325,182.134677310514
5693,Thor Barabonoff,58,"Leduc, AB",CAN,,8:17.4,Yes,M,497.4,124.35,182.02484735730613
5693,Daniel Filan,31,,USA,,8:17.4,Yes,M,497.4,124.35,182.02484735730613
5693,Brian Hill,76,,GBR,,8:17.4,Yes,M,497.4,124.35,182.02484735730613
5693,Charles Lunati,62,VA,USA,Alexandria Community Rowing,8:17.4,Yes,M,497.4,124.35,182.02484735730613
5693,John Robson,50,,GBR,,8:17.4,Yes,M,497.4,124.35,182.02484735730613
5693,ben silver,38,,USA,Sufficio Est Excellentia,8:17.4,Yes,M,497.4,124.35,182.02484735730613
5699,Mark Fitzgerald,54,SA,AUS,,8:17.5,Yes,M,497.5,124.375,181.9151056918389
5699,Jimmy Lancaster,49,,USA,,8:17.5,Yes,M,497.5,124.375,181.9151056918389
5699,Mark Tilley,65,"Newbury, ON",CAN,,8:17.5,Yes,M,497.5,124.375,181.9151056918389
5699,Daniel Scholder,50,,SWE,,8:17.5,No,M,497.5,124.375,181.9151056918389
5703,Wayne Cook,65,,GBR,,8:17.6,Yes,M,497.6,124.4,181.8054522254167
5703,James H,48,,GBR,,8:17.6,Yes,M,497.6,124.4,181.8054522254167
5703,Allen H,61,,GER,Free Spirits,8:17.6,Yes,M,497.6,124.4,181.8054522254167
5703,Tony Jones,57,Aberystwyth,GBR,,8:17.6,Yes,M,497.6,124.4,181.8054522254167
5703,Kent Kreftmeyer,53,"Hermann, MO",USA,,8:17.6,No,M,497.6,124.4,181.8054522254167
5703,bentley skeie,60,"Canyon, TX",USA,The Diamonds (Over Sixties Erging Group),8:17.6,No,M,497.6,124.4,181.8054522254167
5709,Sam Mason,33,,USA,,8:17.7,Yes,M,497.7,124.425,181.69588686945082
5709,Nikita Slavin,35,,AIN,,8:17.7,Yes,M,497.7,124.425,181.69588686945082
5709,Conrad Stevenson,64,Essex,GBR,,8:17.7,Yes,M,497.7,124.425,181.69588686945082
5709,Tom Taylor,73,"Corvallis, OR",USA,Corvallis Rowing Club,8:17.7,Yes,M,497.7,124.425,181.69588686945082
5713,Craig McDonald,51,Cambridge,NZL,,8:17.8,Yes,M,497.8,124.45,181.58640953545893
5714,GS Grewal,64,,GBR,,8:17.9,Yes,M,497.9,124.475,181.47702013506577
5715,Antonio Castelo-Branco,25,,POR,,8:18.0,Yes,M,498.0,124.5,181.36771858000216
5715,Grant Furnberg,58,CA,USA,,8:18.0,Yes,M,498.0,124.5,181.36771858000216
5715,Andy Hamilton,58,,AUS,,8:18.0,Yes,M,498.0,124.5,181.36771858000216
5715,Jon Neposchlan,41,,USA,Happy Little Hug Factory,8:18.0,Yes,M,498.0,124.5,181.36771858000216
5715,Kasper Rasmussen,50,,DEN,,8:18.0,Yes,M,498.0,124.5,181.36771858000216
5715,alan wisniewski,73,Seaford,GBR,Free Spirits,8:18.0,No,M,498.0,124.5,181.36771858000216
5721,Erik B,30,,GER,,8:18.1,Yes,M,498.1,124.525,181.25850478210546
5721,François Bouteruche,44,,FRA,Boulogne 92,8:18.1,Yes,M,498.1,124.525,181.25850478210546
5721,Christian Chevrier,45,QC,CAN,,8:18.1,Yes,M,498.1,124.525,181.25850478210546
5721,Mark Heller,56,"Pittsburg, CA",USA,,8:18.1,Yes,M,498.1,124.525,181.25850478210546
5721,Logan Horstman,31,,USA,,8:18.1,Yes,M,498.1,124.525,181.25850478210546
5721,Jeff Pawlowski,64,"Gilbert, AZ",USA,,8:18.1,Yes,M,498.1,124.525,181.25850478210546
5721,Derek Richburg,40,"Virginia Beach, VA",USA,,8:18.1,Yes,M,498.1,124.525,181.25850478210546
5728,Mike Casey,70,"Fallbrook, CA",USA,Free Spirits,8:18.2,Yes,M,498.2,124.55,181.14937865331922
5728,Philippe Jacob,58,,BEL,,8:18.2,Yes,M,498.2,124.55,181.14937865331922
5728,Joe Keating,77,London,IRL,Paddy Power IRC,8:18.2,Yes,M,498.2,124.55,181.14937865331922
5728,Row Medic,39,,CAN,,8:18.2,Yes,M,498.2,124.55,181.14937865331922
5728,Jeremy Kiley,63,Swansea,GBR,,8:18.2,No,M,498.2,124.55,181.14937865331922
5728,Andi Morgan,66,Llawhaden,GBR,,8:18.2,No,M,498.2,124.55,181.14937865331922
5734,Duane Hayman,20,,MLT,Siġġiewi Rowing Club,8:18.3,Race,M,498.3,124.575,181.04034010569268
5734,Brent Baldwinson,66,"Port Moody, BC",CAN,Gravity Laboratory,8:18.3,Yes,M,498.3,124.575,181.04034010569268
5734,Olderico Cosyns,29,,AUT,,8:18.3,Yes,M,498.3,124.575,181.04034010569268
5734,Paul D. Miller,72,"Cookeville, TN",USA,Old and Get Out of Our Way,8:18.3,No,M,498.3,124.575,181.04034010569268
5738,Des Johnston,56,,GBR,Fitness Matters IRC,8:18.5,Race,M,498.5,124.625,180.82252540264614
5738,Egon Blom,48,Vleuten,NED,,8:18.5,Yes,M,498.5,124.625,180.82252540264614
5738,Damian Ruiz Limonta,40,San Juan,PUR,,8:18.5,Yes,M,498.5,124.625,180.82252540264614
5741,John Gumm,31,AZ,USA,reddit /r/ rowing,8:18.6,Yes,M,498.6,124.65,180.71374907185358
5741,Ian Whyles,73,Ellesmere,GBR,The Diamonds (Over Sixties Erging Group),8:18.6,Yes,M,498.6,124.65,180.71374907185358
5743,Andrei Ivanov,44,Bishkek,KGZ,,8:18.7,Yes,M,498.7,124.675,180.60505997147584
5743,Thomas Randell,38,,GBR,,8:18.7,Yes,M,498.7,124.675,180.60505997147584
5745,Paul Appleton,66,,GBR,,8:18.8,Yes,M,498.8,124.7,180.49645801408997
5745,Steffen Augner,32,,GER,,8:18.8,Yes,M,498.8,124.7,180.49645801408997
5745,Serhat Kocak,42,,TUR,,8:18.8,Yes,M,498.8,124.7,180.49645801408997
5745,David A Jacobs,63,"Moorpark, CA",USA,Ramming Speed,8:18.8,No,M,498.8,124.7,180.49645801408997
5745,Frans Klarenbeek,69,Alkmaar,NED,,8:18.8,No,M,498.8,124.7,180.49645801408997
5750,Peter McGee,68,"Sydney , NSW",AUS,University of Sydney,8:18.9,Yes,M,498.9,124.725,180.38794311237857
5750,Tim Meyer,61,"Folsom, CA",USA,TEAM MELALEUCA,8:18.9,Yes,M,498.9,124.725,180.38794311237857
5750,Jason Wilt,45,,USA,,8:18.9,Yes,M,498.9,124.725,180.38794311237857
5753,Jean-Marie Bourgeois,68,,FRA,The Diamonds (Over Sixties Erging Group),8:19.0,Yes,M,499.0,124.75,180.27951517912874
5753,Morgan C,48,,AUS,,8:19.0,Yes,M,499.0,124.75,180.27951517912874
5753,Jan Cikanek,45,,CZE,,8:19.0,Yes,M,499.0,124.75,180.27951517912874
5753,Marco Corroto,65,"Delaware, OH-IO, OH",USA,,8:19.0,Yes,M,499.0,124.75,180.27951517912874
5753,Andy Dawson,49,Valencia,ESP,,8:19.0,Yes,M,499.0,124.75,180.27951517912874
5758,Richard Jeremy,46,,GBR,Marlow,8:19.1,Race,M,499.1,124.775,180.17117412723277
5758,Mihovil Corak,38,,SUI,,8:19.1,Yes,M,499.1,124.775,180.17117412723277
5758,Marco Costantini,57,,ITA,,8:19.1,Yes,M,499.1,124.775,180.17117412723277
5761,Juan Pablo Faugier,39,Guatemala,GUA,,8:19.2,Yes,M,499.2,124.8,180.06291986968765
5761,Kent Gikas,72,"Pebble Beach, CA",USA,,8:19.2,Yes,M,499.2,124.8,180.06291986968765
5761,Robert Herron,60,,USA,,8:19.2,Yes,M,499.2,124.8,180.06291986968765
5764,James Brenton,61,Cambridge,GBR,The Diamonds (Over Sixties Erging Group),8:19.3,Yes,M,499.3,124.825,179.95475231959446
5764,Markus Hunner,44,Ingolstadt,GER,,8:19.3,Yes,M,499.3,124.825,179.95475231959446
5764,Luc L,35,,FRA,,8:19.3,Yes,M,499.3,124.825,179.95475231959446
5764,Jules Van de Pas,65,"Highlands Ranch , CO",USA,The Diamonds (Over Sixties Erging Group),8:19.3,Yes,M,499.3,124.825,179.95475231959446
5768,Jay I,43,,AUS,,8:19.4,Yes,M,499.4,124.85,179.84667139015926
5768,Stephen Skillman,67,,SUI,,8:19.4,Yes,M,499.4,124.85,179.84667139015926
5770,Will Lytle,58,"French Creek, PA",USA,,8:19.5,Yes,M,499.5,124.875,179.73867699469176
5770,Fabian Martin,29,,GER,,8:19.5,Yes,M,499.5,124.875,179.73867699469176
5770,Shane Usher,50,"Melbourne, VIC",AUS,Melbourne University,8:19.5,Yes,M,499.5,124.875,179.73867699469176
5773,Keith Anderson,59,,GBR,,8:19.6,Yes,M,499.6,124.9,179.6307690466062
5773,LAISE Christophe_CAP MARARA TAHITI,60,Papeete,PYF,FRENCH INDOOR ROWERS TEAM,8:19.6,Yes,M,499.6,124.9,179.6307690466062
5773,Jan Hruska,52,Leigh on Sea,GBR,Red Line Rowers,8:19.6,Yes,M,499.6,124.9,179.6307690466062
5773,Mike James,72,Wrexham,GBR,Rex BC,8:19.6,Yes,M,499.6,124.9,179.6307690466062
5773,Mike Beddoe,51,Cardiff,GBR,RowAlong,8:19.6,No,M,499.6,124.9,179.6307690466062
5773,Göran Töyrä,75,,SWE,,8:19.6,No,M,499.6,124.9,179.6307690466062
5779,Toon de Kleine,65,Enschede,NED,,8:19.7,Yes,M,499.7,124.925,179.52294745942066
5779,Oisin Goulding,43,,IRL,,8:19.7,Yes,M,499.7,124.925,179.52294745942066
5779,Søren Nielsen,44,,DEN,,8:19.7,Yes,M,499.7,124.925,179.52294745942066
5779,Robert Sander,50,,GER,Turngemeinde in Berlin 1848 e.V.,8:19.7,Yes,M,499.7,124.925,179.52294745942066
5783,João Cóias,37,,POR,,8:19.8,Yes,M,499.8,124.95,179.4152121467568
5783,Mark Crowther,65,Orebro,SWE,,8:19.8,Yes,M,499.8,124.95,179.4152121467568
5783,Ian Watt,65,Shirenewton,GBR,,8:19.8,Yes,M,499.8,124.95,179.4152121467568
5783,Sébastien Yardin,42,,FRA,,8:19.8,Yes,M,499.8,124.95,179.4152121467568
5787,Duncan Exon Smith,43,,CAN,,8:19.9,Yes,M,499.9,124.975,179.30756302234033
5787,Will Hutcheson,46,"Toronto, ON",CAN,Team Canada,8:19.9,Yes,M,499.9,124.975,179.30756302234033
5787,Enric Salesa Isart,58,Barcelona,ESP,Reial Club Maritim Barcelona,8:19.9,Yes,M,499.9,124.975,179.30756302234033
5787,Jeremy Webb,54,Southampton,GBR,Langstone Cutters Gig Club,8:19.9,Yes,M,499.9,124.975,179.30756302234033
5791,Tim Hughes,50,Paphos,GBR,,8:20.0,Yes,M,500.0,125.0,179.2
5791,Lowell K,53,TX,USA,,8:20.0,Yes,M,500.0,125.0,179.2
5791,Martin Poulsen,58,Præstø,DEN,RowPro Rowers,8:20.0,No,M,500.0,125.0,179.2
5791,James Reitmaier,35,,AUS,,8:20.0,No,M,500.0,125.0,179.2
5795,Chandan Devireddy,52,"Atlanta, GA",USA,Physiovation Wellness Center,8:20.1,Race,M,500.1,125.025,179.0925229936683
5795,Garfield Pretorius,39,,RSA,Rowing for Beer,8:20.1,Yes,M,500.1,125.025,179.0925229936683
5795,Steffen Schuy,50,,GER,,8:20.1,Yes,M,500.1,125.025,179.0925229936683
5798,Michael Ortiz,49,"Sunnyvale, CA",USA,MasonRowers,8:20.2,Yes,M,500.2,125.05,178.98513191738076
5798,Ian Warke,68,,GBR,,8:20.2,Yes,M,500.2,125.05,178.98513191738076
5800,Eli Ben-Naim,59,"White Rock, NM",USA,,8:20.3,Yes,M,500.3,125.075,178.8778266852761
5801,frank mackay,62,wormit,GBR,RowAlong,8:20.4,Yes,M,500.4,125.1,178.7706072115958
5801,Jonathan Rosner,45,,USA,,8:20.4,Yes,M,500.4,125.1,178.7706072115958
5801,Nick Goodwin,63,Bewdley,GBR,,8:20.4,No,M,500.4,125.1,178.7706072115958
5804,Jamie Leite,57,"Toronto, ON",CAN,,8:20.5,Yes,M,500.5,125.125,178.66347341068428
5804,Glenn P,66,,GBR,,8:20.5,Yes,M,500.5,125.125,178.66347341068428
5804,Taylor Shipe,35,DE,USA,,8:20.5,Yes,M,500.5,125.125,178.66347341068428
5807,John Kuntz,63,"Charlotte , NC",USA,,8:20.7,Yes,M,500.7,125.175,178.44946248505798
5807,Daniel Chabr,36,,CZE,Free Spirits,8:20.7,No,M,500.7,125.175,178.44946248505798
5809,Gary Finlayson,59,MA,USA,,8:20.8,Yes,M,500.8,125.2,178.34258518954468
5809,James Holmes-Siedle,62,London,GBR,"Putney Town Rowing Club (London,UK)",8:20.8,Yes,M,500.8,125.2,178.34258518954468
5809,Mike Sachse,78,"Jackson, NH",USA,,8:20.8,Yes,M,500.8,125.2,178.34258518954468
5812,Alistair Coatsworth,49,,NZL,,8:20.9,Yes,M,500.9,125.225,178.2357932252026
5812,Joakim Söderqvist,48,Arboga,SWE,Swedish Armed Forces,8:20.9,Yes,M,500.9,125.225,178.2357932252026
5812,James Pascall,51,Dover,GBR,Royal Navy Veterans,8:20.9,No,M,500.9,125.225,178.2357932252026
5812,Joseph Toussaint,55,"Lansdale, PA",USA,,8:20.9,No,M,500.9,125.225,178.2357932252026
5816,Dan Dewitt,59,MI,USA,U.S. Navy,8:21.0,Yes,M,501.0,125.25,178.12908650688792
5816,Andy Larkin,41,Karachi,PAK,Karachi Boat Club,8:21.0,Yes,M,501.0,125.25,178.12908650688792
5816,Tom Moran,68,"Ripton, VT",USA,,8:21.0,Yes,M,501.0,125.25,178.12908650688792
5816,Mark Neel,60,,GER,,8:21.0,Yes,M,501.0,125.25,178.12908650688792
5816,Benjamin Robinson,48,"Baltimore, MD",USA,,8:21.0,Yes,M,501.0,125.25,178.12908650688792
5816,Bob Milnes,65,Loughton,GBR,Royal Navy Veterans,8:21.0,No,M,501.0,125.25,178.12908650688792
5822,Jon Marsden,52,,GBR,Falcon Rowing Club,8:21.1,Race,M,501.1,125.275,178.02246494955864
5822,Aram Hernandez Parra,43,,CRC,,8:21.1,Yes,M,501.1,125.275,178.02246494955864
5824,Luke Norris,44,QLD,AUS,,8:21.2,Yes,M,501.2,125.3,177.91592846827473
5825,Paolo Bramucci,68,"Montréal, QC",CAN,Team Diamonds,8:21.3,Yes,M,501.3,125.325,177.8094769781976
5825,marcos grande,67,CA,USA,,8:21.3,Yes,M,501.3,125.325,177.8094769781976
5825,David Hayward,76,Guildford,GBR,The Diamonds (Over Sixties Erging Group),8:21.3,Yes,M,501.3,125.325,177.8094769781976
5825,Ian Henderson,60,,GBR,,8:21.3,Yes,M,501.3,125.325,177.8094769781976
5825,Geoffrey Pierson,30,"Huntington Beach , CA",USA,Humboldt State University,8:21.3,Yes,M,501.3,125.325,177.8094769781976
5825,John Sisk,69,"Brookline, MA",USA,Riverside Boat Club,8:21.3,No,M,501.3,125.325,177.8094769781976
5831,Thomas Koger,74,,USA,,8:21.4,Yes,M,501.4,125.35,177.7031103945903
5831,Sam Moeller,33,"Little Silver, NJ",USA,,8:21.4,Yes,M,501.4,125.35,177.7031103945903
5831,Sheldon Noel,45,,GRN,,8:21.4,Yes,M,501.4,125.35,177.7031103945903
5831,Gareth Rees,60,Aberteifi,GBR,,8:21.4,Yes,M,501.4,125.35,177.7031103945903
5835,Billy Cao,40,,USA,,8:21.5,Yes,M,501.5,125.375,177.59682863281722
5836,Christopher Bartelt,48,"Louisville, KY",USA,US Navy Veteran,8:21.6,Yes,M,501.6,125.4,177.49063160834382
5836,Mike Bennett,40,"Dayton, OH",USA,,8:21.6,Yes,M,501.6,125.4,177.49063160834382
5836,Joe McCarthy,69,"Montpelier , VT",USA,"Green Mountain CrossFit, Berlin, Vermont",8:21.6,Yes,M,501.6,125.4,177.49063160834382
5836,Peter Wakelin,65,"Barnstaple, North Devon.",GBR,Retired Royal Air Force (UK),8:21.6,No,M,501.6,125.4,177.49063160834382
5840,Brad Porter,48,,AUS,,8:21.7,Yes,M,501.7,125.425,177.38451923673696
5841,James Clarke,58,Sheffield,GBR,Fitness Matters,8:21.8,Yes,M,501.8,125.45,177.27849143366416
5841,Manas Nain,19,,IND,,8:21.8,No,M,501.8,125.45,177.27849143366416
5843,Tom Flück,50,Gurbrü,SUI,,8:21.9,Yes,M,501.9,125.475,177.1725481148938
5843,Barton Scotland,53,MI,USA,,8:21.9,Yes,M,501.9,125.475,177.1725481148938
5843,Kev T,49,,AUS,,8:21.9,Yes,M,501.9,125.475,177.1725481148938
5843,Oliver Wirth,57,Peine,GER,,8:21.9,Yes,M,501.9,125.475,177.1725481148938
5847,Peter Leach,67,"Houston, TX",USA,,8:22.0,Yes,M,502.0,125.5,177.0666891962949
5847,Scott Packard,51,MA,USA,,8:22.0,Yes,M,502.0,125.5,177.0666891962949
5847,mingchao yan,36,Hangzhou,CHN,,8:22.0,Yes,M,502.0,125.5,177.0666891962949
5847,ROY MAGRO,68,RAMSGATE,GBR,,8:22.0,No,M,502.0,125.5,177.0666891962949
5847,Jean marc Vie,56,,FRA,,8:22.0,No,M,502.0,125.5,177.0666891962949
5852,Michael Caplice,66,,IRL,,8:22.1,Yes,M,502.1,125.525,176.9609145938371
5852,Nicholas Forbes,78,Noordhoek,RSA,,8:22.1,Yes,M,502.1,125.525,176.9609145938371
5852,Simon Sharp,53,,GBR,,8:22.1,Yes,M,502.1,125.525,176.9609145938371
5855,Anthony S,48,,FRA,,8:22.3,Yes,M,502.3,125.575,176.74961800172466
5855,Rick Szerminski,48,"Barrie, ON",CAN,,8:22.3,Yes,M,502.3,125.575,176.74961800172466
5855,Gary Karl,72,"North Myrtle Beach , SC",USA,,8:22.3,No,M,502.3,125.575,176.74961800172466
5855,Bob Proctor,61,Northern Ireland,GBR,,8:22.3,No,M,502.3,125.575,176.74961800172466
5859,Günter Döller,60,Mahrersdorf,AUT,Silent Water Neufeld,8:22.4,Yes,M,502.4,125.6,176.64409584451045
5859,Todd Kaminsky,46,"Pompton Plains , NJ",USA,RowAlong,8:22.4,Yes,M,502.4,125.6,176.64409584451045
5861,Liam Mac Gillavry,39,Breda,NED,,8:22.5,Yes,M,502.5,125.625,176.53865766831794
5861,Al Bourne,60,,GBR,,8:22.5,No,M,502.5,125.625,176.53865766831794
5861,Tor Johansen,67,Hemnes,NOR,,8:22.5,No,M,502.5,125.625,176.53865766831794
5864,S J,65,Vienna,AUT,The Diamonds (Over Sixties Erging Group),8:22.6,Yes,M,502.6,125.65,176.433303389617
5864,Eduardo Jacob,60,,GBR,,8:22.6,Yes,M,502.6,125.65,176.433303389617
5866,Matthew Leisure,21,,USA,St Cloud State Rowing Club,8:22.7,Race,M,502.7,125.675,176.32803292497766
5866,Joe Oliver,72,Hamilton,USA,The Diamonds (Over Sixties Erging Group),8:22.7,Yes,M,502.7,125.675,176.32803292497766
5868,Chun Tat Lee,37,,SGP,,8:22.8,Yes,M,502.8,125.7,176.222846191069
5868,Brandon Pulley,39,,USA,,8:22.8,Yes,M,502.8,125.7,176.222846191069
5870,James D,30,,AUS,,8:22.9,Yes,M,502.9,125.725,176.11774310465967
5870,Stephen Pettyfer,62,London,GBR,Victoria City Rowing Club,8:22.9,Yes,M,502.9,125.725,176.11774310465967
5870,Chris Field,70,High Wycombe,GBR,,8:22.9,No,M,502.9,125.725,176.11774310465967
5873,Mark McAllister,45,ME,USA,"Megunticook Rowing Club, Camden, ME",8:23.0,No,M,503.0,125.75,176.01272358261764
5873,Gene Towle,66,Mexico City,MEX,Cornell University,8:23.0,No,M,503.0,125.75,176.01272358261764
5875,Marek Matuszczyk,46,Rybnik,POL,,8:23.1,Yes,M,503.1,125.775,175.90778754190995
5875,Ioannis Papadopoulos,62,,SWE,,8:23.1,Yes,M,503.1,125.775,175.90778754190995
5875,David Womersley,72,,GBR,The Diamonds (Over Sixties Erging Group),8:23.1,Yes,M,503.1,125.775,175.90778754190995
5878,Stephen Burke,72,,AUS,,8:23.2,Yes,M,503.2,125.8,175.8029348996026
5878,JC Cross,52,FL,USA,USAF Retired,8:23.2,Yes,M,503.2,125.8,175.8029348996026
5878,Stephen Jupp,61,"Ridgefield, CT",USA,,8:23.2,Yes,M,503.2,125.8,175.8029348996026
5878,Andrew Ryan,57,"Mclaren Flat, SA",AUS,,8:23.2,Yes,M,503.2,125.8,175.8029348996026
5878,jacob salby,51,frederikshavn,DEN,,8:23.2,Yes,M,503.2,125.8,175.8029348996026
5883,Jeff Mayhugh,44,,USA,,8:23.3,Yes,M,503.3,125.825,175.69816557286052
5883,Vineet Singh,41,,USA,,8:23.3,Yes,M,503.3,125.825,175.69816557286052
5885,Daniel Carmody,38,,USA,,8:23.4,Yes,M,503.4,125.85,175.59347947894724
5885,Nils Persson,51,,GBR,,8:23.4,Yes,M,503.4,125.85,175.59347947894724
5885,Paul Dennis,58,Bristol,GBR,,8:23.4,No,M,503.4,125.85,175.59347947894724
5885,John Scheuer,62,,USA,,8:23.4,No,M,503.4,125.85,175.59347947894724
5889,B C,41,Malmö,SWE,,8:23.5,Yes,M,503.5,125.875,175.488876535225
5889,Andres Carvajal,45,,USA,,8:23.5,Yes,M,503.5,125.875,175.488876535225
5889,Rick Taylor,68,Cadoxton,GBR,,8:23.5,Yes,M,503.5,125.875,175.488876535225
5889,Kevin Baker,69,Fox Glacier,NZL,,8:23.5,No,M,503.5,125.875,175.488876535225
5889,Keith Martin,52,"Jacksonville, FL",USA,Jacksonville Rowing Club,8:23.5,No,M,503.5,125.875,175.488876535225
5894,Thomas Heine,38,,GER,,8:23.6,Yes,M,503.6,125.9,175.38435665915424
5894,Nigel Snaith,65,Caversham,GBR,Reading Rowing Club (UK),8:23.6,Yes,M,503.6,125.9,175.38435665915424
5896,Gregory Gandy,65,"Colorado Springs , CO",USA,,8:23.7,Yes,M,503.7,125.925,175.27991976829406
5896,Mike McGivern,55,"Tampa, FL",USA,U.S. Air Force,8:23.7,Yes,M,503.7,125.925,175.27991976829406
5896,Knut Erik Vold,57,,NOR,,8:23.7,Yes,M,503.7,125.925,175.27991976829406
5896,Richard Herbert,57,"Plymouth, MI",USA,,8:23.7,No,M,503.7,125.925,175.27991976829406
5900,Michael Davey,48,,NZL,,8:23.8,Yes,M,503.8,125.95,175.1755657803015
5900,Sandor Horvath,42,,HUN,,8:23.8,Yes,M,503.8,125.95,175.1755657803015
5900,Philip Lacey,72,"St Petersburg, FL",USA,The Diamonds (Over Sixties Erging Group),8:23.8,Yes,M,503.8,125.95,175.1755657803015
5900,Sven Reisbach,47,,GER,,8:23.8,Yes,M,503.8,125.95,175.1755657803015
5900,Michael Weigold,31,,GER,,8:23.8,Yes,M,503.8,125.95,175.1755657803015
5905,Nicholas Hall,54,Cambridge,GBR,,8:23.9,Yes,M,503.9,125.975,175.0712946129316
5905,Tim Samreth,34,,GBR,,8:23.9,Yes,M,503.9,125.975,175.0712946129316
5907,Michael Bødker,56,,DEN,,8:24.0,No,M,504.0,126.0,174.9671061840374
5907,Per Hammarlund,59,"Sunnyvale, CA",SWE,,8:24.0,No,M,504.0,126.0,174.9671061840374
5907,Don Pawluk,58,"Spokane, WA",USA,,8:24.0,No,M,504.0,126.0,174.9671061840374
5910,Philip Harrison,59,,GBR,,8:24.1,Yes,M,504.1,126.025,174.86300041156954
5911,Dean Barry,61,Brentwood,GBR,,8:24.2,Yes,M,504.2,126.05,174.7589772135765
5911,Ian Dunn,59,Reading,GBR,Inspired by Ripley,8:24.2,Yes,M,504.2,126.05,174.7589772135765
5913,Martin Zimmerli,65,Frauenfeld,SUI,The Diamonds (Over Sixties Erging Group),8:24.4,No,M,504.4,126.1,174.55117821369535
5914,Michal Schvalb,41,Presov,SVK,,8:24.5,Yes,M,504.5,126.125,174.44740224839092
5914,Marcus Watts,52,Bristol,GBR,,8:24.5,Yes,M,504.5,126.125,174.44740224839092
5916,Angelo Calcagno,58,,ITA,,8:24.6,Yes,M,504.6,126.15,174.343708530728
5916,Gero Doose,43,,GER,,8:24.6,Yes,M,504.6,126.15,174.343708530728
5918,Ken Noble,77,Newark on Trent,GBR,RowAlong,8:24.7,Yes,M,504.7,126.175,174.2400969792414
5918,Barry Stewart,54,,AUS,,8:24.7,Yes,M,504.7,126.175,174.2400969792414
5920,Mark McCrossin,58,,AUS,,8:24.8,Race,M,504.8,126.2,174.13656751256212
5920,Ben Fitzwater,39,,USA,,8:24.8,Yes,M,504.8,126.2,174.13656751256212
5920,Norbert Koch,55,,GER,,8:24.8,Yes,M,504.8,126.2,174.13656751256212
5920,Jayson Martin,33,"Phoenix, AZ",USA,,8:24.8,Yes,M,504.8,126.2,174.13656751256212
5920,Alexander Nagy,53,Prague,CZE,Visegrad Group Rowers,8:24.8,Yes,M,504.8,126.2,174.13656751256212
5920,Phil Pollard,59,"Pershore, Worcs, UK",GBR,Fitness Matters,8:24.8,Yes,M,504.8,126.2,174.13656751256212
5920,Mark Spearpoint,53,"NORTH MALENY, QLD",AUS,,8:24.8,Yes,M,504.8,126.2,174.13656751256212
5927,Jf Hillion,65,Tours,FRA,RowPro Rowers,8:24.9,Yes,M,504.9,126.225,174.03312004941813
5927,Conor Mills,42,,GBR,,8:24.9,No,M,504.9,126.225,174.03312004941813
5929,Peter Bonello,27,,MLT,Siġġiewi Rowing Club,8:25.0,Race,M,505.0,126.25,173.92975450863386
5929,Joseph Nemia,66,,USA,,8:25.0,Yes,M,505.0,126.25,173.92975450863386
5929,William Swiernik,62,"Mountville, PA",USA,Age Without Limits,8:25.0,Yes,M,505.0,126.25,173.92975450863386
5929,john healy,56,,IRL,,8:25.0,No,M,505.0,126.25,173.92975450863386
5929,John Hughes,66,Hampshire,GBR,Royal Navy Veterans,8:25.0,No,M,505.0,126.25,173.92975450863386
5934,Brock Beaulieu,22,,USA,,8:25.1,Yes,M,505.1,126.275,173.82647080913023
5934,Michael Jones,52,"Miramar, FL",USA,RowAlong,8:25.1,Yes,M,505.1,126.275,173.82647080913023
5934,James Koury,71,"North Las Vegas, NV",USA,The Diamonds (Over Sixties Erging Group),8:25.1,Yes,M,505.1,126.275,173.82647080913023
5937,Gene Hannon,55,"Fresno, CA",USA,,8:25.2,Yes,M,505.2,126.3,173.72326886992437
5937,John Sabaka,44,"Rockford, IL",USA,,8:25.2,Yes,M,505.2,126.3,173.72326886992437
5937,Josh Pirt,46,SUFFOLK,GBR,Royal Air Force (UK),8:25.2,No,M,505.2,126.3,173.72326886992437
5940,Ragnar Karlsson,46,,GBR,,8:25.3,Yes,M,505.3,126.325,173.62014861012946
5940,Greg Smith,71,"Columbia Cross Roads, PA",USA,Hiawatha Island Boat Club,8:25.3,Yes,M,505.3,126.325,173.62014861012946
5942,David Clifford,59,Aldershot,GBR,,8:25.4,Yes,M,505.4,126.35,173.51710994895495
5942,Simon Gardner,68,BRISTOL,GBR,,8:25.4,Yes,M,505.4,126.35,173.51710994895495
5942,Ernie Ginter,72,"Brookhaven, GA",USA,,8:25.4,Yes,M,505.4,126.35,173.51710994895495
5942,JJ H,47,,GBR,,8:25.4,Yes,M,505.4,126.35,173.51710994895495
5942,Richard Kowalkowski,44,,GBR,,8:25.4,Yes,M,505.4,126.35,173.51710994895495
5942,Leo van Koppen,73,NAALDWIJK,NED,,8:25.4,Yes,M,505.4,126.35,173.51710994895495
5942,Neil Barnard,68,London,GBR,,8:25.4,No,M,505.4,126.35,173.51710994895495
5942,Travis Peet,40,"Fremantle, WA",AUS,Australia,8:25.4,No,M,505.4,126.35,173.51710994895495
5950,Steve Fraser,60,,GBR,,8:25.5,Yes,M,505.5,126.375,173.41415280570592
5950,Mike Taylor,76,Northampton,GBR,The Diamonds (Over Sixties Erging Group),8:25.5,No,M,505.5,126.375,173.41415280570592
5952,B Hamit,57,"Eltham , VIC",AUS,,8:25.6,Yes,M,505.6,126.4,173.31127709978313
5952,Sebastien Merceron,43,,FRA,,8:25.6,Yes,M,505.6,126.4,173.31127709978313
5952,Telmo Pereira,47,Maia,POR,,8:25.6,Yes,M,505.6,126.4,173.31127709978313
5952,Daniel Quartey,49,Isleworth,GBR,,8:25.6,Yes,M,505.6,126.4,173.31127709978313
5952,Keith Thornell,49,,USA,U.S. Marines,8:25.6,Yes,M,505.6,126.4,173.31127709978313
5952,Luc Van Schoor,59,,BEL,,8:25.6,Yes,M,505.6,126.4,173.31127709978313
5958,Steve Booth,61,"Rydal, PA",USA,,8:25.7,Yes,M,505.7,126.425,173.20848275068334
5958,Armand Doms,35,,AUT,,8:25.7,Yes,M,505.7,126.425,173.20848275068334
5958,Irwin Fairclough,70,Newbury,GBR,,8:25.7,Yes,M,505.7,126.425,173.20848275068334
5958,Bob Gunther,76,"Fort Collins, CO",USA,,8:25.7,Yes,M,505.7,126.425,173.20848275068334
5958,Scott Kauffman,61,"Haw River, NC",USA,,8:25.7,Yes,M,505.7,126.425,173.20848275068334
5958,Bobby Kennedy,64,"Trenton, GA",USA,,8:25.7,Yes,M,505.7,126.425,173.20848275068334
5958,Anton Panaitesco,46,"Montreal, QC",CAN,Chia seeds,8:25.7,Yes,M,505.7,126.425,173.20848275068334
5965,Benny Bonner,40,,IRL,,8:25.9,Yes,M,505.9,126.475,173.00313780141593
5965,Dang Khoa Bui,47,,FRA,,8:25.9,Yes,M,505.9,126.475,173.00313780141593
5965,Vincent Hsu,57,"Orlando, FL",USA,,8:25.9,Yes,M,505.9,126.475,173.00313780141593
5965,Kim Strange,62,,DEN,,8:25.9,Yes,M,505.9,126.475,173.00313780141593
5965,Bernd Wille,72,Eckental,GER,,8:25.9,Yes,M,505.9,126.475,173.00313780141593
5965,john goodwin,73,"Toronto, ON",CAN,The Diamonds (Over Sixties Erging Group),8:25.9,No,M,505.9,126.475,173.00313780141593
5971,Helge Andreasen,59,,DEN,,8:26.0,Yes,M,506.0,126.5,172.90058704071814
5972,Paul D,33,,USA,RowAlong,8:26.1,Yes,M,506.1,126.525,172.79811731578275
5972,Bill Hattersley,65,,GBR,,8:26.1,Yes,M,506.1,126.525,172.79811731578275
5972,Al Moorcroft,55,,GBR,,8:26.1,Yes,M,506.1,126.525,172.79811731578275
5972,Paul Morris,73,Keighley,GBR,,8:26.1,No,M,506.1,126.525,172.79811731578275
5976,Craig Conti,78,"Harwich Port, MA",USA,Cape Cod Masters Rowing,8:26.2,Yes,M,506.2,126.55,172.69572854658244
5977,Ian Barnes,55,Manchester,GBR,LUNA-TICS,8:26.3,Yes,M,506.3,126.575,172.59342065318452
5977,Alan Farrance,75,Hemel Hempstead,GBR,The Diamonds (Over Sixties Erging Group),8:26.3,Yes,M,506.3,126.575,172.59342065318452
5977,Laurent Lacombe,60,Céret,FRA,,8:26.3,Yes,M,506.3,126.575,172.59342065318452
5977,James Low,37,"Kansas City, MO",USA,,8:26.3,Yes,M,506.3,126.575,172.59342065318452
5977,Darren Wade,55,SC,USA,,8:26.3,Yes,M,506.3,126.575,172.59342065318452
5977,Max Wilson,42,Nottingham,GBR,Nottingham & Union Rowing Club,8:26.3,Yes,M,506.3,126.575,172.59342065318452
5983,Philip Broughton,39,,GBR,,8:26.4,Yes,M,506.4,126.6,172.49119355575112
5983,Nathan Bull,46,,USA,,8:26.4,Yes,M,506.4,126.6,172.49119355575112
5983,Rob Cooke,58,"Whitehorse , YT",CAN,Royal Navy Veterans,8:26.4,Yes,M,506.4,126.6,172.49119355575112
5983,Gordon Cooper,56,Glossop,GBR,,8:26.4,Yes,M,506.4,126.6,172.49119355575112
5983,Kristoffer Erixon,45,,SWE,,8:26.4,Yes,M,506.4,126.6,172.49119355575112
5983,Per Børge Kallekodt,46,,NOR,,8:26.4,Yes,M,506.4,126.6,172.49119355575112
5983,Aditya Kedari,39,,IND,,8:26.4,Yes,M,506.4,126.6,172.49119355575112
5983,Gregg M,67,"Mankato, MN",USA,,8:26.4,Yes,M,506.4,126.6,172.49119355575112
5983,Ronny Svang,54,London,GBR,,8:26.4,No,M,506.4,126.6,172.49119355575112
5992,Thomas Butkiewicz,42,NH,USA,,8:26.5,Yes,M,506.5,126.625,172.3890471745389
5992,Steven Foster,60,,GBR,,8:26.5,Yes,M,506.5,126.625,172.3890471745389
5994,Junho Hong,39,Waterloo,KOR,Geobukseon -「거북선」,8:26.6,Yes,M,506.6,126.65,172.2869814298988
5994,Tyron Stocks,48,,RSA,,8:26.6,Yes,M,506.6,126.65,172.2869814298988
5996,Konosuke Takeda,20,,USA,St Cloud State Rowing Club,8:26.8,Race,M,506.8,126.7,172.08309153221123
5996,Steve Garrison,73,"Arlington, VA",USA,,8:26.8,Yes,M,506.8,126.7,172.08309153221123
5996,Andy Maddison,57,Billericay,GBR,,8:26.8,Yes,M,506.8,126.7,172.08309153221123
5996,Richard Needham,62,,GBR,,8:26.8,No,M,506.8,126.7,172.08309153221123
6000,David Lambert,45,,GBR,,8:26.9,Yes,M,506.9,126.725,171.9812672203368
6000,Jay McNealy,45,,USA,,8:26.9,Yes,M,506.9,126.725,171.9812672203368
6000,Greg Peace,56,"Verdun, QC",CAN,,8:26.9,Yes,M,506.9,126.725,171.9812672203368
6000,Steven Tour,29,,NZL,,8:26.9,Yes,M,506.9,126.725,171.9812672203368
6000,Andreas Woigk,65,Dresden,GER,"Dresdner Ruderverein, Dresden, Germany",8:26.9,Yes,M,506.9,126.725,171.9812672203368
6000,Joseph Bracewell,79,"Washington, DC",USA,Rock Creek Rowing,8:26.9,No,M,506.9,126.725,171.9812672203368
6000,Barry Miller,70,"Lititz, PA",USA,Age Without Limits,8:26.9,No,M,506.9,126.725,171.9812672203368
6000,Francisco Solis,40,,CHI,,8:26.9,No,M,506.9,126.725,171.9812672203368
6000,Phil Summerfield,60,"Katy, TX",USA,Free Spirits,8:26.9,No,M,506.9,126.725,171.9812672203368
6009,Boris Dosseh,45,,TGA,Putney Town Rowing Club,8:27.0,Race,M,507.0,126.75,171.8795232273806
6009,Gary Barton,63,"Parkes, NSW",AUS,,8:27.0,Yes,M,507.0,126.75,171.8795232273806
6009,Anselmo Repolles,43,,USA,,8:27.0,Yes,M,507.0,126.75,171.8795232273806
6009,Jim Hayes,72,"Peterborough, ON",CAN,,8:27.0,No,M,507.0,126.75,171.8795232273806
6013,Juan Pablo Avello,44,Oviedo,ESP,,8:27.1,Yes,M,507.1,126.775,171.7778594741638
6013,Jasmer Panesar,51,Slough,GBR,,8:27.1,Yes,M,507.1,126.775,171.7778594741638
6013,Wesley Worden,66,AZ,USA,The Diamonds (Over Sixties Erging Group),8:27.1,Yes,M,507.1,126.775,171.7778594741638
6016,Jesse Guest,25,,AUS,,8:27.2,Yes,M,507.2,126.8,171.67627588160144
6016,Enrico Helwig,52,Bodensee,GER,,8:27.2,Yes,M,507.2,126.8,171.67627588160144
6016,Ireneusz Michalski,53,🇵🇱,POL,,8:27.2,Yes,M,507.2,126.8,171.67627588160144
6016,Sarun Thomas,41,,USA,,8:27.2,No,M,507.2,126.8,171.67627588160144
6020,Martin Doyle,67,,AUS,,8:27.3,Race,M,507.3,126.825,171.57477237070185
6020,Tim Ansell,63,,GBR,,8:27.3,Yes,M,507.3,126.825,171.57477237070185
6020,C. Burleson Gill,53,VA,USA,,8:27.3,Yes,M,507.3,126.825,171.57477237070185
6023,André Van der Meij,52,,NED,,8:27.4,Yes,M,507.4,126.85,171.47334886256692
6024,Joe Mooney,63,Ajijic,MEX,Age Without Limits,8:27.5,Yes,M,507.5,126.875,171.3720052783917
6024,Cyrille RAIMBAULT,50,,FRA,,8:27.5,Yes,M,507.5,126.875,171.3720052783917
6024,Dave Stewart,76,Wimborne,GBR,Canford Crocodiles,8:27.5,Yes,M,507.5,126.875,171.3720052783917
6024,Joel Thomas,41,"Chicago, IL",USA,reddit /r/ rowing,8:27.5,Yes,M,507.5,126.875,171.3720052783917
6028,Jon Carrasco,53,CO,USA,,8:27.6,Yes,M,507.6,126.9,171.27074153946424
6028,Peter Henderson,78,"Broken Bay, NSW",AUS,,8:27.6,Yes,M,507.6,126.9,171.27074153946424
6028,Andrew Lindsay,43,,GBR,,8:27.6,Yes,M,507.6,126.9,171.27074153946424
6028,Rod Quinn,81,"Bass Harbor, ME",USA,,8:27.6,No,M,507.6,126.9,171.27074153946424
6032,Mike Cousen,63,Moore 🇬🇧,GBR,,8:27.7,Yes,M,507.7,126.925,171.16955756716598
6032,Tom Edwards,57,,GBR,,8:27.7,Yes,M,507.7,126.925,171.16955756716598
6032,Daniel Schulten,54,"Greely, ON",CAN,,8:27.7,Yes,M,507.7,126.925,171.16955756716598
6032,Julian Wilson,75,Yelverton,GBR,,8:27.7,Yes,M,507.7,126.925,171.16955756716598
6032,Patrick Mooney,40,,GBR,,8:27.7,No,M,507.7,126.925,171.16955756716598
6032,Fredrik Näslund,58,Kil,SWE,RowPro Rowers,8:27.7,No,M,507.7,126.925,171.16955756716598
6038,Jim Catalano,63,,USA,,8:27.8,Yes,M,507.8,126.95,171.06845328297092
6038,Franklin Coelho,61,Gama/DF,BRA,,8:27.8,Yes,M,507.8,126.95,171.06845328297092
6038,Richard L,69,"NO KINGS, MI",USA,,8:27.8,Yes,M,507.8,126.95,171.06845328297092
6038,Steven Smith,71,"Broken Arrow, OK",USA,,8:27.8,Yes,M,507.8,126.95,171.06845328297092
6042,BILL MILLER,69,"SMITHTOWN, NY",USA,,8:27.9,Yes,M,507.9,126.975,170.9674286084459
6043,Dylan Monaco,16,"Atlanta, GA",USA,"Augusta Rowing Club, Inc.",8:28.0,Race,M,508.0,127.0,170.86648346525038
6043,Gerald Curtis,54,"Greenville, SC",USA,TEAM MELALEUCA,8:28.0,Yes,M,508.0,127.0,170.86648346525038
6043,Magne Eide,43,,NOR,,8:28.0,Yes,M,508.0,127.0,170.86648346525038
6043,Paul Graham,47,,GBR,,8:28.0,Yes,M,508.0,127.0,170.86648346525038
6043,Eric Guillemette,49,QC,CAN,,8:28.0,Yes,M,508.0,127.0,170.86648346525038
6043,Joe Grohovsky,69,"Oceanside, CA",USA,,8:28.0,No,M,508.0,127.0,170.86648346525038
6043,Benoît Vanhems,63,Wervicq sud,FRA,FRENCH INDOOR ROWERS TEAM,8:28.0,No,M,508.0,127.0,170.86648346525038
6050,Wayne Schnatter,65,"Scotch Plains, NJ",USA,Team Diamonds,8:28.1,Yes,M,508.1,127.025,170.76561777513623
6051,Ed Goodwin,57,"Waterford, CT",USA,,8:28.2,Yes,M,508.2,127.05,170.66483145994783
6051,Allen Householder,53,,USA,,8:28.2,Yes,M,508.2,127.05,170.66483145994783
6051,Nicolas JAFFRAY,51,,FRA,,8:28.2,Yes,M,508.2,127.05,170.66483145994783
6051,Henk Zantvoord,71,Alphen aan den Rijn,NED,,8:28.2,Yes,M,508.2,127.05,170.66483145994783
6055,Chris Mason,46,,GBR,,8:28.3,Yes,M,508.3,127.075,170.56412444162166
6055,Sean Smith,43,,GBR,,8:28.3,Yes,M,508.3,127.075,170.56412444162166
6055,Mark Stevenson,62,"Asheville, NC",GBR,The Diamonds (Over Sixties Erging Group),8:28.3,Yes,M,508.3,127.075,170.56412444162166
6055,Maarten Van Loock,39,,BEL,Actarus Rowing Crew,8:28.3,No,M,508.3,127.075,170.56412444162166
6059,Michael David Cook,60,,USA,,8:28.4,Yes,M,508.4,127.1,170.46349664218647
6059,Josep Sàenz de Santamaria,64,"Barcelona, CAT",ESP,The Diamonds (Over Sixties Erging Group),8:28.4,Yes,M,508.4,127.1,170.46349664218647
6059,Simon Venema,46,,NED,,8:28.4,Yes,M,508.4,127.1,170.46349664218647
6062,William Sellers,66,,GBR,,8:28.5,Yes,M,508.5,127.125,170.36294798376278
6062,David Young,67,"Sale, VIC",AUS,The Diamonds (Over Sixties Erging Group),8:28.5,Yes,M,508.5,127.125,170.36294798376278
6064,Nigel Brockton,54,"Burke, VA",USA,SUB-7 IRC,8:28.6,Yes,M,508.6,127.15,170.262478388563
6064,Jon Edicola,38,,USA,,8:28.6,Yes,M,508.6,127.15,170.262478388563
6064,Christopher Harborne,62,,THA,The Diamonds (Over Sixties Erging Group),8:28.6,Yes,M,508.6,127.15,170.262478388563
6067,Chris Lambert,56,,GBR,,8:28.7,Yes,M,508.7,127.175,170.1620877788917
6067,Gary Strub,69,"Wisconsin Rapids, WI",USA,,8:28.7,Yes,M,508.7,127.175,170.1620877788917
6069,Chris Bain,72,"Melbourne, VIC",AUS,,8:28.8,Yes,M,508.8,127.2,170.06177607714443
6069,Chad Landers,57,CA,USA,,8:28.8,Yes,M,508.8,127.2,170.06177607714443
6069,Mikel Martinez,52,,ESP,,8:28.8,Yes,M,508.8,127.2,170.06177607714443
6069,Sean McLoughlin,54,,USA,,8:28.8,Yes,M,508.8,127.2,170.06177607714443
6069,blaize potts,43,,USA,,8:28.8,Yes,M,508.8,127.2,170.06177607714443
6074,Tim Chalmers,53,"Sydney, NSW",AUS,,8:28.9,Yes,M,508.9,127.225,169.9615432058086
6074,João Gomes,50,Lisboa,POR,,8:28.9,Yes,M,508.9,127.225,169.9615432058086
6074,Dong Le,40,,AUS,,8:28.9,Yes,M,508.9,127.225,169.9615432058086
6077,Matthew Lee,41,"Virginia Beach, VA",USA,Newport News/Norfolk Aircraft Carriers,8:29.0,Yes,M,509.0,127.25,169.8613890874628
6077,Jason Muñoz,42,,USA,,8:29.0,Yes,M,509.0,127.25,169.8613890874628
6077,Marc Newbery-Williams,51,,GBR,,8:29.0,Yes,M,509.0,127.25,169.8613890874628
6077,Richard Skelskey,65,"Kennett Square, PA",USA,U.S. Navy Veteran,8:29.0,Yes,M,509.0,127.25,169.8613890874628
6077,Paul Wilson,67,"Attleboro, MA",USA,,8:29.0,Yes,M,509.0,127.25,169.8613890874628
6077,David Hoontz,58,"Denver, CO",USA,RowPro Rowers,8:29.0,No,M,509.0,127.25,169.8613890874628
6077,Rasmus Skov,46,,DEN,,8:29.0,No,M,509.0,127.25,169.8613890874628
6084,Argenis Gonzalez,49,,VEN,,8:29.1,Yes,M,509.1,127.275,169.761313644777
6084,Brian Johnson,73,Hastings,GBR,,8:29.1,Yes,M,509.1,127.275,169.761313644777
6084,Josef Lütkenhaus,59,Castrop-Rauxel,GER,,8:29.1,Yes,M,509.1,127.275,169.761313644777
6084,Timothy Quade,57,"Saint Ann, MO",USA,,8:29.1,Yes,M,509.1,127.275,169.761313644777
6084,Colin Sanderson,57,Plymouth,GBR,Plymouth Amateur Rowing Club,8:29.1,Yes,M,509.1,127.275,169.761313644777
6084,Ian Castleton,67,Diss,GBR,Team Canada,8:29.1,No,M,509.1,127.275,169.761313644777
6090,Mohamed Ali,37,,KSA,,8:29.2,Yes,M,509.2,127.3,169.66131680051214
6090,Richard Canning,32,,USA,,8:29.2,Yes,M,509.2,127.3,169.66131680051214
6090,Thomas Kniep,57,Stutensee,GER,,8:29.2,Yes,M,509.2,127.3,169.66131680051214
6090,Daryl Makinson,57,"Brandon, MB",CAN,,8:29.2,Yes,M,509.2,127.3,169.66131680051214
6090,Jeremy will gladly pay you Tuesday for a hamburger today.,49,ME,USA,,8:29.2,Yes,M,509.2,127.3,169.66131680051214
6095,Simon Rust,63,Isle of Wight,GBR,The Diamonds (Over Sixties Erging Group),8:29.3,Yes,M,509.3,127.325,169.56139847752019
6095,Robert Maes,71,,USA,,8:29.3,No,M,509.3,127.325,169.56139847752019
6097,David Airey,57,,AUS,,8:29.4,Yes,M,509.4,127.35,169.46155859874395
6097,Scott Grumski,56,"Sarver, PA",USA,,8:29.4,Yes,M,509.4,127.35,169.46155859874395
6097,Brett Strouss,66,"Pittsburgh, PA",USA,,8:29.4,Yes,M,509.4,127.35,169.46155859874395
6097,Kevin Scott,66,Whangarei,NZL,,8:29.4,No,M,509.4,127.35,169.46155859874395
6101,Graeme Curran,58,"Caringbah, NSW",AUS,,8:29.5,Yes,M,509.5,127.375,169.361797087217
6101,Sebastian Klöhn,47,Wehr,GER,,8:29.5,Yes,M,509.5,127.375,169.361797087217
6101,Paolo Palmini,56,Brescia,ITA,,8:29.5,Yes,M,509.5,127.375,169.361797087217
6101,John Wendelin,61,"New London, CT",USA,Retired U.S. Air Force,8:29.5,Yes,M,509.5,127.375,169.361797087217
6105,michael flood,47,"dubuque , IA",USA,Brown University,8:29.6,Yes,M,509.6,127.4,169.26211386606334
6105,Richard Gill,68,"Lexington, VA",USA,,8:29.6,Yes,M,509.6,127.4,169.26211386606334
6105,Patrick Göbel,47,,GER,GERMAN Rowers and FRIENDS United,8:29.6,Yes,M,509.6,127.4,169.26211386606334
6105,Heiko Hübchen,52,Lünen,GER,,8:29.6,Yes,M,509.6,127.4,169.26211386606334
6105,Simon Tudiver,44,"Ottawa, ON",CAN,,8:29.6,Yes,M,509.6,127.4,169.26211386606334
6110,Matt Randall,53,,USA,,8:29.7,Yes,M,509.7,127.425,169.16250885849786
6111,Christopher Davis,35,,AUS,,8:29.8,Yes,M,509.8,127.45,169.06298198782534
6111,S. Probst,44,,SUI,,8:29.8,Yes,M,509.8,127.45,169.06298198782534
6113,Peter Sheean,81,,AUS,,8:29.9,Race,M,509.9,127.475,168.96353317744106
6113,Keith Byrne,73,"Brantford, ON",CAN,,8:29.9,Yes,M,509.9,127.475,168.96353317744106
6113,Austin Chinberg,32,"Wichita, KS",USA,,8:29.9,Yes,M,509.9,127.475,168.96353317744106
6113,John Fowler,58,"Hershey, PA",USA,Ancient Mariners - The Ancients Organization (TAO),8:29.9,Yes,M,509.9,127.475,168.96353317744106
6113,Jan Otto Kristiansen,85,Moss,NOR,Lasses gym Moss Norway,8:29.9,Yes,M,509.9,127.475,168.96353317744106
6113,Ed Maxwell,61,CA,USA,U.S. Navy Veteran,8:29.9,Yes,M,509.9,127.475,168.96353317744106
6113,Drew Michael,33,"Dayton, OH",USA,,8:29.9,Yes,M,509.9,127.475,168.96353317744106
6113,Erik Olson,44,WA,USA,,8:29.9,Yes,M,509.9,127.475,168.96353317744106
6121,David Kay,69,"Bath, OH",USA,The Diamonds (Over Sixties Erging Group),8:30.0,Yes,M,510.0,127.5,168.86416235083033
6121,Duane S,61,"Plymouth, NH",USA,The Diamonds (Over Sixties Erging Group),8:30.0,Yes,M,510.0,127.5,168.86416235083033
6123,Nick Jackson,75,Bristol,GBR,,8:30.1,Yes,M,510.1,127.525,168.76486943156846
6123,Richard Jones,61,Llanidloes,GBR,,8:30.1,Yes,M,510.1,127.525,168.76486943156846
6123,Phil Sager,48,"Holland, PA",USA,,8:30.1,Yes,M,510.1,127.525,168.76486943156846
6126,Jason Rakowsky,25,"Atlanta, GA",USA,"Augusta Rowing Club, Inc.",8:30.2,Race,M,510.2,127.55,168.66565434332054
6126,Miguel Ángel .,46,Madrid,ESP,Spain Team,8:30.2,Yes,M,510.2,127.55,168.66565434332054
6126,Matthew Greene,35,,USA,,8:30.2,Yes,M,510.2,127.55,168.66565434332054
6126,Scott Rhymes,53,"Petaluma, CA",USA,North Bay Rowing Club,8:30.2,Yes,M,510.2,127.55,168.66565434332054
6126,Herb Tarbous,67,"Bonita Springs, FL",USA,,8:30.2,Yes,M,510.2,127.55,168.66565434332054
6132,roger pope,70,bournemouth,GBR,,8:30.3,No,M,510.3,127.575,168.56651700984145
6133,Che McPherson,48,,AUS,,8:30.4,No,M,510.4,127.6,168.46745735497575
6133,Kyle Moon,56,"The Colony, TX",USA,,8:30.4,No,M,510.4,127.6,168.46745735497575
6135,Jonathan Brice,52,Gloucester,GBR,Red Line Rowers,8:30.5,Yes,M,510.5,127.625,168.36847530265743
6135,A C,64,,USA,,8:30.5,Yes,M,510.5,127.625,168.36847530265743
6135,Sascha G.,49,,GER,,8:30.5,Yes,M,510.5,127.625,168.36847530265743
6135,Rich Peck,54,Sliema,MLT,RowElite Crew,8:30.5,Yes,M,510.5,127.625,168.36847530265743
6135,Simon Rose,68,London,GBR,,8:30.5,Yes,M,510.5,127.625,168.36847530265743
6140,Stephen Gower,68,Swansea,GBR,RowAlong,8:30.6,Yes,M,510.6,127.65,168.26957077690966
6140,Emil Vold,36,Oslo,NOR,,8:30.6,Yes,M,510.6,127.65,168.26957077690966
6142,Tobiáš Bradáč,15,,CZE,,8:30.7,Yes,M,510.7,127.675,168.17074370184537
6142,Erik Loland,60,🇩🇰,DEN,The Diamonds (Over Sixties Erging Group),8:30.7,Yes,M,510.7,127.675,168.17074370184537
6142,Dave P,55,,USA,,8:30.7,Yes,M,510.7,127.675,168.17074370184537
6142,Benjamin Pontoire,35,,FRA,,8:30.7,Yes,M,510.7,127.675,168.17074370184537
6142,Martin Saxton,65,Cullompton,GBR,Free Spirits,8:30.7,Yes,M,510.7,127.675,168.17074370184537
6142,Strephon Treadway,58,"Kingston, NY",USA,,8:30.7,Yes,M,510.7,127.675,168.17074370184537
6148,Adam Altman,50,"Chicago, IL",USA,,8:30.8,Yes,M,510.8,127.7,168.0719940016661
6148,Jens Pachale,46,Koenigsdorf,GER,,8:30.8,Yes,M,510.8,127.7,168.0719940016661
6150,William Hyson,53,"Whitby , ON",CAN,,8:30.9,Yes,M,510.9,127.725,167.97332160066256
6151,Tan Jeffrey,53,,SGP,,8:31.0,Yes,M,511.0,127.75,167.87472642321438
6151,Elan Journo,50,,USA,,8:31.0,Yes,M,511.0,127.75,167.87472642321438
6151,Tom Zehnder,39,"Cincinnati, OH",USA,,8:31.0,Yes,M,511.0,127.75,167.87472642321438
6154,Dong Kyu Kim,46,Seoul,KOR,,8:31.1,Yes,M,511.1,127.775,167.7762083937899
6154,Archie Pronger,50,"Winnipeg, MB",CAN,,8:31.1,Yes,M,511.1,127.775,167.7762083937899
6154,Frederic Wilson,75,"Anchorage, AK",USA,,8:31.1,Yes,M,511.1,127.775,167.7762083937899
6157,David Burns,60,"Scarborough, ME",USA,Maniac CrossFit,8:31.2,Yes,M,511.2,127.8,167.6777674369461
6157,David Falk,34,,GER,,8:31.2,Yes,M,511.2,127.8,167.6777674369461
6157,Christopher King,49,"Spring Hill, TN",USA,EXR Rowing,8:31.2,No,M,511.2,127.8,167.6777674369461
6160,Ian Warnock,75,Londonderry,GBR,,8:31.3,Yes,M,511.3,127.825,167.57940347732855
6161,Lee Killinger,65,"Tampa, FL",USA,,8:31.4,Yes,M,511.4,127.85,167.48111643967115
6161,Johnny Keen,55,UK,GBR,Street Parking,8:31.4,No,M,511.4,127.85,167.48111643967115
6163,james beatty,28,,USA,,8:31.5,Yes,M,511.5,127.875,167.38290624879596
6163,John Jepson,60,,THA,,8:31.5,Yes,M,511.5,127.875,167.38290624879596
6163,Charles Schwantes,66,"Chattanooga, TN",USA,The Diamonds (Over Sixties Erging Group),8:31.5,Yes,M,511.5,127.875,167.38290624879596
6166,Douglas Langley,36,"Milford, CT",USA,,8:31.6,Yes,M,511.6,127.9,167.28477282961327
6166,Roberto Prezzi,61,,BEL,,8:31.6,Yes,M,511.6,127.9,167.28477282961327
6166,Mike Pumroy,68,"St Paul, MN",USA,,8:31.6,Yes,M,511.6,127.9,167.28477282961327
6166,Jeffrey Budimier,72,"Auburn, AL",USA,U.S. Marines,8:31.6,No,M,511.6,127.9,167.28477282961327
6170,Mike Bertie,51,,GBR,,8:31.7,Yes,M,511.7,127.925,167.1867161071216
6170,Greg Holtman,74,"Green Valley, AZ",USA,,8:31.7,Yes,M,511.7,127.925,167.1867161071216
6170,Jose Samson,67,"Meriden, NH",USA,U.S. Navy,8:31.7,Yes,M,511.7,127.925,167.1867161071216
6173,Matthew Morrison,42,,USA,,8:31.9,Yes,M,511.9,127.975,166.99083245264396
6174,Donald Johansson,53,"Robertsdale, AL",USA,,8:32.0,Yes,M,512.0,128.0,166.89300537109372
6174,Frank Krueger,64,Hamburg,GER,,8:32.0,Yes,M,512.0,128.0,166.89300537109372
6174,Geraint Thomas,47,,GBR,,8:32.0,Yes,M,512.0,128.0,166.89300537109372
6174,Ben Wiley,39,,USA,,8:32.0,Yes,M,512.0,128.0,166.89300537109372
6174,Matt Norris,58,,GBR,,8:32.0,No,M,512.0,128.0,166.89300537109372
6179,Patrick Gladd,65,"Wichita, KS",USA,Wolfpak Performance,8:32.1,Yes,M,512.1,128.025,166.79525468710574
6179,Bob Hampton,72,Hull,GBR,Hull Kingston Rowing Club,8:32.1,Yes,M,512.1,128.025,166.79525468710574
6181,Jason Bond,56,London,GBR,,8:32.2,Yes,M,512.2,128.05,166.69758032611657
6181,Iain Brown,69,Bicester,GBR,,8:32.2,Yes,M,512.2,128.05,166.69758032611657
6181,Colin Walter,59,Essex,GBR,Hockley Gym,8:32.2,Yes,M,512.2,128.05,166.69758032611657
6184,Don Munn,62,"Raleigh, NC",USA,,8:32.3,Yes,M,512.3,128.075,166.59998221365055
6185,Mike Edwards,60,,GBR,,8:32.4,Yes,M,512.4,128.1,166.50246027531858
6185,Jim McLaughlin,71,"PV, NY",USA,The Diamonds (Over Sixties Erging Group),8:32.4,No,M,512.4,128.1,166.50246027531858
6185,Wayne Peace,79,"Tsawwassen, BC",CAN,Free Spirits,8:32.4,No,M,512.4,128.1,166.50246027531858
6188,Alun Davies,61,Swansea,GBR,The Diamonds (Over Sixties Erging Group),8:32.5,Yes,M,512.5,128.125,166.40501443681902
6188,Hans Liefers,48,Wateringen,NED,,8:32.5,Yes,M,512.5,128.125,166.40501443681902
6188,Maciej Pawlinski,34,,GBR,,8:32.5,Yes,M,512.5,128.125,166.40501443681902
6188,Pierre Sarnette,38,,FRA,,8:32.5,Yes,M,512.5,128.125,166.40501443681902
6192,Kevin Lawless,70,"Edina, MN",USA,The Diamonds (Over Sixties Erging Group),8:32.6,No,M,512.6,128.15,166.30764462393697
6193,Peter Barkas,75,Cambridge,GBR,Team Diamonds,8:32.7,Yes,M,512.7,128.175,166.21035076254475
6193,John Brooks,49,"Sydney, NSW",AUS,,8:32.7,Yes,M,512.7,128.175,166.21035076254475
6193,Alex Warren,33,,GBR,,8:32.7,Yes,M,512.7,128.175,166.21035076254475
6196,"Wolf-Dieter ""Wiggly"" Zastrow",50,Schwarzenbach an der Saale,GER,,8:32.8,No,M,512.8,128.2,166.1131327786011
6197,Kristian Farner,33,,USA,,8:32.9,Yes,M,512.9,128.225,166.01599059815106
6197,John Fitzmorris,64,"Belfair, WA",USA,,8:32.9,Yes,M,512.9,128.225,166.01599059815106
6197,Julien Le Hénaff,42,,FRA,Coach-Rameur.com,8:32.9,Yes,M,512.9,128.225,166.01599059815106
6197,Andrew Rochfort-Hyde,55,,GBR,,8:32.9,Yes,M,512.9,128.225,166.01599059815106
6197,Glyn Davies,56,,GBR,EXR Rowing,8:32.9,No,M,512.9,128.225,166.01599059815106
6202,Johannes Vermeer,61,Achterveld,NED,,8:33.0,Yes,M,513.0,128.25,165.9189241473269
6202,Frank Walsh,39,,IRL,,8:33.0,Yes,M,513.0,128.25,165.9189241473269
6204,Jamie Brown,42,,GBR,,8:33.1,Yes,M,513.1,128.275,165.8219333523466
6204,Ian Hopkins,62,Derby,GBR,,8:33.1,Yes,M,513.1,128.275,165.8219333523466
6204,John Jordan,69,Prestatyn,GBR,RowPro Rowers,8:33.1,Yes,M,513.1,128.275,165.8219333523466
6204,Claus Madsen,65,Copenhagen,DEN,,8:33.1,Yes,M,513.1,128.275,165.8219333523466
6204,John McGreevy,52,,USA,Greater Columbus Rowing Association,8:33.1,Yes,M,513.1,128.275,165.8219333523466
6204,Pat Muron,65,"Glen Allen, VA",USA,,8:33.1,Yes,M,513.1,128.275,165.8219333523466
6204,Ronald Swann,67,"Norcross, GA",USA,,8:33.1,Yes,M,513.1,128.275,165.8219333523466
6204,Richard Coxford,75,"Armstrong , BC",CAN,,8:33.1,No,M,513.1,128.275,165.8219333523466
6204,Winslow Farrell,72,"Easton, CT",USA,Brown University,8:33.1,No,M,513.1,128.275,165.8219333523466
6204,Sheldon Smith,71,"Winston Salem, NC",USA,The Diamonds (Over Sixties Erging Group),8:33.1,No,M,513.1,128.275,165.8219333523466
6214,Gerald Findon,71,,GBR,,8:33.2,Yes,M,513.2,128.3,165.72501813951462
6214,Ian Hodkinson,49,,GBR,,8:33.2,Yes,M,513.2,128.3,165.72501813951462
6214,Paul Patterson,56,"Orient, OH",USA,,8:33.2,Yes,M,513.2,128.3,165.72501813951462
6214,Glen Taylor,79,"Columbus, OH",USA,US Naval Security Group,8:33.2,Yes,M,513.2,128.3,165.72501813951462
6214,Guojun Wu,52,,CHN,Rowing Pro Shanghai,8:33.2,Yes,M,513.2,128.3,165.72501813951462
6214,Tim Bartlett,66,,GBR,,8:33.2,No,M,513.2,128.3,165.72501813951462
6214,Dayne Bulloch,51,,NZL,RowAlong,8:33.2,No,M,513.2,128.3,165.72501813951462
6214,Thomas Schröder,55,,GER,,8:33.2,No,M,513.2,128.3,165.72501813951462
6222,Jacob Nielson,27,,USA,,8:33.3,Yes,M,513.3,128.325,165.6281784352218
6222,Dan Sherriff,19,,GBR,,8:33.3,Yes,M,513.3,128.325,165.6281784352218
6224,daniel gurian,51,"Wellesley, MA",USA,,8:33.4,Yes,M,513.4,128.35,165.53141416594445
6224,Stewen Lindberg,58,,SWE,,8:33.4,Yes,M,513.4,128.35,165.53141416594445
6226,Daniel Chudnov,53,DC,USA,,8:33.5,Yes,M,513.5,128.375,165.43472525824512
6226,Tamed Melanin,47,,USA,,8:33.5,Yes,M,513.5,128.375,165.43472525824512
6226,Jonathan Graves,69,,GBR,,8:33.5,No,M,513.5,128.375,165.43472525824512
6229,PP Chan,34,,CHN,亦可赛艇,8:33.6,Yes,M,513.6,128.4,165.33811163877203
6229,Graeme Crooks,51,,GBR,,8:33.6,Yes,M,513.6,128.4,165.33811163877203
6229,Rick King,56,Doncaster,GBR,,8:33.6,Yes,M,513.6,128.4,165.33811163877203
6229,Georg Locher,71,,SUI,,8:33.6,Yes,M,513.6,128.4,165.33811163877203
6229,Andreas Skaugen,55,OSLO,NOR,,8:33.6,Yes,M,513.6,128.4,165.33811163877203
6229,Levent Ulu,40,,TUR,,8:33.6,Yes,M,513.6,128.4,165.33811163877203
6229,Jonathan le Grange,30,,GBR,,8:33.6,No,M,513.6,128.4,165.33811163877203
6229,Michael McElroy,47,"Spring, TX",USA,Free Spirits,8:33.6,No,M,513.6,128.4,165.33811163877203
6237,David Bates,65,,GBR,,8:33.7,Yes,M,513.7,128.425,165.24157323425928
6237,Stefan Noack,61,Hofheim-Diedenbergen,GER,GERMAN Rowers and FRIENDS United,8:33.7,Yes,M,513.7,128.425,165.24157323425928
6239,Paul Buxton,59,Bolton,GBR,Empty the Tanks,8:33.8,Yes,M,513.8,128.45,165.14510997152635
6239,Paolo Oppizzio,45,Milano,ITA,,8:33.8,Yes,M,513.8,128.45,165.14510997152635
6241,Ricky Frausto,47,"Durango, CO",USA,,8:33.9,Yes,M,513.9,128.475,165.04872177747777
6241,JAYLON LOYD,47,"Austin, TX",USA,,8:33.9,Yes,M,513.9,128.475,165.04872177747777
6241,Scott Meldrum,35,"Pittsburgh, PA",USA,reddit /r/ rowing,8:33.9,No,M,513.9,128.475,165.04872177747777
6244,Nigel Finney,72,"Melbourne, VIC",AUS,"PowerHouse Rowing Club, Melbourne, Aus",8:34.0,Yes,M,514.0,128.5,164.95240857910406
6244,Gavin Mowat,44,,GBR,,8:34.0,Yes,M,514.0,128.5,164.95240857910406
6244,Anders Bye,72,Oslo,NOR,Norske Studenters Roklub,8:34.0,No,M,514.0,128.5,164.95240857910406
6244,John Miles,63,"Pill , Bristol",GBR,,8:34.0,No,M,514.0,128.5,164.95240857910406
6244,Jan van Grimbergen,72,Lisse,NED,"Roeivereniging Iris, Lisse",8:34.0,No,M,514.0,128.5,164.95240857910406
6249,Dave Sinclair,53,,CAN,,8:34.1,Yes,M,514.1,128.525,164.8561703034805
6249,Ranjit Srinivas,66,,GBR,,8:34.1,Yes,M,514.1,128.525,164.8561703034805
6249,Tim Webber,38,,USA,,8:34.1,Yes,M,514.1,128.525,164.8561703034805
6252,David Hughes,76,"Broadway, Worcestershire",GBR,,8:34.2,Yes,M,514.2,128.55,164.7600068777676
6252,Kevin Morley,66,Billericay,GBR,Old Rutlishians,8:34.2,Yes,M,514.2,128.55,164.7600068777676
6254,Kirk Jackson,65,"Westbrook, CT",USA,,8:34.3,Yes,M,514.3,128.575,164.66391822921076
6255,Tony Lynne,66,Norwich,GBR,,8:34.4,Yes,M,514.4,128.6,164.56790428514026
6255,cefe rower67,58,BCN,ESP,,8:34.4,Yes,M,514.4,128.6,164.56790428514026
6257,Ashley Winter,57,,GBR,We Are Invictus,8:34.5,Race,M,514.5,128.625,164.47196497297102
6257,Einar Berg,73,Overhalla 🇳🇴,NOR,,8:34.5,Yes,M,514.5,128.625,164.47196497297102
6259,Mark Ackers,56,,GBR,,8:34.6,Yes,M,514.6,128.65,164.37610022020263
6259,Christian Müller,57,Mainz,GER,GERMAN Rowers and FRIENDS United,8:34.6,Yes,M,514.6,128.65,164.37610022020263
6259,David Jerdan,78,Crail,GBR,,8:34.6,No,M,514.6,128.65,164.37610022020263
6262,Karl du Roi,71,"Pinneberg, SH",GER,GERMAN Rowers and FRIENDS United,8:34.7,Yes,M,514.7,128.675,164.2803099544194
6263,Jon Day,59,Market Drayton,GBR,The Diamonds (Over Sixties Erging Group),8:34.8,Yes,M,514.8,128.7,164.18459410328984
6263,Adam Deas,44,,USA,,8:34.8,Yes,M,514.8,128.7,164.18459410328984
6263,Angel Liaño,54,Arbizu,ESP,,8:34.8,Yes,M,514.8,128.7,164.18459410328984
6263,Stan Butler,75,Bridgnorth,GBR,The Diamonds (Over Sixties Erging Group),8:34.8,No,M,514.8,128.7,164.18459410328984
6267,Franck Gregoire,61,Reims,FRA,,8:34.9,Yes,M,514.9,128.725,164.08895259456634
6267,Hideki Yokogawa,61,Tokyo,JPN,,8:34.9,Yes,M,514.9,128.725,164.08895259456634
6267,Pridhvi Myneni,25,"San Diego, CA",USA,san diego rowing club,8:34.9,No,M,514.9,128.725,164.08895259456634
6270,John Kaspar,59,"Dallas, TX",USA,,8:35.0,Yes,M,515.0,128.75,163.99338535608618
6270,Gareth Powell,41,,USA,,8:35.0,No,M,515.0,128.75,163.99338535608618
6272,will morrison,45,,USA,,8:35.1,Yes,M,515.1,128.775,163.8978923157702
6272,Donald Robertson,59,,CAN,,8:35.1,Yes,M,515.1,128.775,163.8978923157702
6272,Ingo Rostalski,57,,GER,,8:35.1,Yes,M,515.1,128.775,163.8978923157702
6272,charles corbett,59,"los angeles, CA",USA,,8:35.1,No,M,515.1,128.775,163.8978923157702
6272,Romain Escaut,38,,FRA,,8:35.1,No,M,515.1,128.775,163.8978923157702
6277,Geert Keij,56,,NED,,8:35.2,Yes,M,515.2,128.8,163.8024734016233
6277,Martyn Shore,44,"Hatton, Derbyshire, UK",GBR,,8:35.2,Yes,M,515.2,128.8,163.8024734016233
6277,Jose Fernan,52,"North York, ON",CAN,,8:35.2,No,M,515.2,128.8,163.8024734016233
6280,Mogan Athmanathan,45,prescot,GBR,,8:35.3,Yes,M,515.3,128.825,163.70712854173422
6281,Julian Bueno,59,Buenos Aires,ARG,Tiger Boat Club,8:35.4,Yes,M,515.4,128.85,163.6118576642753
6282,Tony Turner,43,Honiton,GBR,,8:35.5,Yes,M,515.5,128.875,163.51666069750254
6282,Jean-Christophe Neisius,59,Boust,FRA,RowAlong,8:35.5,No,M,515.5,128.875,163.51666069750254
6282,David Silvera,62,,GBR,,8:35.5,No,M,515.5,128.875,163.51666069750254
6285,Stefan Brontsema,42,Uithuizermeeden,NED,,8:35.6,Yes,M,515.6,128.9,163.42153756975534
6285,Andy van Dongen,58,Melick,NED,,8:35.6,Yes,M,515.6,128.9,163.42153756975534
6285,Karl-Heinz Laux,64,,GER,,8:35.6,No,M,515.6,128.9,163.42153756975534
6288,David Herrero,45,Genève,SUI,Coach-Rameur.com,8:35.7,Yes,M,515.7,128.925,163.32648820945664
6288,Aaron Maurer,45,,USA,,8:35.7,Yes,M,515.7,128.925,163.32648820945664
6288,susumu yamashita,60,kagoshima,JPN,,8:35.7,Yes,M,515.7,128.925,163.32648820945664
6291,Richard Chapman,57,Leicester,GBR,David Lloyd Health Club,8:35.9,Yes,M,515.9,128.975,163.13661050531198
6291,Rob Kraina,46,,GBR,,8:35.9,Yes,M,515.9,128.975,163.13661050531198
6291,Trevor Sullivan,76,"Hobart, TAS",AUS,The Diamonds (Over Sixties Erging Group),8:35.9,Yes,M,515.9,128.975,163.13661050531198
6294,Cédric CARDIN,48,,FRA,,8:36.0,Yes,M,516.0,129.0,163.04178201872742
6294,Daniel Lamont,44,,USA,,8:36.0,Yes,M,516.0,129.0,163.04178201872742
6294,James Gorman,67,"New York, NY",USA,,8:36.0,No,M,516.0,129.0,163.04178201872742
6294,Nigel Watson Clark,70,Carlisle,GBR,JUMP MARINES,8:36.0,No,M,516.0,129.0,163.04178201872742
6298,Rayan Lashari,17,,PAK,,8:36.1,Yes,M,516.1,129.025,162.94702701411387
6299,Kirk K,64,OR,USA,,8:36.2,Yes,M,516.2,129.05,162.8523454203093
6299,Wayne Morin,66,"Dundas, ON",CAN,,8:36.2,Yes,M,516.2,129.05,162.8523454203093
6299,Sverre Wilhelmsen,61,,NOR,,8:36.2,Yes,M,516.2,129.05,162.8523454203093
6302,Peter Walker,79,,GBR,Dover Leisure Centre,8:36.3,Race,M,516.3,129.075,162.75773716623428
6302,Charles K,64,MD,USA,The Diamonds (Over Sixties Erging Group),8:36.3,Yes,M,516.3,129.075,162.75773716623428
6302,Casey Miller,36,,USA,,8:36.3,Yes,M,516.3,129.075,162.75773716623428
6302,Per Sjokvist,63,,SWE,,8:36.3,Yes,M,516.3,129.075,162.75773716623428
6302,Brock Turner,70,"La Canada-Flintridge , CA",USA,,8:36.3,Yes,M,516.3,129.075,162.75773716623428
6307,Sergio Arena,50,,ITA,,8:36.4,Yes,M,516.4,129.1,162.66320218089194
6307,Changhyun LEE,45,,KOR,,8:36.4,Yes,M,516.4,129.1,162.66320218089194
6310,Thomas Daly,53,,USA,,8:36.5,Yes,M,516.5,129.125,162.56874039336796
6310,Gertjan Holterman,62,,NED,,8:36.5,Yes,M,516.5,129.125,162.56874039336796
6312,JH Link,60,,NED,,8:36.6,Yes,M,516.6,129.15,162.4743517328302
6312,Andrew Perrie,49,Lewes,GBR,,8:36.6,Yes,M,516.6,129.15,162.4743517328302
6312,Brian Perry,78,Dartford,GBR,The Diamonds (Over Sixties Erging Group),8:36.6,Yes,M,516.6,129.15,162.4743517328302
6312,Chris L,42,,AUS,,8:36.6,No,M,516.6,129.15,162.4743517328302
6316,James E,53,Helston,GBR,,8:36.7,Yes,M,516.7,129.175,162.38003612852904
6316,Barry Gilhuly,55,ON,CAN,The Eh! Team,8:36.7,Yes,M,516.7,129.175,162.38003612852904
6316,Walter Micheletti,65,Geneva,SUI,The Diamonds (Over Sixties Erging Group),8:36.7,Yes,M,516.7,129.175,162.38003612852904
6316,Mark Thompson,60,Peterborough,GBR,Oundle Town Rowing Club,8:36.7,Yes,M,516.7,129.175,162.38003612852904
6316,David Freedman,73,"Los Angeles, CA",USA,,8:36.7,No,M,516.7,129.175,162.38003612852904
6321,Douglas Parsons,35,,GBR,,8:36.8,Yes,M,516.8,129.2,162.28579350979686
6321,Adrian Millar,59,,GBR,Taff Attack Racing,8:36.8,No,M,516.8,129.2,162.28579350979686
6323,Ben Procter,34,,CAN,,8:36.9,Yes,M,516.9,129.225,162.1916238060477
6323,Bill Sheldon,72,Derby,GBR,British Army,8:36.9,Yes,M,516.9,129.225,162.1916238060477
6323,Presley W,14,,GBR,Canford Crocodiles,8:36.9,Yes,M,516.9,129.225,162.1916238060477
6323,David Gentry,55,"Evans, GA",USA,,8:36.9,No,M,516.9,129.225,162.1916238060477
6327,Mark Kelley,57,,USA,Minneapolis Rowing Club,8:37.0,Yes,M,517.0,129.25,162.09752694677806
6327,제홍 송,42,,KOR,,8:37.0,Yes,M,517.0,129.25,162.09752694677806
6329,Hervé Diot,73,La Rochelle,FRA,Club d'Aviron de Mer de La Rochelle (CAMLR),8:37.1,Yes,M,517.1,129.275,162.00350286156592
6329,Wim Gerards,60,Maastricht 🇳🇱,NED,,8:37.1,Yes,M,517.1,129.275,162.00350286156592
6329,T. Geyer,65,"Purcellville, VA",USA,,8:37.1,Yes,M,517.1,129.275,162.00350286156592
6332,Michael Pearson,57,,GBR,,8:37.2,Race,M,517.2,129.3,161.90955148007103
6332,Sean Murphy,45,Newcastle Upon Tyne,GBR,,8:37.2,Yes,M,517.2,129.3,161.90955148007103
6335,kokoloko Kopo,47,,ESP,,8:37.3,Yes,M,517.3,129.325,161.8156727320346
6335,Guy Nesbitt,55,Highclere,GBR,Free Spirits,8:37.3,No,M,517.3,129.325,161.8156727320346
6337,Walter Boynton,59,"Rensselaer, NY",USA,Albany Rowing Center,8:37.4,Yes,M,517.4,129.35,161.72186654727943
6337,Steven Built,67,Hamilton,NZL,,8:37.4,Yes,M,517.4,129.35,161.72186654727943
6337,Fabian Schreiber,43,,GER,,8:37.4,Yes,M,517.4,129.35,161.72186654727943
6340,Paul Scanlon,59,High WYcombe,GBR,The Diamonds (Over Sixties Erging Group),8:37.5,Yes,M,517.5,129.375,161.6281328557096
6340,JEREMY PORTER,50,"Yakma, WA",USA,,8:37.5,No,M,517.5,129.375,161.6281328557096
6342,Nigel Haffenden,58,Kent,GBR,,8:37.6,Yes,M,517.6,129.4,161.53447158731038
6342,Fergal Macintyre,54,,AUS,,8:37.6,Yes,M,517.6,129.4,161.53447158731038
6344,Jonathan Neilson,64,Bury St Edmunds,GBR,,8:37.7,Yes,M,517.7,129.425,161.44088267214835
6345,Brett Cole,58,"Sugar Land, TX",USA,University of Illinois,8:37.8,Yes,M,517.8,129.45,161.3473660403711
6345,Matt Ezyk,43,,USA,,8:37.8,Yes,M,517.8,129.45,161.3473660403711
6345,Christopher Kronen,67,"North Las Vegas, NV",USA,The Diamonds (Over Sixties Erging Group),8:37.8,Yes,M,517.8,129.45,161.3473660403711
6345,Stephan Beddoe,64,St Helier,GBR,,8:37.8,No,M,517.8,129.45,161.3473660403711
6349,José Ignacio Castro Sancho,53,Concepción,CRC,,8:37.9,Yes,M,517.9,129.475,161.25392162220666
6349,Derek Chautin,33,,USA,,8:37.9,Yes,M,517.9,129.475,161.25392162220666
6349,Vidar Garmannslund,58,Bergen,NOR,Million Meter Achievers,8:37.9,Yes,M,517.9,129.475,161.25392162220666
6349,Dean Hebden,67,,GBR,The Diamonds (Over Sixties Erging Group),8:37.9,Yes,M,517.9,129.475,161.25392162220666
6349,Todd Mcmahon,50,NSW,AUS,,8:37.9,Yes,M,517.9,129.475,161.25392162220666
6349,Adrian Palmer,57,Oxford,GBR,,8:37.9,Yes,M,517.9,129.475,161.25392162220666
6349,Garry Rains,72,"Southern Pines, NC",USA,,8:37.9,No,M,517.9,129.475,161.25392162220666
6356,Steve Burgess,58,Ludlow,GBR,Rowing for Beer,8:38.0,Yes,M,518.0,129.5,161.16054934796455
6356,Venancio Cabel III,39,"Fort Lauderdale, FL",USA,,8:38.0,Yes,M,518.0,129.5,161.16054934796455
6356,Chris LaMotte,30,,USA,,8:38.0,Yes,M,518.0,129.5,161.16054934796455
6356,Matt Novak,52,,USA,,8:38.0,Yes,M,518.0,129.5,161.16054934796455
6356,Ray Pratt,67,"Black Mountain, QLD",AUS,,8:38.0,Yes,M,518.0,129.5,161.16054934796455
6356,Colin Shipway,65,Loughborough,GBR,The Diamonds (Over Sixties Erging Group),8:38.0,Yes,M,518.0,129.5,161.16054934796455
6356,Jeremy Tram,27,,USA,,8:38.0,Yes,M,518.0,129.5,161.16054934796455
6356,Nucky Chen,37,,CHN,,8:38.0,No,M,518.0,129.5,161.16054934796455
6356,Pieter Mollema,64,,NED,,8:38.0,No,M,518.0,129.5,161.16054934796455
6365,Derek Vaughan,81,,GBR,,8:38.1,Race,M,518.1,129.525,161.06724914803453
6365,Søren Andersen,60,Svendborg,DEN,Svendborg RoKlub,8:38.1,Yes,M,518.1,129.525,161.06724914803453
6365,Piotr M,50,Kraków,POL,,8:38.1,Yes,M,518.1,129.525,161.06724914803453
6365,Colin Page,68,,GBR,,8:38.1,Yes,M,518.1,129.525,161.06724914803453
6369,Tad Burkhart,61,"Frontier, ND",USA,,8:38.2,Yes,M,518.2,129.55,160.97402095288714
6369,Steve Kendall,63,Poole,GBR,,8:38.2,Yes,M,518.2,129.55,160.97402095288714
6369,Stephen Schermerhorn,71,"Greenwood Lake, NY",USA,East Arm Rowing Club,8:38.2,Yes,M,518.2,129.55,160.97402095288714
6372,Jamie Tennant,19,,GBR,Marlow Rowing Club,8:38.3,Race,M,518.3,129.575,160.88086469307322
6372,Steven Buckle,72,SUDBURY,GBR,Age Without Limits,8:38.3,Yes,M,518.3,129.575,160.88086469307322
6372,BLAISE CURCI,66,"GLEN COVE, NY",USA,The Diamonds (Over Sixties Erging Group),8:38.3,Yes,M,518.3,129.575,160.88086469307322
6372,Justin Goodart,29,,USA,,8:38.3,Yes,M,518.3,129.575,160.88086469307322
6372,Barry McKechnie,58,Bristol,GBR,RowAlong,8:38.3,Yes,M,518.3,129.575,160.88086469307322
6372,Daniel Burghardt,63,,USA,,8:38.3,No,M,518.3,129.575,160.88086469307322
6378,Keith Lin,45,MI,USA,,8:38.6,Yes,M,518.6,129.65,160.60182683234694
6378,David Matheson,77,Sydney,AUS,,8:38.6,Yes,M,518.6,129.65,160.60182683234694
6380,Jon Hyde,58,,GBR,,8:38.7,Yes,M,518.7,129.675,160.50895762098233
6380,Ross Hyer,67,NSW,AUS,The Diamonds (Over Sixties Erging Group),8:38.7,Yes,M,518.7,129.675,160.50895762098233
6380,Vincent Ragot,45,Lignan de Bordeaux,FRA,,8:38.7,Yes,M,518.7,129.675,160.50895762098233
6380,Alistair Sawers,55,"Boston, MA",USA,,8:38.7,Yes,M,518.7,129.675,160.50895762098233
6380,Graham Webber,68,FREE SPIRITS,GBR,Free Spirits,8:38.7,No,M,518.7,129.675,160.50895762098233
6380,Brian Wiley,62,"Guilford, CT",USA,,8:38.7,No,M,518.7,129.675,160.50895762098233
6386,Marcel Van Bolhuis,69,Zwolle,NED,,8:38.8,No,M,518.8,129.7,160.4161599989094
6387,David Martin,59,"Gold Coast, QLD",AUS,Drag Factory,8:38.9,Yes,M,518.9,129.725,160.32343389715928
6387,Veli-Pekka Niemikallio,58,Lahti,FIN,,8:38.9,Yes,M,518.9,129.725,160.32343389715928
6387,Jeremy Booker,62,,GBR,,8:38.9,No,M,518.9,129.725,160.32343389715928
6390,Don Feinberg,66,"Tallahassee , FL",USA,,8:39.0,Yes,M,519.0,129.75,160.23077924684364
6390,Mario M,49,Turin,ITA,,8:39.0,Yes,M,519.0,129.75,160.23077924684364
6390,James VanDeVelde,59,"Fresno, CA",USA,,8:39.0,Yes,M,519.0,129.75,160.23077924684364
6393,Jonathan Asch,53,,USA,,8:39.1,Yes,M,519.1,129.775,160.13819597915312
6393,W Kooman,64,,FRA,,8:39.1,Yes,M,519.1,129.775,160.13819597915312
6393,John Mace,60,Nottinghamshire,GBR,,8:39.1,Yes,M,519.1,129.775,160.13819597915312
6396,Andrew Buckle,60,London,GBR,The Diamonds (Over Sixties Erging Group),8:39.2,Yes,M,519.2,129.8,160.04568402535813
6396,Elie Mouchrik,41,Beirut,LBN,,8:39.2,Yes,M,519.2,129.8,160.04568402535813
6396,Donovan Mouriz,53,"Lafayette, CO",USA,,8:39.2,Yes,M,519.2,129.8,160.04568402535813
6396,Eirik Schlisner,53,,USA,,8:39.2,Yes,M,519.2,129.8,160.04568402535813
6396,Trevor Sparrow,46,,USA,TEAM MELALEUCA,8:39.2,Yes,M,519.2,129.8,160.04568402535813
6396,Dom White,41,Bath,GBR,,8:39.2,Yes,M,519.2,129.8,160.04568402535813
6402,Sebastian Mallmann,50,Olivella,ESP,,8:39.3,Yes,M,519.3,129.825,159.95324331680834
6402,Frank Mason,58,,GBR,,8:39.3,Yes,M,519.3,129.825,159.95324331680834
6402,Stephen McAnally,49,Glasgow,GBR,,8:39.3,Yes,M,519.3,129.825,159.95324331680834
6402,Darrell Sturley,66,Abingdon,GBR,,8:39.3,Yes,M,519.3,129.825,159.95324331680834
6402,Guillaume Sublet,41,,CAN,,8:39.3,Yes,M,519.3,129.825,159.95324331680834
6407,Keld Asnæs,56,,DEN,,8:39.4,Yes,M,519.4,129.85,159.86087378493283
6407,John Hofstetter,73,TX,USA,Austin Rowing Club,8:39.4,Yes,M,519.4,129.85,159.86087378493283
6407,Gary Kosits,73,"Doylestown, PA",USA,,8:39.4,Yes,M,519.4,129.85,159.86087378493283
6407,Kenneth Pritchard,26,,USA,,8:39.4,Yes,M,519.4,129.85,159.86087378493283
6407,Andrew James,66,London,GBR,,8:39.4,No,M,519.4,129.85,159.86087378493283
6412,Liyuan Chen,35,"Sydney, NSW",AUS,,8:39.5,Yes,M,519.5,129.875,159.7685753612398
6412,Lasse Faxøe,38,,DEN,,8:39.5,Yes,M,519.5,129.875,159.7685753612398
6414,Marco Lish,46,"Northlake, TX",USA,U.S. Marines,8:39.6,Yes,M,519.6,129.9,159.67634797731637
6414,Randy Abate,61,"Gaithersburg, MD",USA,"University of Rochester, Rochester, NY",8:39.6,No,M,519.6,129.9,159.67634797731637
6416,Aleš Bradáč,46,Vlčatín,CZE,,8:39.8,Yes,M,519.8,129.95,159.49210605552298
6416,Jon Chung,44,,USA,,8:39.8,Yes,M,519.8,129.95,159.49210605552298
6416,Philip Persson,33,,USA,,8:39.8,Yes,M,519.8,129.95,159.49210605552298
6416,Tony Pistilli,34,"Madison, WI",USA,,8:39.8,Yes,M,519.8,129.95,159.49210605552298
6416,Frank Rydzewski,48,,USA,,8:39.8,Yes,M,519.8,129.95,159.49210605552298
6416,Christoph Sobek,41,,GER,,8:39.8,Yes,M,519.8,129.95,159.49210605552298
6416,Larry D'Andrea,64,"Rockland, NY",USA,Team Diamonds,8:39.8,No,M,519.8,129.95,159.49210605552298
6423,John Cassidy,61,OH,USA,The Diamonds (Over Sixties Erging Group),8:39.9,Yes,M,519.9,129.975,159.40009138122164
6423,Jason MacGillivray,41,"Charlottetown, PE",CAN,,8:39.9,Yes,M,519.9,129.975,159.40009138122164
6423,Andrew Moriarty,61,Preston,GBR,The Diamonds (Over Sixties Erging Group),8:39.9,Yes,M,519.9,129.975,159.40009138122164
6423,Philip O'Connor,62,,GBR,,8:39.9,Yes,M,519.9,129.975,159.40009138122164
6423,Alex Tait,51,,CAN,,8:39.9,Yes,M,519.9,129.975,159.40009138122164
6428,Emmett Folk,38,,USA,,8:40.0,Yes,M,520.0,130.0,159.30814747382792
6428,Peter Adams,66,Christchurch,NZL,,8:40.0,No,M,520.0,130.0,159.30814747382792
6428,Tom StClair,67,"Ithaca , NY",USA,Cascadilla Boat Club,8:40.0,No,M,520.0,130.0,159.30814747382792
6431,Aaron Bailey,44,,USA,U.S. Army,8:40.1,Yes,M,520.1,130.025,159.21627426532277
6431,Scott Michael,54,"Boone, IA",USA,Iowa State University,8:40.1,Yes,M,520.1,130.025,159.21627426532277
6431,Nick Morrell,77,"Miami, FL",USA,,8:40.1,Yes,M,520.1,130.025,159.21627426532277
6434,Ian Bradbury,51,High Hurstwood,GBR,,8:40.2,Yes,M,520.2,130.05,159.1244716877656
6435,Zsolt Bertalan,50,London,GBR,,8:40.3,Yes,M,520.3,130.075,159.03273967329437
6436,Nickey Traughber,65,KY,USA,,8:40.4,Yes,M,520.4,130.1,158.94107815412505
6437,Chip Hance,66,"Lake Bluff, IL",USA,,8:40.5,No,M,520.5,130.125,158.84948706255187
6438,Chris Ingham,46,,GBR,,8:40.7,Yes,M,520.7,130.175,158.66651589176044
6438,Gary Joy,81,"Sheridan, WY",USA,TEAM MELALEUCA,8:40.7,Yes,M,520.7,130.175,158.66651589176044
6440,Joseph Fuhrmann,14,,AUT,,8:40.8,Yes,M,520.8,130.2,158.57513567752045
6440,Magne Hovden,57,,NOR,,8:40.8,Yes,M,520.8,130.2,158.57513567752045
6440,Youssef KSIYER,41,,MAR,,8:40.8,Yes,M,520.8,130.2,158.57513567752045
6440,Gualter Martins,41,Coimbra,POR,,8:40.8,Yes,M,520.8,130.2,158.57513567752045
6444,Reade Dennis,43,,USA,,8:40.9,Yes,M,520.9,130.225,158.4838256208322
6444,Corey Harris,49,,USA,,8:40.9,Yes,M,520.9,130.225,158.4838256208322
6444,David Peterson,44,"Garden Grove, CA",USA,"Cal Lightweights, UC Berkeley",8:40.9,Yes,M,520.9,130.225,158.4838256208322
6444,Gavin Shefford,56,Eastleigh,GBR,,8:40.9,Yes,M,520.9,130.225,158.4838256208322
6444,Kevin West,42,,GBR,,8:40.9,Yes,M,520.9,130.225,158.4838256208322
6449,Joseph Cardillo,55,VIC,AUS,,8:41.1,Yes,M,521.1,130.275,158.30141571092219
6449,David Peters,72,"Cottage Grove, OR",USA,Vegan Rowers,8:41.1,Yes,M,521.1,130.275,158.30141571092219
6451,Hakim Dekkar,45,Oudenaarde,BEL,,8:41.3,Yes,M,521.3,130.325,158.11928562442546
6451,Nick Lo,57,"Gold Coast, QLD",AUS,,8:41.3,Yes,M,521.3,130.325,158.11928562442546
6453,Mark Byrum,70,"Louisville, KY",USA,U.S. Coast Guard Academy,8:41.4,Yes,M,521.4,130.35,158.02832534729376
6453,Siva Kommuri,43,,USA,,8:41.4,Yes,M,521.4,130.35,158.02832534729376
6455,Vicente Castanhola,15,,POR,,8:41.5,Yes,M,521.5,130.375,157.93743482497368
6455,Duncan Levene,46,,GBR,,8:41.5,Yes,M,521.5,130.375,157.93743482497368
6455,Mike Burton,59,,GBR,,8:41.5,No,M,521.5,130.375,157.93743482497368
6458,Tony McKenna,62,"Faversham, Kent, UK",IRL,Fitness Matters,8:41.6,Yes,M,521.6,130.4,157.8466139906117
6458,Jürgen Metz,61,Cologne,GER,,8:41.6,Yes,M,521.6,130.4,157.8466139906117
6460,JIN HONG JHUANG,44,,TPE,,8:41.7,Yes,M,521.7,130.425,157.75586277743162
6460,Michael Thorne,67,Bicester,GBR,c2TweetCrew.com,8:41.7,Yes,M,521.7,130.425,157.75586277743162
6462,MATTHEW WRIGHT,53,"Atlanta, GA",USA,"Augusta Rowing Club, Inc.",8:41.8,Race,M,521.8,130.45,157.6651811187336
6462,Frederick Fries,64,KS,USA,The Diamonds (Over Sixties Erging Group),8:41.8,Yes,M,521.8,130.45,157.6651811187336
6462,Sam Rutledge,47,,AUS,,8:41.8,Yes,M,521.8,130.45,157.6651811187336
6465,Vincent Domey,47,"Toronto, ON",CAN,,8:41.9,Yes,M,521.9,130.475,157.57456894789436
6465,Scott Heffron,60,"Farrell, PA",USA,The Diamonds (Over Sixties Erging Group),8:41.9,Yes,M,521.9,130.475,157.57456894789436
6465,Colman Phelan,63,,IRL,,8:41.9,Yes,M,521.9,130.475,157.57456894789436
6468,Bert D’hooge,43,Ursel,BEL,,8:42.0,Yes,M,522.0,130.5,157.48402619836764
6470,Neil Clark,62,,GBR,,8:42.1,Yes,M,522.1,130.525,157.39355280368335
6470,Dominic Declercq,50,Kapellen,BEL,,8:42.1,Yes,M,522.1,130.525,157.39355280368335
6470,Andreas Schindl,52,,AUT,,8:42.1,Yes,M,522.1,130.525,157.39355280368335
6473,Rich Curnow,72,,GBR,,8:42.2,Yes,M,522.2,130.55,157.30314869744774
6474,Chad Joslin,54,IL,USA,,8:42.3,Yes,M,522.3,130.575,157.21281381334347
6474,Mark Woosey,66,Hertfordshire,GBR,The Diamonds (Over Sixties Erging Group),8:42.3,Yes,M,522.3,130.575,157.21281381334347
6476,Dirk Münster,57,Bad Dürkheim,GER,,8:42.4,Yes,M,522.4,130.6,157.1225480851292
6477,Jarosław Mroczek,33,,POL,,8:42.5,Yes,M,522.5,130.625,157.03235144663975
6478,Deaver Collins,73,,USA,,8:42.6,Yes,M,522.6,130.65,156.94222383178575
6478,Maik Eulitz,50,,GER,,8:42.6,Yes,M,522.6,130.65,156.94222383178575
6478,Mike Hoskins,50,,USA,,8:42.6,Yes,M,522.6,130.65,156.94222383178575
6478,Nige Lound,62,SKEGNESS,GBR,The Diamonds (Over Sixties Erging Group),8:42.6,Yes,M,522.6,130.65,156.94222383178575
6478,Steven Maher,60,"Bethlehem, PA",USA,The Diamonds (Over Sixties Erging Group),8:42.6,Yes,M,522.6,130.65,156.94222383178575
6483,Tor Berg,65,Bergen 🇳🇴,NOR,,8:42.7,Yes,M,522.7,130.675,156.85216517455393
6483,Jordi Comas,42,,ESP,,8:42.7,Yes,M,522.7,130.675,156.85216517455393
6483,Kenny Murdoch,60,,FRA,,8:42.7,No,M,522.7,130.675,156.85216517455393
6486,Jon Golledge,62,Glastonbury,GBR,,8:42.8,Yes,M,522.8,130.7,156.7621754090067
6486,Mark Rhodes,71,Northallerton,GBR,,8:42.8,Yes,M,522.8,130.7,156.7621754090067
6488,William Henwood,62,"Lampeter , Wales",GBR,The Diamonds (Over Sixties Erging Group),8:42.9,Yes,M,522.9,130.725,156.67225446928163
6488,David Kwon,59,Live in USA,KOR,The Diamonds (Over Sixties Erging Group),8:42.9,Yes,M,522.9,130.725,156.67225446928163
6488,Jonathan Rogers,51,WA,USA,,8:42.9,Yes,M,522.9,130.725,156.67225446928163
6488,Joel Howe,55,"Jacksonville, FL",USA,Jacksonville Rowing Club,8:42.9,No,M,522.9,130.725,156.67225446928163
6492,Matthieu Lanoe,40,,FRA,,8:43.0,Yes,M,523.0,130.75,156.58240228959258
6492,[노젓는당] 피엘라벤,38,,KOR,,8:43.0,Yes,M,523.0,130.75,156.58240228959258
6494,Jon Stockham,38,,GBR,,8:43.2,Yes,M,523.2,130.8,156.40290394755354
6494,Randy Walters,40,,USA,,8:43.2,Yes,M,523.2,130.8,156.40290394755354
6494,James Baribeault,75,"Newburyport, MA",USA,,8:43.2,No,M,523.2,130.8,156.40290394755354
6494,David Toseland,77,Studley,GBR,The Diamonds (Over Sixties Erging Group),8:43.2,No,M,523.2,130.8,156.40290394755354
6498,Joel Mendel,61,,FRA,CERCLE NAUTIQUE DU PAYS D’AIX CNPA,8:43.3,Yes,M,523.3,130.825,156.31325765400732
6498,Neil Rabideau,62,"Rockingham Co, NH",USA,,8:43.3,Yes,M,523.3,130.825,156.31325765400732
6498,Gregory Upton,67,"Port Macquarie, NSW",AUS,,8:43.3,Yes,M,523.3,130.825,156.31325765400732
6498,David Smith,63,Prayssac,GBR,Free Spirits,8:43.3,No,M,523.3,130.825,156.31325765400732
6502,Marc Starbuck,44,Leyland,GBR,,8:43.4,Yes,M,523.4,130.85,156.2236798581045
6503,Merle Clor,76,"Gainesville, VA",USA,Forever Young,8:43.5,Yes,M,523.5,130.875,156.13417049443484
6503,Hartwig Vogel,60,Süßen,GER,,8:43.5,Yes,M,523.5,130.875,156.13417049443484
6503,준오 임,30,,KOR,,8:43.5,Yes,M,523.5,130.875,156.13417049443484
6506,Alan Gnauck,73,"Ponte Vedra, FL",USA,,8:43.6,Yes,M,523.6,130.9,156.04472949766287
6506,Keith Kreycik,75,"Berkeley, CA",USA,Minneapolis Rowing Club,8:43.6,Yes,M,523.6,130.9,156.04472949766287
6506,Jessie Morris,38,,USA,,8:43.6,Yes,M,523.6,130.9,156.04472949766287
6506,Tomislav Cvenić,40,,CRO,EXR Rowing,8:43.6,No,M,523.6,130.9,156.04472949766287
6510,K9 McCormick,71,"El Cerrito, CA",USA,,8:43.7,Yes,M,523.7,130.925,155.95535680252834
6510,Roman Suter,36,,SUI,,8:43.7,Yes,M,523.7,130.925,155.95535680252834
6510,Charles Liebling,72,"New York, NY",USA,,8:43.7,No,M,523.7,130.925,155.95535680252834
6513,Mark Freeman,58,,GBR,,8:43.8,Yes,M,523.8,130.95,155.86605234384544
6513,James Powers,30,,USA,,8:43.8,Yes,M,523.8,130.95,155.86605234384544
6513,Hannes Wagner,49,,ITA,,8:43.8,Yes,M,523.8,130.95,155.86605234384544
6513,祥 Xiang,47,槟城,MAS,,8:43.8,Yes,M,523.8,130.95,155.86605234384544
6517,Ellis Folkes,28,,GBR,,8:43.9,Yes,M,523.9,130.975,155.77681605650278
6517,Stephane VALFORT,52,ETANG-SUR-ARROUX,FRA,Coach-Rameur.com,8:43.9,Yes,M,523.9,130.975,155.77681605650278
6519,Matt Davis,41,,USA,,8:44.0,Yes,M,524.0,131.0,155.68764787546408
6519,C Mohr,64,,USA,,8:44.0,Yes,M,524.0,131.0,155.68764787546408
6519,Ulrich Risse,68,,GER,,8:44.0,Yes,M,524.0,131.0,155.68764787546408
6519,David Griffiths,65,Gauteng,RSA,Shosholoza,8:44.0,No,M,524.0,131.0,155.68764787546408
6519,Mark Wieringa,51,,NED,,8:44.0,No,M,524.0,131.0,155.68764787546408
6524,Lawrence Bunn,59,,GBR,Craven Energy Triathlon Club,8:44.1,Race,M,524.1,131.025,155.59854773576714
6524,Stuart Clinton,55,,GBR,Halifax Puregym,8:44.1,Race,M,524.1,131.025,155.59854773576714
6524,Ian Taylor,53,,GBR,,8:44.1,Yes,M,524.1,131.025,155.59854773576714
6524,Lawrence Bunn,59,,GBR,,8:44.1,No,M,524.1,131.025,155.59854773576714
6528,David Westby,69,,AUS,,8:44.2,Race,M,524.2,131.05,155.50951557252407
6528,Larry Keating,71,"Island Lake, IL",USA,The Diamonds (Over Sixties Erging Group),8:44.2,Yes,M,524.2,131.05,155.50951557252407
6530,Anthony Seddon,62,Preston,GBR,,8:44.3,Yes,M,524.3,131.075,155.42055132092142
6530,Stephen Taylor,67,,GBR,Cornish Pilot Gig Rowers,8:44.3,Yes,M,524.3,131.075,155.42055132092142
6530,Jason 호사친,54,"Coffs Harbour, NSW",AUS,,8:44.3,Yes,M,524.3,131.075,155.42055132092142
6533,Stephen Mann,49,Turriff,GBR,,8:44.4,Yes,M,524.4,131.1,155.33165491621975
6534,Rob Ford,46,,GBR,,8:44.5,Yes,M,524.5,131.125,155.2428262937537
6534,Jon Haydock,51,Victoria,CAN,,8:44.5,Yes,M,524.5,131.125,155.2428262937537
6534,Zack Musall,39,,USA,USCG SPS FAC,8:44.5,Yes,M,524.5,131.125,155.2428262937537
6534,Yisroel Homnick,65,"Chicago, IL",USA,TimbukTOO,8:44.5,No,M,524.5,131.125,155.2428262937537
6538,John B,40,,USA,,8:44.6,Yes,M,524.6,131.15,155.1540653889317
6538,Alan Dix,77,,GBR,The Diamonds (Over Sixties Erging Group),8:44.6,Yes,M,524.6,131.15,155.1540653889317
6538,Stephen Moss-Hayes,60,,GBR,,8:44.6,Yes,M,524.6,131.15,155.1540653889317
6541,Crispin Flower,57,Brecon,GBR,,8:44.7,Yes,M,524.7,131.175,155.0653721372365
6541,John Swanson,62,"Greer, SC",USA,Greenville Indoor Rowing,8:44.7,Yes,M,524.7,131.175,155.0653721372365
6543,Nils-Johan Björklund,72,Uppsala,SWE,,8:44.8,Yes,M,524.8,131.2,154.97674647422417
6543,Michael Plunkett,74,"Pelham, NY",USA,,8:44.8,No,M,524.8,131.2,154.97674647422417
6545,Gerard David,77,Le havre,FRA,,8:44.9,Yes,M,524.9,131.225,154.88818833552435
6545,Fillipe Lamas,32,São Paulo,BRA,,8:44.9,Yes,M,524.9,131.225,154.88818833552435
6545,Tomislav Pavic,48,,USA,,8:44.9,Yes,M,524.9,131.225,154.88818833552435
6545,Chad Rawn,49,"Richmond Hill , ON",CAN,Queen's University,8:44.9,Yes,M,524.9,131.225,154.88818833552435
6545,Brothers Terry,68,"Clinton, MS",USA,The Diamonds (Over Sixties Erging Group),8:44.9,Yes,M,524.9,131.225,154.88818833552435
6550,Mike Mailley,64,,USA,,8:45.0,Yes,M,525.0,131.25,154.7996976568405
6550,Andy Pownall,58,,GBR,UK Rowers,8:45.0,Yes,M,525.0,131.25,154.7996976568405
6550,Alan Thomas,74,Reading,GBR,,8:45.0,Yes,M,525.0,131.25,154.7996976568405
6550,Eddie B,58,"Perth, WA",AUS,Australian Army,8:45.0,No,M,525.0,131.25,154.7996976568405
6550,Stephen Bottley,53,Solihull,GBR,DLA Piper,8:45.0,No,M,525.0,131.25,154.7996976568405
6550,Daniel Goessling,74,West Roxbury,USA,,8:45.0,No,M,525.0,131.25,154.7996976568405
6556,Ryan Duncan,30,,USA,,8:45.1,Yes,M,525.1,131.275,154.71127437394955
6556,Patrick Tan,33,VIC,AUS,,8:45.1,Yes,M,525.1,131.275,154.71127437394955
6558,Anthony Costanzo,64,"Alexandria, VA",USA,The Diamonds (Over Sixties Erging Group),8:45.3,Yes,M,525.3,131.325,154.53462973902023
6558,Jose Solano,38,,GBR,,8:45.3,Yes,M,525.3,131.325,154.53462973902023
6558,René Wieberneit,60,KW,GER,,8:45.3,Yes,M,525.3,131.325,154.53462973902023
6561,Jiri Rozkydal,60,Jachymov,CZE,,8:45.4,Yes,M,525.4,131.35,154.44640825890193
6562,Fredrik Hellen-Halme,52,,SWE,,8:45.5,Yes,M,525.5,131.375,154.35825391841638
6562,Olivier Skrehot,48,QC,CAN,,8:45.5,Yes,M,525.5,131.375,154.35825391841638
6562,Chris Print,65,Sucina,ESP,The Diamonds (Over Sixties Erging Group),8:45.5,No,M,525.5,131.375,154.35825391841638
6565,Vitalii Silenko,51,Pervomaisk,UKR,,8:45.6,Yes,M,525.6,131.4,154.27016665370613
6566,William Barnard,71,"Baltimore, MD",USA,,8:45.7,Yes,M,525.7,131.425,154.1821464009869
6566,Nigel Buckley,61,Worcester,GBR,,8:45.7,Yes,M,525.7,131.425,154.1821464009869
6566,Callum Costello,16,,IRL,,8:45.7,Yes,M,525.7,131.425,154.1821464009869
6569,Matt Christel,42,,USA,,8:45.8,Yes,M,525.8,131.45,154.09419309654697
6569,Mark Lenny,70,"Dignams Creek, NSW",AUS,,8:45.8,Yes,M,525.8,131.45,154.09419309654697
6569,Mark Rimmer,59,Carlisle,GBR,Age Without Limits,8:45.8,Yes,M,525.8,131.45,154.09419309654697
6569,Dick Bowden,72,"Indianapolis, IN",USA,Ariel Toy,8:45.8,No,M,525.8,131.45,154.09419309654697
6573,Antonio Buckner,36,"Clarksville , TN",USA,Army Gunners RA,8:45.9,Yes,M,525.9,131.475,154.00630667674707
6573,James Howlett,41,,GBR,,8:45.9,Yes,M,525.9,131.475,154.00630667674707
6573,Russell King,54,,GBR,,8:45.9,Yes,M,525.9,131.475,154.00630667674707
6573,D Neil Saunders,73,Nantwich,GBR,,8:45.9,No,M,525.9,131.475,154.00630667674707
6577,Kevin Haas,39,,KOR,,8:46.0,Yes,M,526.0,131.5,153.91848707802075
6578,Matt Goldman,31,,USA,,8:46.1,Yes,M,526.1,131.525,153.83073423687424
6578,Tom Markee,60,"Okemos, MI",USA,,8:46.1,Yes,M,526.1,131.525,153.83073423687424
6578,Kai Schmidt,20,,GER,,8:46.1,Yes,M,526.1,131.525,153.83073423687424
6581,George Oberkirsch,64,"Lake Frederick, VA",USA,,8:46.2,Yes,M,526.2,131.55,153.74304808988578
6581,Howard Ryan-Price,66,,GBR,,8:46.2,Yes,M,526.2,131.55,153.74304808988578
6581,Russ St Clair,64,"Palmyra, PA",USA,,8:46.2,No,M,526.2,131.55,153.74304808988578
6584,Oscar Barrenechea,46,"Parker, CO",USA,,8:46.3,Yes,M,526.3,131.575,153.65542857370613
6584,Chris Gillies,66,"Gatineau, QC",CAN,,8:46.3,Yes,M,526.3,131.575,153.65542857370613
6584,Leo Perr,39,,SUI,,8:46.3,Yes,M,526.3,131.575,153.65542857370613
6584,Kristian Sørensen,51,Mårslet,DEN,,8:46.3,Yes,M,526.3,131.575,153.65542857370613
6588,Jeremiah Beltran,45,AZ,USA,,8:46.4,Yes,M,526.4,131.6,153.5678756250581
6588,Brian McElwain,47,,USA,US Navy,8:46.4,Yes,M,526.4,131.6,153.5678756250581
6590,John Sturdy,78,"Richmond, BC",CAN,,8:46.5,Yes,M,526.5,131.625,153.48038918073675
6590,Werner Zeiss,75,Fehmarn,GER,,8:46.5,Yes,M,526.5,131.625,153.48038918073675
6590,Alvin Zongo,15,,TAN,,8:46.5,Yes,M,526.5,131.625,153.48038918073675
6593,Myron Smith,76,"Atlanta, GA",USA,,8:46.6,Race,M,526.6,131.65,153.3929691776089
6593,stephen mats mats,57,"Coupeville, WA",USA,,8:46.6,Yes,M,526.6,131.65,153.3929691776089
6593,Henning P,37,CA,USA,,8:46.6,Yes,M,526.6,131.65,153.3929691776089
6593,Jakub Żmuda,48,,POL,,8:46.6,Yes,M,526.6,131.65,153.3929691776089
6597,Nathan Alden,44,"Westport, MA",USA,,8:46.7,Yes,M,526.7,131.675,153.30561555261363
6597,William Westerman,56,Huddersfield,GBR,Age Without Limits,8:46.7,Yes,M,526.7,131.675,153.30561555261363
6599,Nigel James,55,NSW,AUS,,8:46.8,Yes,M,526.8,131.7,153.2183282427617
6599,Corey Kinsman,45,TN,USA,,8:46.8,Yes,M,526.8,131.7,153.2183282427617
6599,Steffen Sinzinger,44,,GER,,8:46.8,Yes,M,526.8,131.7,153.2183282427617
6599,Tim Terrell,79,"Ivins, UT",USA,,8:46.8,Yes,M,526.8,131.7,153.2183282427617
6599,Raymond Wright,63,"Lusby, MD",USA,,8:46.8,Yes,M,526.8,131.7,153.2183282427617
6604,David Wallace,70,Poole,GBR,The Diamonds (Over Sixties Erging Group),8:46.9,Yes,M,526.9,131.725,153.1311071851352
6605,Thierry Crasquin,64,Ecquevilly,FRA,,8:47.0,Yes,M,527.0,131.75,153.0439523168883
6605,Geevarghese T Simry,39,,IND,,8:47.0,Yes,M,527.0,131.75,153.0439523168883
6605,Killer Crews,79,"Stamford, CT",USA,Cambridge University (Pembroke College Boat Club),8:47.0,No,M,527.0,131.75,153.0439523168883
6605,Máté Kovács,32,,HUN,,8:47.0,No,M,527.0,131.75,153.0439523168883
6609,Flor Verhellen,16,,BEL,,8:47.1,Yes,M,527.1,131.775,152.95686357524664
6609,Javier Sabas,70,Barcelona,ESP,The Diamonds (Over Sixties Erging Group),8:47.1,No,M,527.1,131.775,152.95686357524664
6611,Francisco Andrade,47,Salvador,BRA,,8:47.2,Yes,M,527.2,131.8,152.86984089750717
6611,Jerry Lee,26,,USA,,8:47.2,Yes,M,527.2,131.8,152.86984089750717
6613,Paul Fazackerley,42,Newcastle upon Tyne,GBR,,8:47.3,Yes,M,527.3,131.825,152.78288422103816
6613,Eric McCarthy,44,"Tucson, AZ",USA,"University of Rochester, Rochester, NY",8:47.3,Yes,M,527.3,131.825,152.78288422103816
6613,Niklas Sjögren,75,,SWE,,8:47.3,Yes,M,527.3,131.825,152.78288422103816
6616,Domenico Incampo,58,Boltiere,ITA,,8:47.4,Yes,M,527.4,131.85,152.6959934832792
6616,Matt Wallace,41,ON,CAN,,8:47.4,No,M,527.4,131.85,152.6959934832792
6618,Jack England,30,,GBR,,8:47.5,Yes,M,527.5,131.875,152.60916862174102
6618,Christopher Wynne,80,St Leonards-on-sea,GBR,Bewl Bridge Rowing Club,8:47.5,Yes,M,527.5,131.875,152.60916862174102
6620,Phil Tweedie,65,"San Anselmo, CA",USA,Royal Navy Veterans,8:47.6,Yes,M,527.6,131.9,152.5224095740052
6621,Gabriel Cunningham,23,"Virginia Beach, VA",USA,,8:47.7,Yes,M,527.7,131.925,152.43571627772468
6622,Brian Hoey,55,Hampton Bays,IRL,,8:47.8,Yes,M,527.8,131.95,152.34908867062302
6623,Richard McGill,54,Dailly,GBR,,8:47.9,Yes,M,527.9,131.975,152.26252669049438
6623,Evan Solomon,67,"Collierville, TN",USA,University of Southern California,8:47.9,No,M,527.9,131.975,152.26252669049438
6625,Cody Cornell,35,,USA,,8:48.0,Yes,M,528.0,132.0,152.1760302752038
6625,John Mckimmie,56,"Westbury, TAS",AUS,,8:48.0,Yes,M,528.0,132.0,152.1760302752038
6625,Frank Connelly,71,"Staten Island, NY",USA,,8:48.0,No,M,528.0,132.0,152.1760302752038
6628,Stephen Wright,57,,GBR,David Lloyd Nottingham,8:48.1,Race,M,528.1,132.025,152.089599362687
6628,PAWEL P,47,,POL,,8:48.1,Yes,M,528.1,132.025,152.089599362687
6628,Keith Desser,45,"Trenton, NJ",USA,,8:48.1,No,M,528.1,132.025,152.089599362687
6628,Curt Mattingly,72,"Fairfax, VA",USA,,8:48.1,No,M,528.1,132.025,152.089599362687
6632,Louis Wong,59,Essex,GBR,,8:48.2,Yes,M,528.2,132.05,152.00323389095004
6633,Christian Czarnecki,37,,GER,,8:48.3,Yes,M,528.3,132.075,151.91693379806938
6633,Jeff Mor,48,AZ,USA,,8:48.3,Yes,M,528.3,132.075,151.91693379806938
6633,David Murphy,57,,USA,,8:48.3,No,M,528.3,132.075,151.91693379806938
6636,Roland Koeppel,69,,GER,,8:48.4,Yes,M,528.4,132.1,151.8306990221918
6637,Benjamín de Castro García,65,Toledo,ESP,Spain Team,8:48.5,Yes,M,528.5,132.125,151.74452950153423
6637,David Feldstein,59,,GBR,,8:48.5,Yes,M,528.5,132.125,151.74452950153423
6637,Ron Manuel,72,"Redding, CA",USA,,8:48.5,No,M,528.5,132.125,151.74452950153423
6640,Theo Van Erp,60,Vught,NED,,8:48.6,Yes,M,528.6,132.15,151.65842517438375
6640,Joe Bravo,37,,USA,,8:48.6,No,M,528.6,132.15,151.65842517438375
6640,Lubos Vesely,59,Praha,CZE,,8:48.6,No,M,528.6,132.15,151.65842517438375
6643,Maurice Ward,75,"Stroudsburg, PA",USA,,8:48.8,Yes,M,528.8,132.2,151.48641185410298
6643,Jim Wipff,78,"Pflugerville, TX",USA,The Diamonds (Over Sixties Erging Group),8:48.8,Yes,M,528.8,132.2,151.48641185410298
6643,Martin Doe,65,Shrewsbury,GBR,,8:48.8,No,M,528.8,132.2,151.48641185410298
6643,Dick Muri,72,"Steilacoom, WA",USA,Commencement Bay Rowing Club,8:48.8,No,M,528.8,132.2,151.48641185410298
6647,David Gibbs,50,,GBR,,8:48.9,Yes,M,528.9,132.225,151.40050273789643
6647,bill martin,67,"canonsburg, PA",USA,USMC Veterans,8:48.9,Yes,M,528.9,132.225,151.40050273789643
6649,Chris Archer,77,BAY OF ISLANDS,NZL,Free Spirits,8:49.0,Yes,M,529.0,132.25,151.31465856904467
6649,Tim Hawker,57,Shirley,GBR,,8:49.0,No,M,529.0,132.25,151.31465856904467
6649,william levick,79,St Jaques,FRA,,8:49.0,No,M,529.0,132.25,151.31465856904467
6649,Tim Miskiewicz,66,"Springfield, MO",USA,,8:49.0,No,M,529.0,132.25,151.31465856904467
6653,David Murray,64,Edinburgh,GBR,,8:49.1,No,M,529.1,132.275,151.22887928618414
6653,Trevor Reeves,71,"Oliver, BC",CAN,The Eh! Team,8:49.1,No,M,529.1,132.275,151.22887928618414
6655,Detlef Grunert,71,Nördlingen,GER,The Diamonds (Over Sixties Erging Group),8:49.2,Yes,M,529.2,132.3,151.14316482802064
6655,Ben Taylor,50,,USA,,8:49.2,Yes,M,529.2,132.3,151.14316482802064
6657,Christian Cantalupi,72,,FRA,,8:49.3,Yes,M,529.3,132.325,151.05751513332945
6657,Rafa dos Santos,40,,USA,,8:49.3,Yes,M,529.3,132.325,151.05751513332945
6657,Ximo Guanter,40,,ESP,,8:49.3,Yes,M,529.3,132.325,151.05751513332945
6657,Gurdeep Matharoo,42,,USA,,8:49.3,Yes,M,529.3,132.325,151.05751513332945
6661,Kevin T Mcmorrow,72,Orpington London,GBR,The Diamonds (Over Sixties Erging Group),8:49.4,Yes,M,529.4,132.35,150.97193014095527
6661,Harald Meyer,44,,GER,,8:49.4,Yes,M,529.4,132.35,150.97193014095527
6661,Grant Rafferty,25,,GBR,,8:49.4,Yes,M,529.4,132.35,150.97193014095527
6661,Philip White,77,,GBR,,8:49.4,Yes,M,529.4,132.35,150.97193014095527
6665,Michael Jayjack,41,,USA,,8:49.5,Yes,M,529.5,132.375,150.88640978981203
6665,Jack Rivers,69,Bedford,GBR,St Neots Rowing Club,8:49.5,Yes,M,529.5,132.375,150.88640978981203
6667,Travis Hallifax,54,"Hudsonville, MI",USA,,8:49.6,Yes,M,529.6,132.4,150.80095401888292
6667,Bernhard Holler,34,Eisenstadt,AUT,,8:49.6,Yes,M,529.6,132.4,150.80095401888292
6667,NICKOS PETROPOULOS,59,MYRINA LEMNOS,GRE,,8:49.6,Yes,M,529.6,132.4,150.80095401888292
6670,Richard Culligan,77,Norwich,GBR,The Cavalier Close Rower(s),8:49.7,Yes,M,529.7,132.425,150.71556276722032
6670,R ossonero,49,ON,CAN,Canadian Army,8:49.7,Yes,M,529.7,132.425,150.71556276722032
6670,Gerald Fortier,67,"St-Hubert, QC",CAN,EXR Rowing,8:49.7,No,M,529.7,132.425,150.71556276722032
6670,Kevin Mansell,69,Jersey,GBR,Jersey Canoe Club,8:49.7,No,M,529.7,132.425,150.71556276722032
6674,Rob Jones,57,Swanage,GBR,,8:49.8,Yes,M,529.8,132.45,150.63023597394553
6675,Arnie Kaplan,74,,GBR,Seal PT Indoor rowing team,8:49.9,Race,M,529.9,132.475,150.54497357824857
6675,Travis Martin,49,ND,USA,,8:49.9,Yes,M,529.9,132.475,150.54497357824857
6677,Lewis Cluett,74,"Saskatoon, SK",CAN,,8:50.0,Yes,M,530.0,132.5,150.45977551938847
6677,Kesara R,40,Wellington,NZL,,8:50.0,Yes,M,530.0,132.5,150.45977551938847
6677,Pawel Tomaszewicz,54,Góra Kalwaria,POL,Polish Indoor Rowing Team,8:50.0,Yes,M,530.0,132.5,150.45977551938847
6677,Marco Koffeman,55,Utrecht,NED,,8:50.0,No,M,530.0,132.5,150.45977551938847
6677,Daniel Pesch,50,Gaimersheim,GER,Crossfit In Town,8:50.0,No,M,530.0,132.5,150.45977551938847
6682,Dai Roberts,65,,GBR,,8:50.1,Yes,M,530.1,132.525,150.37464173669315
6683,Philippe BIREMONT,56,,FRA,,8:50.2,Yes,M,530.2,132.55,150.289572169559
6683,Ron Good,67,"Naperville, IL",USA,Peace Train Rowers,8:50.2,Yes,M,530.2,132.55,150.289572169559
6683,Andrzej Kedziora,46,,POL,,8:50.2,Yes,M,530.2,132.55,150.289572169559
6683,Dan Parry,59,,GBR,,8:50.2,Yes,M,530.2,132.55,150.289572169559
6687,Duke Perino,46,"Burlington, NJ",USA,Cervus Athletics,8:50.3,Yes,M,530.3,132.575,150.20456675745092
6689,Christian Wuethrich,61,Bern 🇨🇭,SUI,The Diamonds (Over Sixties Erging Group),8:50.5,Yes,M,530.5,132.625,150.03474815651523
6690,Kelvin Bazley,77,"Cabarlah, QLD",AUS,,8:50.6,Yes,M,530.6,132.65,149.94993484695942
6690,John Froggatt,71,Lytham 🏴󠁧󠁢󠁥󠁮󠁧󠁿,GBR,Royal Air Force (UK),8:50.6,Yes,M,530.6,132.65,149.94993484695942
6690,Geoff Healey,61,,GBR,The Diamonds (Over Sixties Erging Group),8:50.6,Yes,M,530.6,132.65,149.94993484695942
6690,Dave Allen,57,Bath,GBR,,8:50.6,No,M,530.6,132.65,149.94993484695942
6694,Michael Albano,72,"West Hartford, CT",USA,The Diamonds (Over Sixties Erging Group),8:50.7,Yes,M,530.7,132.675,149.86518545097343
6694,Frits Meijer,61,Leiden,NED,The Diamonds (Over Sixties Erging Group),8:50.7,Yes,M,530.7,132.675,149.86518545097343
6696,Kai Bockmann,60,,GBR,,8:50.8,Yes,M,530.8,132.7,149.78049990836368
6696,Richard Eyles,55,Newcastle upon Tyne,GBR,,8:50.8,Yes,M,530.8,132.7,149.78049990836368
6696,Owen Hotvet,71,"SIOUX FALLS, SD",USA,The Diamonds (Over Sixties Erging Group),8:50.8,Yes,M,530.8,132.7,149.78049990836368
6696,Mark Purcell,46,,GBR,,8:50.8,Yes,M,530.8,132.7,149.78049990836368
6700,Stephan Fröde,50,Duderstadt,GER,,8:50.9,Yes,M,530.9,132.725,149.6958781590044
6700,Neil Moss,64,Aldridge,GBR,,8:50.9,Yes,M,530.9,132.725,149.6958781590044
6700,Richard Manly,67,"Augusta, GA",USA,,8:50.9,No,M,530.9,132.725,149.6958781590044
6703,Frank Bühler,62,,GER,,8:51.0,Yes,M,531.0,132.75,149.61132014283788
6703,Steven Larky,63,"Cardiff-by-the-Sea, CA",USA,Massachusetts Institute of Technology,8:51.0,Yes,M,531.0,132.75,149.61132014283788
6703,Paul Carani,61,"St Charles, IL",USA,,8:51.0,No,M,531.0,132.75,149.61132014283788
6703,Steven Loftus,70,"Los Alamos, NM",USA,Western Washington University,8:51.0,No,M,531.0,132.75,149.61132014283788
6703,Mike Silvey,63,"Canton, OH",USA,,8:51.0,No,M,531.0,132.75,149.61132014283788
6708,Stan Barter,66,"Lochaber, NS",CAN,Antigonish Rowing Club,8:51.1,Yes,M,531.1,132.775,149.52682579987456
6708,Jim CZ,60,,USA,,8:51.1,Yes,M,531.1,132.775,149.52682579987456
6708,fred le,54,,USA,,8:51.1,Yes,M,531.1,132.775,149.52682579987456
6711,Edwin Bühler,61,Wassenberg 😎🏃🏻🚴🏼🚣🏼,GER,The Diamonds (Over Sixties Erging Group),8:51.2,Yes,M,531.2,132.8,149.4423950701922
6711,Andreas Dygruber,37,,AUT,,8:51.2,Yes,M,531.2,132.8,149.4423950701922
6711,Lincoln Mah,50,"Melbourne, VIC",AUS,Genesis,8:51.2,Yes,M,531.2,132.8,149.4423950701922
6714,Edward Salley,64,"Andover, MA",USA,The Diamonds (Over Sixties Erging Group),8:51.3,Yes,M,531.3,132.825,149.35802789393642
6714,David Spencer,63,wolverhampton,GBR,The Diamonds (Over Sixties Erging Group),8:51.3,Yes,M,531.3,132.825,149.35802789393642
6716,Stephen Carr,54,East Midlands,GBR,British Army,8:51.4,Yes,M,531.4,132.85,149.27372421132034
6716,Ross Singleton,27,,GBR,,8:51.4,Yes,M,531.4,132.85,149.27372421132034
6716,Kay Bömer,54,,GER,,8:51.4,No,M,531.4,132.85,149.27372421132034
6719,Kenan Aksu,58,Izmir,TUR,,8:51.5,Yes,M,531.5,132.875,149.1894839626246
6719,Han Zhang,34,"Pawtucket, RI",USA,,8:51.5,Yes,M,531.5,132.875,149.1894839626246
6721,Donald Rae,63,"Denver, CO",USA,,8:51.6,Yes,M,531.6,132.9,149.10530708819712
6722,Michael Brinkmann,41,,GER,,8:51.7,Yes,M,531.7,132.925,149.0211935284534
6722,Sean Martin,40,,USA,,8:51.7,Yes,M,531.7,132.925,149.0211935284534
6722,Ian Martin,70,Kyrenia,GBR,,8:51.7,No,M,531.7,132.925,149.0211935284534
6725,Paul Astrike,68,"NW Florida, FL",USA,,8:51.9,Yes,M,531.9,132.975,148.85315611501437
6725,Kenny Williams,59,NJ,USA,,8:51.9,Yes,M,531.9,132.975,148.85315611501437
6727,Brett Kristjanson,57,"Arnes, MB",CAN,,8:52.0,Yes,M,532.0,133.0,148.76923214248518
6727,David Meltzer,66,,USA,,8:52.0,Yes,M,532.0,133.0,148.76923214248518
6727,Paul Sales,62,,GBR,,8:52.0,Yes,M,532.0,133.0,148.76923214248518
6727,Luke Steiner,35,,USA,,8:52.0,Yes,M,532.0,133.0,148.76923214248518
6727,Richard Davie,67,Edinburgh,GBR,,8:52.0,No,M,532.0,133.0,148.76923214248518
6727,Rob Newcomb,55,"Ottawa, ON",CAN,Canadian Army,8:52.0,No,M,532.0,133.0,148.76923214248518
6733,Steven Duroe,73,Queensbury Yorkshire,GBR,The Diamonds (Over Sixties Erging Group),8:52.1,Yes,M,532.1,133.025,148.6853712469723
6733,Markus Klassen,46,Atlantis,GER,,8:52.1,Yes,M,532.1,133.025,148.6853712469723
6733,Marko Majer,57,,SLO,,8:52.1,Yes,M,532.1,133.025,148.6853712469723
6736,Stefan Palm,63,Trelleborg,SWE,,8:52.2,Yes,M,532.2,133.05,148.60157336922614
6737,Hervé Hennetin,52,,FRA,,8:52.3,Yes,M,532.3,133.075,148.51783845006398
6737,Fernando Saca,38,,USA,,8:52.3,Yes,M,532.3,133.075,148.51783845006398
6737,Paulo Sena,55,Porto,POR,,8:52.3,Yes,M,532.3,133.075,148.51783845006398
6740,Nic Bernard,64,Coulsdon,GBR,,8:52.4,No,M,532.4,133.1,148.43416643036971
6740,Martin Connolly,68,,GBR,,8:52.4,No,M,532.4,133.1,148.43416643036971
6742,Chris Pollard,77,"Monument, CO",USA,Sheffield University,8:52.5,Yes,M,532.5,133.125,148.350557251094
6742,Chris Proud,78,Derby,GBR,,8:52.5,No,M,532.5,133.125,148.350557251094
6744,Robert Dye,67,"Brevard, NC",USA,,8:52.6,Yes,M,532.6,133.15,148.26701085325374
6744,Francesco Lofaro,40,Milan,ITA,,8:52.6,Yes,M,532.6,133.15,148.26701085325374
6744,Eduardo Pombo,59,Lisboa,POR,,8:52.6,Yes,M,532.6,133.15,148.26701085325374
6744,Zhixue Su,37,,SWE,,8:52.6,Yes,M,532.6,133.15,148.26701085325374
6748,Michael Hamblin,71,,GBR,,8:52.7,Yes,M,532.7,133.175,148.18352717793263
6748,David Walker,66,YORKSHIRE !!!,GBR,Age Without Limits,8:52.7,No,M,532.7,133.175,148.18352717793263
6750,David Salisbury,63,,GBR,Darkhorse Rowing,8:52.8,Yes,M,532.8,133.2,148.10010616628048
6750,Rob Sutherns,79,,GBR,,8:52.8,Yes,M,532.8,133.2,148.10010616628048
6752,Andreas Langner,52,Kaltenkirchen,GER,,8:52.9,Yes,M,532.9,133.225,148.0167477595132
6752,Chris Lloyd-Jones,59,,GBR,,8:52.9,Yes,M,532.9,133.225,148.0167477595132
6752,Robert M.L. Snapper,77,Bensafrim-Lagos,POR,Ergathlon,8:52.9,Yes,M,532.9,133.225,148.0167477595132
6752,Clark Wang,48,,HKG,,8:52.9,Yes,M,532.9,133.225,148.0167477595132
6756,Don Mayne,74,"Picton, ON",CAN,,8:53.0,No,M,533.0,133.25,147.93345189891306
6756,Nathan Wakelam,50,Manchester,GBR,,8:53.0,No,M,533.0,133.25,147.93345189891306
6758,Tom Bunke,60,,GER,,8:53.1,Yes,M,533.1,133.275,147.85021852582847
6758,Archer King,15,"Mount Albert , ON",CAN,Barrie Rowing Club,8:53.1,Yes,M,533.1,133.275,147.85021852582847
6758,Ray Morvan,61,"Northfield , VT",USA,The Diamonds (Over Sixties Erging Group),8:53.1,Yes,M,533.1,133.275,147.85021852582847
6758,Murray Robb,78,Porirua,NZL,Empty the Tanks,8:53.1,No,M,533.1,133.275,147.85021852582847
6762,Milktea Bae,35,,KOR,Geobukseon -「거북선」,8:53.2,Yes,M,533.2,133.3,147.76704758167367
6762,Dan Conway,40,,USA,,8:53.2,Yes,M,533.2,133.3,147.76704758167367
6762,Mike D IM SLOOOW,34,,USA,,8:53.2,Yes,M,533.2,133.3,147.76704758167367
6765,Dan Larson,51,WA,USA,United States Army and Air National Guard,8:53.3,Yes,M,533.3,133.325,147.68393900792887
6766,Scott Thomas,57,"Colstrip, MT",USA,,8:53.4,Yes,M,533.4,133.35,147.60089274614006
6766,Erik Winberg,62,"New Port Richey , FL",USA,The Diamonds (Over Sixties Erging Group),8:53.4,Yes,M,533.4,133.35,147.60089274614006
6768,James Horan,58,"Waite Hill, OH",USA,,8:53.5,Yes,M,533.5,133.375,147.51790873791902
6768,Tarun Yamdagni,46,"Perth 🇦🇺, WA",AUS,RowAlong,8:53.5,Yes,M,533.5,133.375,147.51790873791902
6770,Robert Chave,75,"Los Angeles, CA",USA,,8:53.6,Yes,M,533.6,133.4,147.43498692494293
6770,Jason Strandberg,44,IA,USA,,8:53.6,Yes,M,533.6,133.4,147.43498692494293
6770,Mark Walkowski,61,"Madison, WI",USA,,8:53.6,Yes,M,533.6,133.4,147.43498692494293
6773,Marco Bonamano,52,Verona,ITA,,8:53.7,Yes,M,533.7,133.425,147.35212724895504
6773,Alan Rickwood,70,"Langley, Slough",GBR,Eton Excelsior Rowing Club,8:53.7,Yes,M,533.7,133.425,147.35212724895504
6775,Geoff Hardie,80,"Croydon North, VIC",AUS,"Banks Rowing Club, Melbourne",8:53.8,Yes,M,533.8,133.45,147.26932965176368
6775,Lars Helland,64,Moss,NOR,,8:53.8,Yes,M,533.8,133.45,147.26932965176368
6775,Randel Peerna,45,Pärnu,EST,,8:53.8,No,M,533.8,133.45,147.26932965176368
6778,M Smith,41,,USA,GARAGEATHLETE,8:53.9,Yes,M,533.9,133.475,147.18659407524245
6779,Sal Frieri,44,"Pittsfield, MA",USA,Albuterol Assassins,8:54.0,Yes,M,534.0,133.5,147.10392046133046
6779,Pierre Towers,56,Bognor Regis,GBR,,8:54.0,Yes,M,534.0,133.5,147.10392046133046
6779,Jack Wells,77,"Washington, DC",USA,Potomac Boat Club,8:54.0,No,M,534.0,133.5,147.10392046133046
6782,Soren Gjesfjeld,20,,USA,St. Olaf Rowing Club,8:54.2,Race,M,534.2,133.55,146.938758889417
6782,성화 전,43,,KOR,,8:54.2,Yes,M,534.2,133.55,146.938758889417
6782,Clarke Esler,73,"Wakefield, MA",USA,Independence Rowing Club,8:54.2,No,M,534.2,133.55,146.938758889417
6785,Paul Snyder,62,,USA,,8:54.3,Yes,M,534.3,133.575,146.8562708156193
6786,Steven Green,75,Cleethorpes,GBR,Forum Flyers,8:54.4,Yes,M,534.4,133.6,146.77384447283853
6786,Nathan Towers,36,,GBR,,8:54.4,No,M,534.4,133.6,146.77384447283853
6788,Clinton Alexander,34,IN,USA,U.S. Army Reserves,8:54.5,Yes,M,534.5,133.625,146.691479803339
6788,Prasad Gollakota,49,,GBR,,8:54.5,Yes,M,534.5,133.625,146.691479803339
6788,Hanlon Tong,49,IL,USA,,8:54.5,Yes,M,534.5,133.625,146.691479803339
6791,David Burns,61,Auckland,NZL,,8:54.6,Yes,M,534.6,133.65,146.60917674944974
6791,Hans Zondervan,74,Amstelveen,NED,,8:54.6,Yes,M,534.6,133.65,146.60917674944974
6793,Lee Barrett,80,"Portland, OR",USA,,8:54.7,Yes,M,534.7,133.675,146.52693525356466
6793,Michael L,61,,USA,,8:54.7,Yes,M,534.7,133.675,146.52693525356466
6793,Lukasz Olczyk,40,,POL,,8:54.7,Yes,M,534.7,133.675,146.52693525356466
6793,Ron Schildge,44,,USA,DC National,8:54.7,Yes,M,534.7,133.675,146.52693525356466
6797,Larry Heidkamp,71,"Columbia, TN",USA,Vegan Rowers,8:54.9,Yes,M,534.9,133.725,146.36263670570503
6797,Popko Nieboer,63,Rotterdam,NED,Dutch RowPros,8:54.9,Yes,M,534.9,133.725,146.36263670570503
6797,Mark Recktenwald,69,,USA,,8:54.9,No,M,534.9,133.725,146.36263670570503
6800,Paul Harrison,64,Stoke-on-trent,GBR,The Diamonds (Over Sixties Erging Group),8:55.0,No,M,535.0,133.75,146.28057953884067
6801,Jonathan Cook,48,,USA,Tiger Strength & Wellness,8:55.1,Yes,M,535.1,133.775,146.1985837002009
6801,Bruce Lowdon,77,,GBR,,8:55.1,Yes,M,535.1,133.775,146.1985837002009
6801,John Thoma,58,,USA,,8:55.1,Yes,M,535.1,133.775,146.1985837002009
6801,Rick Willis,78,"Sequim, WA",USA,,8:55.1,No,M,535.1,133.775,146.1985837002009
6805,Vince Fanning,55,,GBR,,8:55.2,Yes,M,535.2,133.8,146.11664913250175
6806,Jean-François BROUILLARD,74,Lille,FRA,FRENCH INDOOR ROWERS TEAM,8:55.3,Yes,M,535.3,133.825,146.03477577852345
6806,Andrew Haslam,67,,GBR,The Diamonds (Over Sixties Erging Group),8:55.3,Yes,M,535.3,133.825,146.03477577852345
6806,Arvid Benn Johansen,77,Bærum,NOR,Johansens 70+,8:55.3,No,M,535.3,133.825,146.03477577852345
6806,andrew powell,71,Abergavenny Wales,GBR,Fybro-Supporters,8:55.3,No,M,535.3,133.825,146.03477577852345
6810,Dorian Cowell,28,,USA,,8:55.4,Yes,M,535.4,133.85,145.95296358111028
6810,Charles Aliwal Mason,66,,RSA,,8:55.4,Yes,M,535.4,133.85,145.95296358111028
6810,C Rabatt,83,,SWE,Free Spirits,8:55.4,Yes,M,535.4,133.85,145.95296358111028
6813,Sigvaldur Bláberg,17,,FRO,,8:55.5,Yes,M,535.5,133.875,145.8712124831706
6813,Peter Keenan,63,Phuket,THA,,8:55.5,Yes,M,535.5,133.875,145.8712124831706
6813,Rob Wright,71,,GBR,,8:55.5,No,M,535.5,133.875,145.8712124831706
6816,Ralph Brehm,62,,GER,,8:55.6,Yes,M,535.6,133.9,145.7895224276767
6816,John Lathrop,80,"Mendham, NJ",USA,East Arm Rowing Club,8:55.6,Yes,M,535.6,133.9,145.7895224276767
6816,Peter Vanderveer,75,,USA,,8:55.6,Yes,M,535.6,133.9,145.7895224276767
6819,Michael Krueger,68,"Madison, WI",USA,,8:55.7,Yes,M,535.7,133.925,145.70789335766483
6819,Robert Veizer,58,CA,USA,,8:55.7,Yes,M,535.7,133.925,145.70789335766483
6819,승주 박,42,,KOR,,8:55.7,Yes,M,535.7,133.925,145.70789335766483
6819,Michel Gelinas,64,"Lac-Etchemin, QC",CAN,Team Canada,8:55.7,No,M,535.7,133.925,145.70789335766483
6823,Craiy Cartwright,16,,GBR,,8:55.8,Yes,M,535.8,133.95,145.62632521623502
6823,Dmitry S,45,Petah Tikva,ISR,,8:55.8,Yes,M,535.8,133.95,145.62632521623502
6823,John Welker,66,"Fairport, NY",USA,Fairport Crew Club,8:55.8,No,M,535.8,133.95,145.62632521623502
6826,Terry White,66,,USA,,8:55.9,Yes,M,535.9,133.975,145.54481794655067
6827,Owen Mallia,27,,MLT,Siġġiewi Rowing Club,8:56.0,Race,M,536.0,134.0,145.46337149183904
6827,Gary Baker,57,,GBR,,8:56.0,Yes,M,536.0,134.0,145.46337149183904
6827,Sean Gaffney,54,,GBR,SUB-7 IRC,8:56.0,Yes,M,536.0,134.0,145.46337149183904
6827,Matthew George,55,,GBR,,8:56.0,Yes,M,536.0,134.0,145.46337149183904
6827,Gerard Planagumà Prunell,44,Salt,ESP,,8:56.0,Yes,M,536.0,134.0,145.46337149183904
6827,Matej Telban,55,,SLO,,8:56.0,No,M,536.0,134.0,145.46337149183904
6833,Brendan Moore,59,"Sydney, NSW",AUS,,8:56.1,Yes,M,536.1,134.025,145.38198579539113
6833,Simon Riley,54,"Montreal, QC",CAN,,8:56.1,Yes,M,536.1,134.025,145.38198579539113
6835,Tom Mulhare,78,"Far Hills, NJ",USA,,8:56.2,No,M,536.2,134.05,145.30066080056102
6837,Guy Decorges,61,"Far Hills, NJ",USA,,8:56.3,Yes,M,536.3,134.075,145.2193964507663
6837,Daniel Piehler,46,,GER,German Army Veterans,8:56.3,Yes,M,536.3,134.075,145.2193964507663
6837,Rock Singewald,77,"Warren, RI",USA,Narragansett Boat Club,8:56.3,Yes,M,536.3,134.075,145.2193964507663
6840,Rob Nelson,53,UT,USA,,8:56.4,Yes,M,536.4,134.1,145.13819268948785
6840,John Porter,89,Calvisson France,GBR,The Diamonds (Over Sixties Erging Group),8:56.4,Yes,M,536.4,134.1,145.13819268948785
6840,Hwanjin Jeong,34,,KOR,Geobukseon -「거북선」,8:56.4,No,M,536.4,134.1,145.13819268948785
6843,David E,45,London,GBR,,8:56.6,Yes,M,536.6,134.15,144.97596670671902
6844,Bruno courroux,60,,FRA,,8:56.7,Yes,M,536.7,134.175,144.8949443725061
6844,Robert Uhl,38,,GER,,8:56.7,Yes,M,536.7,134.175,144.8949443725061
6846,Steve Coote,61,Hertfordshire,GBR,,8:56.8,Yes,M,536.8,134.2,144.81398240136414
6846,John Rubsov,54,,AUS,,8:56.8,Yes,M,536.8,134.2,144.81398240136414
6848,Andy Brydon,47,,GBR,,8:56.9,Yes,M,536.9,134.225,144.73308073708898
6848,David Rowntree,63,,GBR,,8:56.9,Yes,M,536.9,134.225,144.73308073708898
6850,Benjamin Dickel,42,,GER,,8:57.0,Yes,M,537.0,134.25,144.65223932353945
6850,Jimmy Dowling,62,"Green cove springs, FL",USA,The Diamonds (Over Sixties Erging Group),8:57.0,Yes,M,537.0,134.25,144.65223932353945
6850,Charly RIGAUDEAU,37,,FRA,,8:57.0,Yes,M,537.0,134.25,144.65223932353945
6850,Richard Simpson,52,Croydon,GBR,,8:57.0,Yes,M,537.0,134.25,144.65223932353945
6854,Seán Hermansa,30,,GER,,8:57.1,Yes,M,537.1,134.275,144.57145810463723
6854,Bill Jestel,67,"Newnan, GA",USA,,8:57.1,Yes,M,537.1,134.275,144.57145810463723
6854,Tom Smith,26,,USA,,8:57.1,No,M,537.1,134.275,144.57145810463723
6857,Ravikumar Dudhat,25,,GBR,,8:57.2,Yes,M,537.2,134.3,144.49073702436633
6857,Tadeusz Zblewski,41,,POL,,8:57.2,Yes,M,537.2,134.3,144.49073702436633
6859,Paul van Alst,44,,NED,,8:57.3,Yes,M,537.3,134.325,144.4100760267735
6859,William Wang,56,,CAN,,8:57.3,Yes,M,537.3,134.325,144.4100760267735
6861,Gayashan Dissanayaka,35,,GBR,,8:57.4,Yes,M,537.4,134.35,144.32947505596783
6861,Matt Main,44,"Indianapolis, IN",USA,,8:57.4,Yes,M,537.4,134.35,144.32947505596783
6861,John Walsh,60,CT,USA,The Diamonds (Over Sixties Erging Group),8:57.4,Yes,M,537.4,134.35,144.32947505596783
6861,Chris Field,67,"Noank, CT",USA,,8:57.4,No,M,537.4,134.35,144.32947505596783
6861,"Art ""Ben"" Reimanis",71,"What Valley, Whangarei",NZL,Arizona Outlaws,8:57.4,No,M,537.4,134.35,144.32947505596783
6866,Greg Kraner,77,"Chesterfield, MO",USA,The Diamonds (Over Sixties Erging Group),8:57.5,Yes,M,537.5,134.375,144.24893405612085
6866,Robert van Koutrik,60,Leiderdorp,NED,,8:57.5,Yes,M,537.5,134.375,144.24893405612085
6868,Conor Breslin,42,Derry,IRL,,8:57.6,Yes,M,537.6,134.4,144.16845297146628
6868,Steve Engelmeyer,67,"Ballwin, MO",USA,The Diamonds (Over Sixties Erging Group),8:57.6,No,M,537.6,134.4,144.16845297146628
6870,Frederic Beaupre,36,,CAN,,8:57.7,Yes,M,537.7,134.425,144.08803174630035
6870,Andreas Merhof,62,,GER,Rudergesellschaft München 1972 e.V.,8:57.7,Yes,M,537.7,134.425,144.08803174630035
6870,Ken Garner,77,Dovercourt,GBR,,8:57.7,No,M,537.7,134.425,144.08803174630035
6870,Jerry Hinkle,85,"Catonsville, MD",USA,,8:57.7,No,M,537.7,134.425,144.08803174630035
6874,Derek Goode,51,,GBR,,8:57.8,Yes,M,537.8,134.45,144.0076703249812
6874,Howard Zaitchick,81,"Ft. Mill, SC",USA,Crunch Gym - Ballantyne,8:57.8,Yes,M,537.8,134.45,144.0076703249812
6874,Greg Grazen,64,"Cary, NC",USA,"Taylor Family YMCA, Cary, North Carolina",8:57.8,No,M,537.8,134.45,144.0076703249812
6877,Joshua Mamou,54,Poznan,POL,,8:57.9,Yes,M,537.9,134.475,143.92736865192887
6877,Steve Newman,72,"Newport , NSW",AUS,,8:57.9,No,M,537.9,134.475,143.92736865192887
6879,Jack Brown,66,"Greer, SC",USA,Greenville Indoor Rowing,8:58.0,No,M,538.0,134.5,143.84712667162557
6879,Jeff Sadler,55,"Mead, CO",USA,,8:58.0,No,M,538.0,134.5,143.84712667162557
6881,Ronald Ebeling,37,,GER,,8:58.1,Yes,M,538.1,134.525,143.76694432861558
6881,Moe Green,51,,DEN,,8:58.1,Yes,M,538.1,134.525,143.76694432861558
6881,Michael Shillott,43,,USA,,8:58.1,Yes,M,538.1,134.525,143.76694432861558
6881,RICK FREEDMAN,66,"STAMFORD, CT",USA,,8:58.1,No,M,538.1,134.525,143.76694432861558
6885,Christopher Cogdill,29,MN,USA,,8:58.2,Yes,M,538.2,134.55,143.68682156750467
6885,Eddu Oparie-Addoh,47,,USA,,8:58.2,Yes,M,538.2,134.55,143.68682156750467
6887,Ed Doukas,64,,USA,,8:58.3,Yes,M,538.3,134.575,143.60675833296045
6887,James Goldsborough,50,,GBR,,8:58.3,Yes,M,538.3,134.575,143.60675833296045
6887,yuna kim,40,seoul,KOR,RowingDang,8:58.3,Yes,M,538.3,134.575,143.60675833296045
6887,Krzysztof Przewoźny,28,,POL,,8:58.3,Yes,M,538.3,134.575,143.60675833296045
6887,Chris Dyason,77,Cambridge,GBR,The Diamonds (Over Sixties Erging Group),8:58.3,No,M,538.3,134.575,143.60675833296045
6887,Steve Hines,62,Nottingham,GBR,,8:58.3,No,M,538.3,134.575,143.60675833296045
6893,Tony Luck,66,"San Jose, CA",USA,The Diamonds (Over Sixties Erging Group),8:58.4,Yes,M,538.4,134.6,143.52675456971224
6894,Alan Duckers,68,Chester,GBR,Free Spirits,8:58.5,Yes,M,538.5,134.625,143.4468102225509
6894,Frank Faulk,73,"MARIETTA, GA",USA,,8:58.5,Yes,M,538.5,134.625,143.4468102225509
6894,Tom Jansson,80,Järfälla,SWE,,8:58.5,Yes,M,538.5,134.625,143.4468102225509
6894,Antonie Reichling,71,Amsterdam,NED,,8:58.5,Yes,M,538.5,134.625,143.4468102225509
6894,Steve Batham,70,Llandudno,GBR,Welsh Sea Rowing Association (W.S.R.A.),8:58.5,No,M,538.5,134.625,143.4468102225509
6899,Andy Horner,50,,USA,,8:58.7,Yes,M,538.7,134.675,143.2870995559595
6900,Blithe Koh,42,,SGP,,8:58.8,Yes,M,538.8,134.7,143.2073331264184
6900,Andreas Ratkovic,57,Pottendorf,AUT,Law Enforcement Austria,8:58.8,Yes,M,538.8,134.7,143.2073331264184
6900,Gary Williams,75,"Tucson, AZ",USA,,8:58.8,Yes,M,538.8,134.7,143.2073331264184
6900,Matt Leininger,67,"York, PA",USA,Pennsylvania State University,8:58.8,No,M,538.8,134.7,143.2073331264184
6904,John Cole,56,"Stephenville, TX",USA,,8:58.9,Yes,M,538.9,134.725,143.12762589274163
6904,Chet Patel,52,,GBR,,8:58.9,Yes,M,538.9,134.725,143.12762589274163
6904,Jonathan Wong,72,"Sonoma, CA",USA,The 3550 Family & Friends,8:58.9,Yes,M,538.9,134.725,143.12762589274163
6907,Rob Featherstone,38,,GBR,,8:59.0,Yes,M,539.0,134.75,143.04797780002667
6907,Andrew Hall,45,"WYNNUM, QLD",AUS,,8:59.0,Yes,M,539.0,134.75,143.04797780002667
6907,Paul O'Keefe,57,,CAN,,8:59.0,Yes,M,539.0,134.75,143.04797780002667
6907,Dyvim Slorm,63,,AUS,,8:59.0,Yes,M,539.0,134.75,143.04797780002667
6907,mick brearley,64,bradford,GBR,,8:59.0,No,M,539.0,134.75,143.04797780002667
6907,Simon Schermerhorn,73,Terherne,NED,Dutch RowPros,8:59.0,No,M,539.0,134.75,143.04797780002667
6907,Zoltan Vigh,67,"CANANDAIGUA , NY",USA,,8:59.0,No,M,539.0,134.75,143.04797780002667
6915,Stephen Greene,70,"Portland, ME",USA,RowPro Rowers,8:59.1,Yes,M,539.1,134.775,142.96838879343227
6915,J Y,33,,USA,,8:59.1,Yes,M,539.1,134.775,142.96838879343227
6915,Danwei Zhang,40,,CHN,,8:59.1,Yes,M,539.1,134.775,142.96838879343227
6918,Michael Birks,77,,GBR,Central Staffs Crossfit Gym,8:59.2,Race,M,539.2,134.8,142.88885881817802
6918,Phil Nicholson,45,,GBR,,8:59.2,Yes,M,539.2,134.8,142.88885881817802
6918,Martin Sam,41,,USA,,8:59.2,Yes,M,539.2,134.8,142.88885881817802
6918,Jake Tingley,49,"Warner, NH",USA,,8:59.2,No,M,539.2,134.8,142.88885881817802
6923,Andrew Farrugia,62,,MLT,,8:59.3,Yes,M,539.3,134.825,142.8093878195444
6923,Michael Finkelstein,76,"Randolph, NJ",USA,,8:59.3,Yes,M,539.3,134.825,142.8093878195444
6925,Jürgen Trapp,63,,GER,,8:59.4,Yes,M,539.4,134.85,142.72997574287294
6926,Krzysztof Szczypiorski,51,🧜‍♀️ Warsaw 🇵🇱,POL,Polish Indoor Rowing Team,8:59.6,Yes,M,539.6,134.9,142.57132813708557
6927,Dieter De Neef,31,,BEL,,8:59.7,Yes,M,539.7,134.925,142.49209249895605
6927,Jay Francis,45,,GBR,,8:59.7,Yes,M,539.7,134.925,142.49209249895605
6927,Basil Frankenerg,58,,AUS,,8:59.7,Yes,M,539.7,134.925,142.49209249895605
6927,Mike Myers,67,East Morton,GBR,Age Without Limits,8:59.7,Yes,M,539.7,134.925,142.49209249895605
6931,Jim Gegeckas,68,"Downingtown, PA",USA,"Malta Boat Club, Philadelphia, PA",8:59.8,Yes,M,539.8,134.95,142.41291556476142
6931,Tim Kish,42,MD,USA,,8:59.8,Yes,M,539.8,134.95,142.41291556476142
6931,Francisco Pietri,40,"Quantico, VA",USA,U.S. Marines,8:59.8,Yes,M,539.8,134.95,142.41291556476142
6931,Ben Scales,61,"Asheville , NC",USA,Asheville Rowing Club,8:59.8,Yes,M,539.8,134.95,142.41291556476142
6931,Chao Yang,47,,CHN,,8:59.8,Yes,M,539.8,134.95,142.41291556476142
6931,Mark Livermore,65,Winchester,GBR,,8:59.8,No,M,539.8,134.95,142.41291556476142
6937,David Reesink,45,,NED,,8:59.9,Yes,M,539.9,134.975,142.3337972801459
6937,Ian Thompson,72,Penrith,GBR,The Diamonds (Over Sixties Erging Group),8:59.9,Yes,M,539.9,134.975,142.3337972801459
6939,Ruud Jackel,69,Almere,NED,RowPro Rowers,9:00.0,Yes,M,540.0,135.0,142.2547375908144
6939,Martin Parr,66,Worcestershire,GBR,,9:00.0,Yes,M,540.0,135.0,142.2547375908144
6942,Darryl Isherwood,57,NJ,USA,,9:00.1,Yes,M,540.1,135.025,142.17573644253224
6943,Steven Baldock,59,Little Hadham,GBR,,9:00.2,Yes,M,540.2,135.05,142.09679378112483
6944,Peter Googins,38,ME,USA,,9:00.3,Yes,M,540.3,135.075,142.0179095524777
6944,Sven Seidler,49,Neuenstadt,GER,,9:00.3,Yes,M,540.3,135.075,142.0179095524777
6944,Dave Wallace,47,,USA,,9:00.3,Yes,M,540.3,135.075,142.0179095524777
6947,Brett Boterman,34,"Menomonee Falls, WI",USA,,9:00.4,Yes,M,540.4,135.1,141.93908370253652
6948,Bob Chilton,74,"Sydney, NSW",AUS,,9:00.5,Yes,M,540.5,135.125,141.8603161773069
6948,Marcin Lucko,44,Wroclaw,POL,,9:00.5,Yes,M,540.5,135.125,141.8603161773069
6950,C6lr !,14,,CRO,,9:00.6,Yes,M,540.6,135.15,141.78160692285442
6950,Edward Hebblethwaite,42,,GBR,,9:00.6,Yes,M,540.6,135.15,141.78160692285442
6950,Jack Horton,40,Redditch,GBR,,9:00.6,Yes,M,540.6,135.15,141.78160692285442
6953,Steven Dye,44,,GBR,,9:00.7,Yes,M,540.7,135.175,141.7029558853044
6953,Roger Pradel,81,Annecy-Le-Vieux,FRA,,9:00.7,Yes,M,540.7,135.175,141.7029558853044
6955,Christian Chavez,39,"Palmdale, CA",USA,,9:00.9,Yes,M,540.9,135.225,141.5458282457124
6955,Frans Verhaar,50,,NED,,9:00.9,Yes,M,540.9,135.225,141.5458282457124
6955,Neil Chasan,66,"Bellevue, WA",USA,,9:00.9,No,M,540.9,135.225,141.5458282457124
6958,Ryan Dunn,35,"Spokane, WA",USA,,9:01.0,Yes,M,541.0,135.25,141.4673515362195
6959,Michael Fortunato,72,NY,USA,,9:01.2,Yes,M,541.2,135.3,141.3105720696601
6960,Christian Corbellini,47,CABA,ARG,,9:01.3,Yes,M,541.3,135.325,141.2322692054997
6960,Austin Sherrin,40,,USA,,9:01.3,Yes,M,541.3,135.325,141.2322692054997
6962,Paul Mannion,62,Tetney,GBR,,9:01.4,Yes,M,541.4,135.35,141.15402418278862
6963,Pieter Tibergijn,52,,BEL,,9:01.5,Yes,M,541.5,135.375,141.07583694812809
6964,Pasquale Gentile,52,"Longueuil, QC",CAN,,9:01.7,Yes,M,541.7,135.425,140.91963562965964
6964,Aidan Mc Geown,70,QLD,AUS,,9:01.7,Yes,M,541.7,135.425,140.91963562965964
6966,Mark Funk,71,"Mchenry, IL",USA,,9:01.8,No,M,541.8,135.45,140.84162143934995
6967,Steve Blake,37,"St George, UT",USA,TEAM MELALEUCA,9:01.9,Yes,M,541.9,135.475,140.76366482408673
6967,Paul-Moritz Enste,23,,GER,,9:01.9,Yes,M,541.9,135.475,140.76366482408673
6967,Christophe Mogenot,53,Warsaw,POL,,9:01.9,Yes,M,541.9,135.475,140.76366482408673
6970,Kyu Lee,41,,USA,,9:02.0,No,M,542.0,135.5,140.6857657307663
6971,Kerry Buxton,68,"Idaho Falls, ID",USA,TEAM MELALEUCA,9:02.1,Yes,M,542.1,135.525,140.60792410634386
6971,Jim Ski,41,,USA,,9:02.1,Yes,M,542.1,135.525,140.60792410634386
6971,Christophe Skladzien,60,,FRA,,9:02.1,Yes,M,542.1,135.525,140.60792410634386
6974,Dane Moseson,80,"Portland, OR",USA,Vancouver Lake Crew,9:02.3,No,M,542.3,135.575,140.45241305230624
6975,Rod Gundran,53,"Palm Springs, CA",USA,,9:02.5,Yes,M,542.5,135.625,140.29713123878668
6975,R J,56,,GBR,,9:02.5,Yes,M,542.5,135.625,140.29713123878668
6975,Bill Kieger,64,"Boulder , CO",USA,The Diamonds (Over Sixties Erging Group),9:02.5,Yes,M,542.5,135.625,140.29713123878668
6975,John Kellerman,81,Richmond,GBR,,9:02.5,No,M,542.5,135.625,140.29713123878668
6979,Stefano Usberti,49,Parma,ITA,,9:02.6,Yes,M,542.6,135.65,140.21957616523102
6980,Robert Ertl,44,Erfurt,GER,,9:02.7,Yes,M,542.7,135.675,140.1420782435333
6980,Giso Kleinmann,45,,GER,,9:02.7,Yes,M,542.7,135.675,140.1420782435333
6980,Olivier Pouligny,37,,FRA,,9:02.7,Yes,M,542.7,135.675,140.1420782435333
6983,JCRS 38240,57,MEYLAN,FRA,,9:02.8,Yes,M,542.8,135.7,140.06463742105808
6983,Endre Engelhardt,67,,HUN,,9:02.8,Yes,M,542.8,135.7,140.06463742105808
6983,Ian Øvrevik,33,,NOR,,9:02.8,Yes,M,542.8,135.7,140.06463742105808
6986,Rain Blaze,40,,GRE,,9:02.9,Yes,M,542.9,135.725,139.98725364522755
6987,Jonathan Moore,38,,CAN,,9:03.0,Yes,M,543.0,135.75,139.90992686352226
6987,Kevin McDonald,73,"Peregian Springs, QLD",AUS,,9:03.0,No,M,543.0,135.75,139.90992686352226
6990,Patrick Walsh,78,"Tempe, AZ",USA,Rio Salado Rowing Club,9:03.1,No,M,543.1,135.775,139.83265702348092
6991,Phillip Pollington,58,,GBR,,9:03.2,Yes,M,543.2,135.8,139.7554440726999
6992,Daniel McGregor,68,"Beavercreek, OH",USA,RowPro Rowers,9:03.3,No,M,543.3,135.825,139.67828795883358
6993,Evan Bischoff,30,,USA,,9:03.4,Yes,M,543.4,135.85,139.60118862959408
6994,Caio Doinvieira,34,,USA,,9:03.7,Yes,M,543.7,135.925,139.37023082762295
6994,Rod Harding,64,,USA,,9:03.7,Yes,M,543.7,135.925,139.37023082762295
6996,Martin Mracek,48,Prague,CZE,,9:03.8,Yes,M,543.8,135.95,139.29335811516526
6997,Craig Hall,84,"Grass Valley, CA",USA,LUNA-TICS,9:04.0,Yes,M,544.0,136.0,139.139782210462
6997,Matt Sharples,52,"Elizabeth City, NC",USA,TEAM MELALEUCA,9:04.0,Yes,M,544.0,136.0,139.139782210462
6999,John Nelson,63,"Lebanon, TN",USA,,9:04.1,Yes,M,544.1,136.025,139.06307891438846
6999,Alexandros Sichlimiris,52,,GRE,,9:04.1,Yes,M,544.1,136.025,139.06307891438846
6999,Dave Winum,62,"Lisbon , WI",USA,U.S. Army Veterans,9:04.1,Yes,M,544.1,136.025,139.06307891438846
7002,Luis Baars,49,"Colorado Springs, CO",USA,,9:04.2,Yes,M,544.2,136.05,138.9864319867102
7002,Hervė Drėau,58,Moumour,FRA,,9:04.2,Yes,M,544.2,136.05,138.9864319867102
7002,Johan van Noort,76,Eindhoven,NED,,9:04.2,Yes,M,544.2,136.05,138.9864319867102
7002,Ian Wray,38,"Beausejour, MB",CAN,,9:04.2,Yes,M,544.2,136.05,138.9864319867102
7006,Daniel Graham,74,"Toccoa, GA",USA,,9:04.5,Yes,M,544.5,136.125,138.75682889662127
7006,Risto Ovaska,76,Helsinki,FIN,,9:04.5,Yes,M,544.5,136.125,138.75682889662127
7006,Marco Uccellini,56,,GBR,,9:04.5,Yes,M,544.5,136.125,138.75682889662127
7006,Willem uit Gorredijk,68,Gorredijk,NED,De Dragt,9:04.5,Yes,M,544.5,136.125,138.75682889662127
7010,craig boyce,77,Nelson,NZL,The Diamonds (Over Sixties Erging Group),9:04.6,Yes,M,544.6,136.15,138.6804069253832
7010,Ray Pitman,73,"Leawood, KS",USA,,9:04.6,Yes,M,544.6,136.15,138.6804069253832
7012,Rowlling Home,64,,GER,,9:04.7,Yes,M,544.7,136.175,138.60404106425452
7012,Charles Nunez,73,"Tampa, FL",USA,TEAM MELALEUCA,9:04.7,Yes,M,544.7,136.175,138.60404106425452
7012,Ken Oestreich,63,,USA,,9:04.7,Yes,M,544.7,136.175,138.60404106425452
7015,Matt Clements,36,,GBR,,9:04.8,Yes,M,544.8,136.2,138.52773126174884
7016,Richard Cross,71,"Red Lodge, MT",USA,,9:04.9,Yes,M,544.9,136.225,138.451477466436
7017,Dave Jonas,57,"Perth, WA",AUS,,9:05.1,Yes,M,545.1,136.275,138.2991376919523
7017,Claude Schimper,59,"Sudbury, ON",CAN,,9:05.1,Yes,M,545.1,136.275,138.2991376919523
7017,Paul Zuccarini,62,FL,USA,,9:05.1,Yes,M,545.1,136.275,138.2991376919523
7020,Peter Lomnitzer,58,,GER,GERMAN Rowers and FRIENDS United,9:05.2,No,M,545.2,136.3,138.22305161020438
7021,Thomas Slotten,77,"Tucson, AZ",USA,,9:05.4,Yes,M,545.4,136.35,138.0710468016768
7022,George Harvey,78,,USA,,9:05.6,Yes,M,545.6,136.4,137.91926479240385
7023,Thomas Veblen,78,"Boulder, CO",USA,The Diamonds (Over Sixties Erging Group),9:05.7,Yes,M,545.7,136.425,137.8434572099349
7023,Justin Zetterman,53,"Omaha, NE",USA,,9:05.7,Yes,M,545.7,136.425,137.8434572099349
7025,Thom Weller,73,"Milton , DE",USA,,9:05.9,Yes,M,545.9,136.475,137.69200863471713
7026,Chris George,54,"Mill Park, VIC",AUS,"Ergfit Indoor Rowing, Melbourne, AUS",9:06.0,Yes,M,546.0,136.5,137.61636754028973
7026,Tim Wilson,38,"Minneapolis, MN",USA,,9:06.0,No,M,546.0,136.5,137.61636754028973
7028,Graham Fitch,71,A Coruña,ESP,,9:06.2,Yes,M,546.2,136.55,137.46525148402145
7029,David Bell,59,,GBR,,9:06.3,Yes,M,546.3,136.575,137.3897764208368
7030,Bertrand Jakob,61,Zollikon,SUI,The Diamonds (Over Sixties Erging Group),9:06.4,Yes,M,546.4,136.6,137.31435660014887
7030,Tim Montler,77,"Denton, TX",USA,,9:06.4,Yes,M,546.4,136.6,137.31435660014887
7030,Bernie Shiao,65,"Sparks Glencoe, MD",USA,The Diamonds (Over Sixties Erging Group),9:06.4,Yes,M,546.4,136.6,137.31435660014887
7030,Alfredo De Santis,39,,ITA,,9:06.4,No,M,546.4,136.6,137.31435660014887
7034,Rob White,38,,USA,,9:06.5,Yes,M,546.5,136.625,137.23899197142478
7034,Danny Wu,38,"New York, NY",USA,,9:06.5,Yes,M,546.5,136.625,137.23899197142478
7036,Clifford Joseph,43,"perth, WA",AUS,,9:06.6,Yes,M,546.6,136.65,137.16368248418712
7037,David Breeden,76,"Broken Arrow, OK",USA,Tulsa Open Crew,9:06.7,Yes,M,546.7,136.675,137.08842808801387
7037,Attila Devenyi,69,,USA,,9:06.7,Yes,M,546.7,136.675,137.08842808801387
7037,Tony Toker,62,,GBR,,9:06.7,Yes,M,546.7,136.675,137.08842808801387
7040,steve matthews,38,,USA,,9:06.8,Yes,M,546.8,136.7,137.0132287325386
7040,Paul Rigby,47,"Townsville, QLD",AUS,,9:06.8,Yes,M,546.8,136.7,137.0132287325386
7040,George Yachán,76,"Chapel Hill, NC",USA,Jordan Lake Rowing Club,9:06.8,Yes,M,546.8,136.7,137.0132287325386
7040,Ole R. Paulsen,81,Bærum,NOR,,9:06.8,No,M,546.8,136.7,137.0132287325386
7044,Nick Haydock,66,Bristol,GBR,,9:06.9,No,M,546.9,136.725,136.93808436744965
7045,Euro Africa,58,,MOZ,,9:07.0,Yes,M,547.0,136.75,136.8629949424907
7045,Kevin McEachern,47,,CAN,,9:07.0,Yes,M,547.0,136.75,136.8629949424907
7045,Steve Malia,46,,USA,,9:07.0,No,M,547.0,136.75,136.8629949424907
7048,Shawn Francis,52,,CAN,,9:07.1,Yes,M,547.1,136.775,136.78796040746087
7048,Marcel Wouters,79,Rhode-Saint-Genèse,BEL,,9:07.1,Yes,M,547.1,136.775,136.78796040746087
7050,Nicholas Anderson,47,,USA,,9:07.2,No,M,547.2,136.8,136.71298071221392
7051,Christopher McNamee,56,,CAN,,9:07.3,Yes,M,547.3,136.825,136.6380558066587
7052,Reinhard Fuchssteiner,63,Obergrafendorf,AUT,Age Without Limits,9:07.4,Yes,M,547.4,136.85,136.56318564075903
7052,Morten Kejser,47,Horsens,DEN,FiveOne GarageGym,9:07.4,Yes,M,547.4,136.85,136.56318564075903
7052,Tim Lake,60,Henley-on-Thames,GBR,,9:07.4,Yes,M,547.4,136.85,136.56318564075903
7052,Peter Sauffs,67,"Brisbane, QLD",AUS,The Diamonds (Over Sixties Erging Group),9:07.4,Yes,M,547.4,136.85,136.56318564075903
7056,Russell Clark,68,"Fresno, CA",USA,Team Raskas,9:07.6,Yes,M,547.6,136.9,136.41360932805523
7057,Michi B,43,,GER,,9:07.7,Yes,M,547.7,136.925,136.33890308145237
7057,Randy Shumate,66,"Beavercreek, OH",USA,Greater Dayton Rowing Association,9:07.7,Yes,M,547.7,136.925,136.33890308145237
7059,James Boag,56,TAS,AUS,,9:07.8,Yes,M,547.8,136.95,136.26425137490773
7060,Hansaem Kim,45,,KOR,DDANZI,9:07.9,Yes,M,547.9,136.975,136.18965415865827
7060,Phil Vandecar,60,"Seattle, WA",USA,Row House - West Seattle,9:07.9,Yes,M,547.9,136.975,136.18965415865827
7062,Uwe Buse,63,,GER,,9:08.0,No,M,548.0,137.0,136.1151113829956
7063,Joris Helgoland,55,,GER,,9:08.2,Yes,M,548.2,137.05,135.96618895486966
7064,Stephen Pearce,68,Stafford,GBR,The Diamonds (Over Sixties Erging Group),9:08.5,Yes,M,548.5,137.125,135.74321237749817
7065,Brian Neitsch,48,"San Antonio , TX",USA,Age Without Limits,9:08.9,Yes,M,548.9,137.225,135.4466680534401
7065,Andrew Stubbs,51,,GBR,,9:08.9,Yes,M,548.9,137.225,135.4466680534401
7067,Peter Benson,80,"Grovedale, VIC",AUS,,9:09.0,No,M,549.0,137.25,135.37266696162192
7067,Bob Harlan,75,"Clovis, CA",USA,,9:09.0,No,M,549.0,137.25,135.37266696162192
7067,Giuseppe M,29,,ITA,,9:09.0,No,M,549.0,137.25,135.37266696162192
7067,Stein Mørk,81,1358 Jar,NOR,Christiania Roklub,9:09.0,No,M,549.0,137.25,135.37266696162192
7071,AndreySC Chen,44,Tainan,TPE,,9:09.1,Yes,M,549.1,137.275,135.29871976717436
7071,Brian Lees,61,,GBR,,9:09.1,Yes,M,549.1,137.275,135.29871976717436
7071,Hajo Sauer,70,Rech,GER,,9:09.1,Yes,M,549.1,137.275,135.29871976717436
7071,Sam U,45,,USA,,9:09.1,Yes,M,549.1,137.275,135.29871976717436
7075,Rudr Tiwari,24,,IND,,9:09.2,Yes,M,549.2,137.3,135.22482642103728
7076,Chris Hillenbrand,40,,USA,,9:09.3,Yes,M,549.3,137.325,135.15098687420436
7077,Scott Alley,56,"Bangor , ME",USA,,9:09.4,Yes,M,549.4,137.35,135.07720107772235
7077,Jeffrey Dunn,63,"Montgomery, OH",USA,The Diamonds (Over Sixties Erging Group),9:09.4,Yes,M,549.4,137.35,135.07720107772235
7077,Haeseong Jeong,38,,KOR,,9:09.4,Yes,M,549.4,137.35,135.07720107772235
7077,Paul Rose,60,York,GBR,Hull Kingston Rowing Club,9:09.4,Yes,M,549.4,137.35,135.07720107772235
7077,Steff S.,62,Schland,GER,German Bundeswehr,9:09.4,Yes,M,549.4,137.35,135.07720107772235
7077,John Cantrill,80,"Ardmore, PA",USA,Undine Barge Club,9:09.4,No,M,549.4,137.35,135.07720107772235
7083,David Acierno,52,WI,USA,,9:09.5,Yes,M,549.5,137.375,135.00346898269194
7083,William Gill,72,"Ancaster , ON",CAN,The Diamonds (Over Sixties Erging Group),9:09.5,No,M,549.5,137.375,135.00346898269194
7085,Harry Marx,62,,AUT,,9:09.7,Yes,M,549.7,137.425,134.85616570165453
7085,Tihomir Pandza,59,,BIH,,9:09.7,Yes,M,549.7,137.425,134.85616570165453
7085,Steve Kretzmann,73,"Madison, WI",USA,,9:09.7,No,M,549.7,137.425,134.85616570165453
7088,Marc Gordon,64,"Carnation, WA",USA,Lake Stevens Rowing Club,9:09.8,Race,M,549.8,137.45,134.78259441811522
7088,David Elliott,63,FL,USA,,9:09.8,Yes,M,549.8,137.45,134.78259441811522
7088,Tim Healy,66,Dublin 🇮🇪,IRL,,9:09.8,Yes,M,549.8,137.45,134.78259441811522
7088,Godwin Bellizzi,64,Zurrieq,MLT,Knights Of Malta,9:09.8,No,M,549.8,137.45,134.78259441811522
7088,Andrew Johnson,82,Leamington Spa,GBR,,9:09.8,No,M,549.8,137.45,134.78259441811522
7093,STFASWC ROW,50,,HKG,,9:10.0,Yes,M,550.0,137.5,134.6356123215627
7094,Per Kristensen,71,"Ocean, NJ",USA,,9:10.1,Yes,M,550.1,137.525,134.56220141133602
7094,Carl Steinhauser,80,"Rio Rancho, NM",USA,,9:10.1,Yes,M,550.1,137.525,134.56220141133602
7096,Doug Berg,82,"Excelsior, MN",USA,The Diamonds (Over Sixties Erging Group),9:10.2,Yes,M,550.2,137.55,134.488843861755
7097,Edson Ache Júnior,62,"Curitiba, PR",BRA,REMADORES VIRTUAIS DE CURITIBA,9:10.3,Yes,M,550.3,137.575,134.41553962434517
7097,Bob Fisher,87,"Orinda, CA",USA,Harvard University,9:10.3,Yes,M,550.3,137.575,134.41553962434517
7097,Patrick Wolfram Nolten,60,"Naperville , IL",USA,The Diamonds (Over Sixties Erging Group),9:10.3,Yes,M,550.3,137.575,134.41553962434517
7100,HY C,44,,KOR,,9:10.4,Yes,M,550.4,137.6,134.34228865068485
7101,Henry Ashton,14,,GBR,,9:10.5,Yes,M,550.5,137.625,134.26909089240536
7101,Tim Cook,60,Cornwall,GBR,,9:10.5,Yes,M,550.5,137.625,134.26909089240536
7101,Fred Simpson,81,"Ferryhill, Durham",GBR,,9:10.5,Yes,M,550.5,137.625,134.26909089240536
7104,Paweł Jeleśniański,45,Kraków,POL,Polish Indoor Rowing Team,9:10.6,Yes,M,550.6,137.65,134.19594630119053
7105,Peter Sapsford,80,Maldon,GBR,,9:10.8,Yes,M,550.8,137.7,134.04981642695347
7106,Pat Michalec,56,,USA,,9:11.0,Yes,M,551.0,137.75,133.903898642496
7106,Dave McWethy,78,"Seattle, WA",USA,Lake Washington Rowing Club,9:11.0,No,M,551.0,137.75,133.903898642496
7108,Joseph Chan,52,,HKG,,9:11.2,Yes,M,551.2,137.8,133.7581925631796
7108,David Wright,52,,GBR,,9:11.2,No,M,551.2,137.8,133.7581925631796
7110,Jonas Ericsson,50,,SWE,Swedish Armed Forces,9:11.4,Yes,M,551.4,137.85,133.61269780520237
7111,Dan LoVullo,53,"Rochester, NY",USA,,9:11.5,Yes,M,551.5,137.875,133.54002955200613
7111,Jorge Rdz,39,,MEX,,9:11.5,Yes,M,551.5,137.875,133.54002955200613
7113,Phil Thom,68,Mt Eden,NZL,New Zealand Defence Force,9:11.6,No,M,551.6,137.9,133.46741398559706
7115,Stephen Conafay,82,"Bethesda/Potomac, MD",USA,,9:11.8,Yes,M,551.8,137.95,133.322340722229
7115,Alex Donnelly,75,"Camlachie, ON",CAN,The Diamonds (Over Sixties Erging Group),9:11.8,Yes,M,551.8,137.95,133.322340722229
7117,Tom Herbruck,57,"Chagrin Falls, OH",USA,,9:11.9,Yes,M,551.9,137.975,133.249882929944
7118,Phil W,43,"Kingston , ON",CAN,,9:12.1,Yes,M,552.1,138.025,133.10512478624517
7119,David Bearss,38,"Traverse City, MI",USA,,9:12.2,Yes,M,552.2,138.05,133.03282433981585
7119,Walter Dean,71,"Tuscaloosa, AL",USA,,9:12.2,Yes,M,552.2,138.05,133.03282433981585
7119,Yun Zhen Wee,42,,MAS,,9:12.2,Yes,M,552.2,138.05,133.03282433981585
7122,Zia Cassim,40,,RSA,,9:12.3,Yes,M,552.3,138.075,132.96057624707558
7123,paul tennyson,54,,GBR,,9:12.4,Yes,M,552.4,138.1,132.88838046064518
7123,Jérémy Vuarand,35,,FRA,,9:12.4,Yes,M,552.4,138.1,132.88838046064518
7125,Truls Waage,59,Bergen,NOR,,9:12.5,Yes,M,552.5,138.125,132.81623693319747
7126,Simon Carter,42,,GBR,,9:12.6,Yes,M,552.6,138.15,132.7441456174563
7126,Kevin Meek,38,,USA,,9:12.6,Yes,M,552.6,138.15,132.7441456174563
7126,Ives Noyens,37,,BEL,,9:12.6,Yes,M,552.6,138.15,132.7441456174563
7129,Rowland Morin,79,"Santa Cruz, CA",USA,The Kirk Smith Memorial Rowing Team,9:12.7,Yes,M,552.7,138.175,132.67210646619677
7129,Dominique Van Hecke,51,Eeklo,BEL,,9:12.7,Yes,M,552.7,138.175,132.67210646619677
7131,Simon Boulain,49,,GBR,,9:12.8,Yes,M,552.8,138.2,132.60011943224563
7131,Richard Lindner,66,"Somerset, UK",GBR,Free Spirits,9:12.8,Yes,M,552.8,138.2,132.60011943224563
7131,Stefan Wegner,55,,GER,,9:12.8,No,M,552.8,138.2,132.60011943224563
7134,Mattias Eriksson,46,Uppsala,SWE,,9:12.9,Yes,M,552.9,138.225,132.52818446848033
7134,David James,61,,GBR,,9:12.9,No,M,552.9,138.225,132.52818446848033
7136,kevin ketchell,57,"brooks, AB",CAN,,9:13.0,Yes,M,553.0,138.25,132.4563015278296
7136,Laurent Sermet,47,Agen,FRA,Aviron Agenais,9:13.0,Yes,M,553.0,138.25,132.4563015278296
7136,Robert Lawing,65,"Charleston, SC",USA,GERMAN Rowers and FRIENDS United,9:13.0,No,M,553.0,138.25,132.4563015278296
7139,Thomas Fithian,74,"Williamsburg, VA",USA,Williamsburg Boat Club,9:13.1,Yes,M,553.1,138.275,132.38447056327342
7140,Paul Cullen,52,,IRL,,9:13.2,Yes,M,553.2,138.3,132.3126915278426
7140,Tony Heritage,62,,GBR,,9:13.2,Yes,M,553.2,138.3,132.3126915278426
7142,Jack Holbrook,45,"Louisville, KY",USA,,9:13.3,Yes,M,553.3,138.325,132.2409643746189
7143,David Pilkington,55,,GBR,,9:13.5,Yes,M,553.5,138.375,132.0976655273737
7144,Dmitrij Karavaj,35,Vigra,NOR,,9:13.6,Yes,M,553.6,138.4,132.02609373976986
7145,Jürgen Pietzker,76,Hamburg,GER,,9:13.7,Yes,M,553.7,138.425,131.95457364720798
7146,Mark Maslow,47,,CAN,,9:13.8,Yes,M,553.8,138.45,131.88310520302366
7147,Jed Ng,26,,SGP,,9:14.0,Yes,M,554.0,138.5,131.74032307338123
7147,Rob de Mooij,64,Noordwijk,NED,,9:14.0,No,M,554.0,138.5,131.74032307338123
7147,Geoff Rowlands,71,Pevensey,GBR,,9:14.0,No,M,554.0,138.5,131.74032307338123
7150,Octavio Morales,68,CA,USA,The Diamonds (Over Sixties Erging Group),9:14.1,Yes,M,554.1,138.525,131.66900929484657
7151,Ross Hadingham,43,Harare,ZIM,,9:14.2,Yes,M,554.2,138.55,131.59774697853567
7152,David Eyre,51,Suva,FIJ,,9:14.3,Yes,M,554.3,138.575,131.5265360780361
7152,Joseph Rockne,59,"Seattle, WA",USA,Lake Union Crew,9:14.3,No,M,554.3,138.575,131.5265360780361
7154,John Milham,55,,GBR,,9:14.4,Race,M,554.4,138.6,131.45537654698526
7154,Adam Lynn,51,"Leesville, LA",USA,,9:14.4,Yes,M,554.4,138.6,131.45537654698526
7156,Eric Sheppard,58,"Portland, OR",USA,,9:14.7,Yes,M,554.7,138.675,131.2422057076553
7157,Frederic Lambert,51,,FRA,,9:14.8,Yes,M,554.8,138.7,131.17125119177936
7158,Yves REMY - ACA56,67,Saint Philibert 56,FRA,FRENCH INDOOR ROWERS TEAM,9:14.9,No,M,554.9,138.725,131.10034781429178
7159,Mohamed Mansour,58,,USA,Sammamish Rowing,9:15.0,Yes,M,555.0,138.75,131.02949552913026
7159,Michael G.,29,,GER,,9:15.0,No,M,555.0,138.75,131.02949552913026
7159,Joshua Greene,49,,USA,,9:15.0,No,M,555.0,138.75,131.02949552913026
7162,Jonas ANZ,37,,LTU,,9:15.1,Yes,M,555.1,138.775,130.95869429028238
7162,Ruben Santaella,68,,USA,,9:15.1,Yes,M,555.1,138.775,130.95869429028238
7162,Torstein Rekkedal,82,Oslo,NOR,Christiania Roklub,9:15.1,No,M,555.1,138.775,130.95869429028238
7165,Doug Payne,72,"Bayside , NY",USA,,9:15.2,Yes,M,555.2,138.8,130.88794405178524
7166,DON SULLIVAN,70,"Nashville, TN",USA,Nashville Rowing Club,9:15.3,No,M,555.3,138.825,130.81724476772578
7166,STEPHEN talbot,57,Bexleyheath,GBR,,9:15.3,No,M,555.3,138.825,130.81724476772578
7166,Richard Wassell,59,"Perth, WA",AUS,RowAlong,9:15.3,No,M,555.3,138.825,130.81724476772578
7169,David Spibey,72,Stockport,GBR,The Diamonds (Over Sixties Erging Group),9:15.4,Yes,M,555.4,138.85,130.74659639224015
7169,Nigel Weldon,57,Wimborne,GBR,,9:15.4,Yes,M,555.4,138.85,130.74659639224015
7171,John Dutton,65,"Santa Barbara, CA",USA,,9:15.5,Yes,M,555.5,138.875,130.67599887951457
7171,Scott Sandin,61,,CAN,Not A Gym SK,9:15.5,Yes,M,555.5,138.875,130.67599887951457
7173,Evan Davidson,14,"Atlanta, GA",USA,"Augusta Rowing Club, Inc.",9:15.6,Race,M,555.6,138.9,130.60545218378434
7173,Flavien Buron,33,,SUI,,9:15.6,Yes,M,555.6,138.9,130.60545218378434
7173,Alexandre Girard,41,,CAN,,9:15.6,Yes,M,555.6,138.9,130.60545218378434
7173,Harald Bakken,56,Oslo,NOR,S Factor,9:15.6,No,M,555.6,138.9,130.60545218378434
7173,Photis Gittoes,63,Newport,GBR,,9:15.6,No,M,555.6,138.9,130.60545218378434
7178,David Finniff,78,"Loveland, CO",USA,,9:15.8,Yes,M,555.8,138.95,130.46451106049867
7178,Emmanuel Katsanis,69,"Oro Valley, AZ",USA,,9:15.8,Yes,M,555.8,138.95,130.46451106049867
7178,David Vastine,85,"Piedmont, CA",USA,Crufit Oakland,9:15.8,No,M,555.8,138.95,130.46451106049867
7181,Bob Cooley,78,"Westminster, CO",USA,,9:15.9,Yes,M,555.9,138.975,130.39411654166076
7181,Josh Moody,41,,USA,United States Marine Corps,9:15.9,Yes,M,555.9,138.975,130.39411654166076
7181,Bryan Cutchen,64,"Alexandria, VA",USA,,9:15.9,No,M,555.9,138.975,130.39411654166076
7184,Robbie Vanlancker,45,,BEL,,9:16.0,Yes,M,556.0,139.0,130.32377265725327
7185,Andrew Johnson,69,"Haddonfield , NJ",USA,Bachelors Barge Rowing Club,9:16.1,Yes,M,556.1,139.025,130.25347936175814
7186,Wim Adriaens,51,Noorderwijk,BEL,,9:16.2,Yes,M,556.2,139.05,130.18323660970614
7186,Rashid Kadir,60,,USA,The Diamonds (Over Sixties Erging Group),9:16.2,Yes,M,556.2,139.05,130.18323660970614
7186,Carlos Enrique Llopart,69,,ARG,,9:16.2,Yes,M,556.2,139.05,130.18323660970614
7189,Thomas Lienard,50,,FRA,,9:16.4,Yes,M,556.4,139.1,130.0429025543005
7189,Ben Pflaumer,50,,USA,,9:16.4,Yes,M,556.4,139.1,130.0429025543005
7189,Roland Sterry,75,Bishop's Castle,GBR,,9:16.4,Yes,M,556.4,139.1,130.0429025543005
7189,Martin Wimmer,40,,GER,,9:16.4,Yes,M,556.4,139.1,130.0429025543005
7193,Joseph Bopf,18,,AUS,,9:16.7,Race,M,556.7,139.175,129.8327794131045
7194,Stephen Taylor,46,,GBR,,9:16.9,Yes,M,556.9,139.225,129.69294875262895
7195,Day Roo,65,QLD,AUS,,9:17.0,Yes,M,557.0,139.25,129.623108717106
7195,Neil Cummons,59,"Buckhannon , WV",USA,U.S. Army,9:17.0,No,M,557.0,139.25,129.623108717106
7198,Paul Dodd,86,Horsham,GBR,,9:17.1,Yes,M,557.1,139.275,129.5533188180035
7199,Luis Ávila,64,,MEX,,9:17.2,Yes,M,557.2,139.3,129.48357901033992
7200,Werner Kolb,71,,GER,,9:17.3,Yes,M,557.3,139.325,129.4138892491822
7201,Robert Otys,50,,GER,,9:17.4,Yes,M,557.4,139.35,129.34424948964534
7201,Jim Sowash,87,"Columbia , MO",USA,,9:17.4,Yes,M,557.4,139.35,129.34424948964534
7203,John Drakakis,46,"Brisbane, QLD",AUS,,9:17.5,Yes,M,557.5,139.375,129.27465968689307
7203,James Gobbett,84,Rovereto,ITA,,9:17.5,No,M,557.5,139.375,129.27465968689307
7205,Ramesh Retnam,45,,SGP,Team Black Mamba SG,9:17.6,Yes,M,557.6,139.4,129.20511979613718
7206,john white,70,Southampton,GBR,Royal Navy Veterans,9:17.7,Yes,M,557.7,139.425,129.1356297726375
7207,Lance Neal,56,,USA,,9:17.8,Yes,M,557.8,139.45,129.0661895717023
7208,Jamie Hall,48,"Deception Bay, QLD",AUS,,9:17.9,Yes,M,557.9,139.475,128.9967991486875
7209,Neil Rigby,52,Manchester,GBR,,9:18.0,Yes,M,558.0,139.5,128.92745845899725
7209,Chris Baker,75,,GBR,,9:18.0,No,M,558.0,139.5,128.92745845899725
7209,Conor O'Brien,67,"Healesville, VIC",AUS,,9:18.0,No,M,558.0,139.5,128.92745845899725
7212,Michel Pepino,75,Manosque,FRA,,9:18.1,Yes,M,558.1,139.525,128.85816745808376
7213,David Henriquez,37,"Chicago, IL",USA,Feast Fitness,9:18.3,Yes,M,558.3,139.575,128.71973434463436
7213,Todd Spillers,56,"Bay City, TX",USA,"Texas Dept of Public Safety - State Trooper, Hwy Patrol",9:18.3,Yes,M,558.3,139.575,128.71973434463436
7213,Brian Chinn,72,"Seattle, WA",USA,,9:18.3,No,M,558.3,139.575,128.71973434463436
7216,Craig Thomas,55,"Conwy, Wales",GBR,Royal Air Force (UK),9:18.4,Yes,M,558.4,139.6,128.65059214324157
7217,Clinton Vickers,56,"Woodinville , WA",USA,,9:18.7,No,M,558.7,139.675,128.44346242825253
7218,Joachim Ramacher,66,"Ludwigsburg, BW",GER,,9:18.8,Yes,M,558.8,139.7,128.37451800544736
7219,John King,66,Stoke-on-Trent,GBR,,9:18.9,Yes,M,558.9,139.725,128.3056229167537
7219,Ronald Meier,61,Veenendaal,NED,,9:18.9,Yes,M,558.9,139.725,128.3056229167537
7221,Alan Gorjan,56,,SLO,,9:19.1,Yes,M,559.1,139.775,128.16798056527153
7221,Jon Harper,37,,CAN,,9:19.1,Yes,M,559.1,139.775,128.16798056527153
7221,Jasper Mahon,58,Perth,AUS,RowPro Rowers,9:19.1,Yes,M,559.1,139.775,128.16798056527153
7221,José Feliciano Miranda Cruz,38,,POR,,9:19.1,Yes,M,559.1,139.775,128.16798056527153
7225,Dietmar Stoll,65,BC,CAN,,9:19.3,Yes,M,559.3,139.825,128.03053502142038
7226,Bjarke H,42,,DEN,,9:19.4,Yes,M,559.4,139.85,127.96188594244224
7227,David Bailey,54,,GBR,Worlds Toughest Row (WTR),9:19.5,Yes,M,559.5,139.875,127.89328593356937
7227,Jaap Mechielsen,61,Arnhem,NED,RowAlong,9:19.5,Yes,M,559.5,139.875,127.89328593356937
7227,Bruce Slade,79,Devon,GBR,Fitness Matters,9:19.5,Yes,M,559.5,139.875,127.89328593356937
7230,Willem Hage,74,Almere,NED,,9:19.6,Yes,M,559.6,139.9,127.8247349509656
7231,Michael Parker,70,"Guildford, Surrey",IRL,Paddy Power IRC,9:19.8,Yes,M,559.8,139.95,127.68777988945595
7232,JinHai Peng,42,Shanghai,CHN,,9:19.9,Yes,M,559.9,139.975,127.61937572311258
7233,John Amos,59,TX,USA,,9:20.0,No,M,560.0,140.0,127.55102040816323
7233,Charles de Hart,81,Huizen,NED,,9:20.0,No,M,560.0,140.0,127.55102040816323
7233,David White,69,"Round Rock, TX",USA,,9:20.0,No,M,560.0,140.0,127.55102040816323
7236,Odd Gunnar Dalen,67,,NOR,,9:20.1,Yes,M,560.1,140.025,127.48271390100625
7236,Kristian Wiklund,53,Läskiga skogen,SWE,Ericsson,9:20.1,No,M,560.1,140.025,127.48271390100625
7238,Rod Murphy,55,Birmingham,GBR,,9:20.3,Yes,M,560.3,140.075,127.34624713589571
7238,Jan Vangilbergen,36,,BEL,,9:20.3,Yes,M,560.3,140.075,127.34624713589571
7240,Boyoung Chung,42,,KOR,,9:20.4,Yes,M,560.4,140.1,127.27808679097173
7240,Juan Antonio García,46,,ESP,,9:20.4,Yes,M,560.4,140.1,127.27808679097173
7240,Bruce Livingston,85,OR,USA,U.S. Army Veterans,9:20.4,Yes,M,560.4,140.1,127.27808679097173
7240,Gilbert Roggen,54,,BEL,,9:20.4,Yes,M,560.4,140.1,127.27808679097173
7244,Tom Odongo,45,,NOR,,9:20.5,Yes,M,560.5,140.125,127.20997507989952
7245,Jimmy Janssen,49,Amsterdam 🇳🇱,NED,,9:20.6,Yes,M,560.6,140.15,127.1419119593101
7245,Philip Manning,55,,GBR,,9:20.6,Yes,M,560.6,140.15,127.1419119593101
7247,Chad Rexin,54,"West Fargo, ND",USA,Darkhorse Rowing,9:20.7,Yes,M,560.7,140.175,127.07389738588095
7248,Bob Mayton,46,,USA,Texas Department of Public Safety,9:20.8,Yes,M,560.8,140.2,127.00593131633613
7248,Hans-Bart Vink,63,Uden,NED,,9:20.8,Yes,M,560.8,140.2,127.00593131633613
7250,William Wilson,59,Helensburgh,GBR,Royal Navy Veterans,9:20.9,Yes,M,560.9,140.225,126.93801370744563
7251,James Arnott,15,,RSA,,9:21.0,Yes,M,561.0,140.25,126.87014451602579
7252,Michael Simoens,71,"Cedar Rapids, IA",USA,,9:21.2,Yes,M,561.2,140.3,126.73455121309483
7253,Jerome Graham,48,,USA,,9:21.3,Yes,M,561.3,140.325,126.66682701544708
7253,James Haselden,58,,GBR,,9:21.3,No,M,561.3,140.325,126.66682701544708
7255,Gary Evans,64,,GBR,,9:21.4,Yes,M,561.4,140.35,126.59915106299661
7255,Jeffrey Howell,50,"Castaic, CA",USA,,9:21.4,Yes,M,561.4,140.35,126.59915106299661
7255,Ben Smith,50,,USA,TEAM MELALEUCA,9:21.4,Yes,M,561.4,140.35,126.59915106299661
7258,Jeff Heiska,62,"Lusby, MD",USA,The Diamonds (Over Sixties Erging Group),9:21.5,Yes,M,561.5,140.375,126.53152331279026
7259,Paul Grinham,65,"Shapwick, Somerset",GBR,Free Spirits,9:21.8,Yes,M,561.8,140.45,126.32892884679006
7259,Tyson Le,38,,AUS,,9:21.8,Yes,M,561.8,140.45,126.32892884679006
7259,Stephan Meyer,40,,GER,,9:21.8,Yes,M,561.8,140.45,126.32892884679006
7259,Charlie Moffitt,75,"Stafford, VA",USA,U.S. Navy Veteran,9:21.8,No,M,561.8,140.45,126.32892884679006
7263,Seth Antcliff,42,"Cygnet, TAS",AUS,,9:22.0,No,M,562.0,140.5,126.19410609526092
7263,Craig DeGeer,64,"Burlington, ON",CAN,Team Canada,9:22.0,No,M,562.0,140.5,126.19410609526092
7265,William Cooley,75,"Albuquerque, NM",USA,,9:22.2,Yes,M,562.2,140.55,126.05947512571949
7266,Xinming Xiao,42,,CHN,,9:22.3,Yes,M,562.3,140.575,125.9922314526392
7267,Daniel Agajanian,69,"Kalispell, MT",USA,,9:22.4,Yes,M,562.4,140.6,125.92503559728057
7267,Ian Beeton,58,Leeds,GBR,,9:22.4,Yes,M,562.4,140.6,125.92503559728057
7267,ES Sweeney,72,"Lower Colonias, NM",USA,,9:22.4,Yes,M,562.4,140.6,125.92503559728057
7270,Bill Baltas,62,"Mesa, AZ",USA,The Diamonds (Over Sixties Erging Group),9:22.5,Yes,M,562.5,140.625,125.85788751714676
7270,Simon Grainger,57,,GBR,,9:22.5,Yes,M,562.5,140.625,125.85788751714676
7270,Harry Pollock,66,Leicester,GBR,,9:22.5,Yes,M,562.5,140.625,125.85788751714676
7273,Andrew Balas,74,SC,USA,,9:22.6,Yes,M,562.6,140.65,125.79078716978592
7274,Richard Underwood,75,Doncaster,GBR,Free Spirits,9:22.7,Yes,M,562.7,140.675,125.72373451279145
7274,jack davis,73,"Tallahassee, FL",USA,,9:22.7,No,M,562.7,140.675,125.72373451279145
7276,Tom Dowling,66,"Barwon Heads, VIC",AUS,,9:22.9,Yes,M,562.9,140.725,125.58977210050197
7277,Ralf Peters,66,,AUS,,9:23.0,Yes,M,563.0,140.75,125.5228622606196
7278,Jan Kranenburg,74,Apeldoorn,NED,ARV De Grift,9:23.3,Yes,M,563.3,140.825,125.32241769944417
7279,Thomas Mongeau,74,,USA,,9:23.4,Yes,M,563.4,140.85,125.25569769142233
7280,Paul Dore,64,Christchurch,GBR,,9:23.5,Yes,M,563.5,140.875,125.18902503613745
7281,Patrick Downs,67,"Port Angeles, WA",USA,,9:23.6,Yes,M,563.6,140.9,125.12239969158772
7282,René Larsen,61,,DEN,,9:23.7,Yes,M,563.7,140.925,125.05582161581609
7282,Günther Schmid,59,,GER,,9:23.7,Yes,M,563.7,140.925,125.05582161581609
7282,Simon Six,60,Hilversum,NED,'Adam Smith International (ASI),9:23.7,Yes,M,563.7,140.925,125.05582161581609
7285,Ken Wood,77,,USA,,9:23.8,No,M,563.8,140.95,124.98929076691036
7286,Pål Halseth,38,,NOR,,9:24.1,Yes,M,564.1,141.025,124.78998116293229
7286,Eric Johnson,75,Buenos Aires,ARG,,9:24.1,Yes,M,564.1,141.025,124.78998116293229
7286,Carlos M,59,,USA,,9:24.1,Yes,M,564.1,141.025,124.78998116293229
7286,Mark Swift,54,Eastbourne,GBR,,9:24.1,Yes,M,564.1,141.025,124.78998116293229
7290,John Mullen,62,Glasgow,GBR,,9:24.2,Yes,M,564.2,141.05,124.72363880325678
7290,Travis Vaughan,48,"Land O' Lakes, FL",USA,Air National Guard,9:24.2,Yes,M,564.2,141.05,124.72363880325678
7292,Tobias P,45,,GER,,9:24.3,Yes,M,564.3,141.075,124.65734346155294
7294,Patrick Delon,58,,FRA,,9:24.4,Yes,M,564.4,141.1,124.5910950961749
7295,Brian Cort,88,Torquay,GBR,Teign Scullers,9:24.6,Yes,M,564.6,141.15,124.45873912803525
7296,Lee Dalgleish,54,,GBR,,9:24.7,Yes,M,564.7,141.175,124.3926314422032
7296,Sam McCallum,34,,USA,,9:24.7,Yes,M,564.7,141.175,124.3926314422032
7298,Gary Leach,69,"Plano, TX",USA,,9:25.0,Yes,M,565.0,141.25,124.19458908016306
7298,Andy Lindbo,80,"Carnation, WA",USA,TEAM MELALEUCA,9:25.0,Yes,M,565.0,141.25,124.19458908016306
7298,Keith Roath,71,"Chelsea, MI",USA,,9:25.0,Yes,M,565.0,141.25,124.19458908016306
7298,Alex Field,35,Bucks,GBR,Age Without Limits,9:25.0,No,M,565.0,141.25,124.19458908016306
7298,Glenn Forslund,56,,USA,,9:25.0,No,M,565.0,141.25,124.19458908016306
7298,Derek Ross,63,"Sugar Land, TX",USA,,9:25.0,No,M,565.0,141.25,124.19458908016306
7304,William Keown,60,,USA,,9:25.1,Yes,M,565.1,141.275,124.12866838669822
7304,Jorge Merino,42,,ESP,,9:25.1,Yes,M,565.1,141.275,124.12866838669822
7306,John Stock,55,Basingstoke,GBR,Forum Flyers,9:25.4,No,M,565.4,141.35,123.93118600984528
7307,Adrian Biles,58,,GBR,,9:25.5,Yes,M,565.5,141.375,123.86545164805612
7307,Jason Tulk,48,NS,CAN,,9:25.5,Yes,M,565.5,141.375,123.86545164805612
7309,jack bean,72,,GBR,,9:25.6,Yes,M,565.6,141.4,123.79976376628117
7309,todd garman,55,"Thompson, ND",USA,Darkhorse Rowing,9:25.6,Yes,M,565.6,141.4,123.79976376628117
7309,Justin Mansfield,53,,GBR,,9:25.6,Yes,M,565.6,141.4,123.79976376628117
7312,Paul O'Brien,59,ON,CAN,,9:25.7,Yes,M,565.7,141.425,123.73412232344575
7312,Richard Dartnall,63,"Clacton-On-Sea, Essex",GBR,The Diamonds (Over Sixties Erging Group),9:25.7,No,M,565.7,141.425,123.73412232344575
7314,James Sypherd,22,,USA,,9:25.8,Yes,M,565.8,141.45,123.66852727851904
7315,Kyle L,46,,TPE,,9:26.0,Yes,M,566.0,141.5,123.53747621848436
7315,Lionel Schlicht,61,"Algonquin, IL",USA,The Diamonds (Over Sixties Erging Group),9:26.0,Yes,M,566.0,141.5,123.53747621848436
7317,Joseph Krupa,54,,USA,,9:26.1,Yes,M,566.1,141.525,123.47202012153156
7317,Michael S,58,WA,USA,,9:26.1,No,M,566.1,141.525,123.47202012153156
7319,Jon Cawsey,62,,GBR,,9:26.3,Yes,M,566.3,141.575,123.34124658946844
7319,동희 이,52,,KOR,,9:26.3,Yes,M,566.3,141.575,123.34124658946844
7321,Graham Henry,68,Wirral,GBR,The Diamonds (Over Sixties Erging Group),9:26.4,Yes,M,566.4,141.6,123.27592907277294
7321,Alex Walter,54,"Seattle, WA",USA,Purdue University - Alumni,9:26.4,Yes,M,566.4,141.6,123.27592907277294
7323,Rob Elliott,65,Pulborough,GBR,The Diamonds (Over Sixties Erging Group),9:26.5,Yes,M,566.5,141.625,123.21065766798361
7323,Oscar van Tol,59,,NED,,9:26.5,Yes,M,566.5,141.625,123.21065766798361
7325,Yonghwan Lee,43,Incheon,KOR,,9:26.6,Yes,M,566.6,141.65,123.1454323344158
7325,Steffen S,40,Graz,AUT,,9:26.6,Yes,M,566.6,141.65,123.1454323344158
7327,David Marsh,78,Gtr Manchester,GBR,Salcombe Estuary Rowing Club,9:26.7,Yes,M,566.7,141.675,123.08025303142793
7328,Carl Herbst,64,"Arlington, VA",USA,The Diamonds (Over Sixties Erging Group),9:26.9,Yes,M,566.9,141.725,122.95003235484141
7329,Jamie Robinson,44,,GBR,,9:27.1,Yes,M,567.1,141.775,122.81999531395097
7330,Brandon Thomas,42,"Dundee, NY",USA,,9:27.5,Yes,M,567.5,141.875,122.56047084559457
7331,Michael Stransky,80,"Salt Lake City, UT",USA,,9:27.6,Yes,M,567.6,141.9,122.49570399603864
7331,Thomas Stucki,59,,SUI,,9:27.6,Yes,M,567.6,141.9,122.49570399603864
7333,Melvyn Cole,74,,GBR,,9:27.7,Yes,M,567.7,141.925,122.43098277300459
7333,Jatin Kapur,38,,USA,,9:27.7,Yes,M,567.7,141.925,122.43098277300459
7333,Khemero Lee,42,,AUS,,9:27.7,Yes,M,567.7,141.925,122.43098277300459
7336,A A,32,,USA,,9:27.8,Yes,M,567.8,141.95,122.36630713632134
7336,Roger Harlow,71,,GBR,,9:27.8,Yes,M,567.8,141.95,122.36630713632134
7336,Neil Raxter,52,Manchester,GBR,Rowing Rax - Just Row,9:27.8,Yes,M,567.8,141.95,122.36630713632134
7339,Joshua Merck,47,"Lorton, VA",USA,,9:27.9,Yes,M,567.9,141.975,122.30167704585986
7339,Kerem Şeşen,37,,TUR,,9:27.9,Yes,M,567.9,141.975,122.30167704585986
7339,Chris Walker,59,Hertfordshire,GBR,UK Rowers,9:27.9,Yes,M,567.9,141.975,122.30167704585986
7339,Sandor Wols,60,,NED,,9:27.9,Yes,M,567.9,141.975,122.30167704585986
7339,Tom Cares,49,Mechelen,BEL,EXR Rowing,9:27.9,No,M,567.9,141.975,122.30167704585986
7344,Joel Danzig,62,,USA,,9:28.0,Yes,M,568.0,142.0,122.23709246153375
7344,Will Worthwine,69,"Boise, ID",USA,,9:28.0,No,M,568.0,142.0,122.23709246153375
7346,Michael Bove,71,"Lawrence, KS",USA,The Diamonds (Over Sixties Erging Group),9:28.1,No,M,568.1,142.025,122.17255334329887
7347,Renaud MONNET,53,,FRA,,9:28.2,Yes,M,568.2,142.05,122.10805965115348
7348,Anuj Anand,48,BC,CAN,,9:28.3,Yes,M,568.3,142.075,122.04361134513802
7348,Keith Kennedy,81,Warwick,GBR,Warwick Boat Club,9:28.3,Yes,M,568.3,142.075,122.04361134513802
7348,Patrick Wouters,56,Antwerp,BEL,,9:28.3,Yes,M,568.3,142.075,122.04361134513802
7351,Dominic Aubrey-Da Cova,41,Coventry,GBR,,9:28.4,Yes,M,568.4,142.1,121.97920838533477
7351,Purujit Saha,40,,USA,,9:28.4,Yes,M,568.4,142.1,121.97920838533477
7353,Don Smith,76,IL,USA,,9:28.5,No,M,568.5,142.125,121.91485073186867
7354,Sándor Pethe,30,,HUN,,9:28.6,Yes,M,568.6,142.15,121.8505383449064
7355,Jan Hommes,71,Ruurlo,NED,The Diamonds (Over Sixties Erging Group),9:28.7,Yes,M,568.7,142.175,121.78627118465666
7355,David Keiser-Clark,54,,USA,,9:28.7,Yes,M,568.7,142.175,121.78627118465666
7357,Rogue Trainer,56,,USA,,9:28.9,Yes,M,568.9,142.225,121.65787238534
7358,Eric Brumm,47,IN,USA,,9:29.0,Yes,M,569.0,142.25,121.5937406669001
7358,Hugo Gordilho,40,,POR,,9:29.0,Yes,M,569.0,142.25,121.5937406669001
7358,Richard Locke,58,,GBR,,9:29.0,Yes,M,569.0,142.25,121.5937406669001
7361,Colin Bradley,72,Bower Hinton,GBR,Free Spirits,9:29.1,Yes,M,569.1,142.275,121.52965401642699
7361,Juris Lauris,50,Jelgava,LAT,,9:29.1,Yes,M,569.1,142.275,121.52965401642699
7363,Ton Andriessen,67,Amsterdam,NED,,9:29.3,Yes,M,569.3,142.325,121.40161576109547
7363,Steve DeHanas,81,"FAIRFAX, VA",USA,,9:29.3,Yes,M,569.3,142.325,121.40161576109547
7363,Steve S,75,London,GBR,,9:29.3,Yes,M,569.3,142.325,121.40161576109547
7366,Scott Burrow,67,"Victoria, BC",CAN,RowAlong,9:29.5,Yes,M,569.5,142.375,121.27375730319008
7366,Keri James,66,Cardiff,GBR,,9:29.5,Yes,M,569.5,142.375,121.27375730319008
7368,Bill Palmer,62,"Campbell, CA",USA,Forum Flyers,9:29.6,Yes,M,569.6,142.4,121.20989539965586
7369,Zjev Ambagts,73,The Hague,NED,Empty the Tanks,9:29.7,Yes,M,569.7,142.425,121.14607832722155
7369,Tom Woodward,71,,USA,,9:29.7,Yes,M,569.7,142.425,121.14607832722155
7372,George Bishop,64,"Caledon, ON",CAN,,9:29.9,Yes,M,569.9,142.475,121.01857851836469
7372,chris bruce,77,Felixstowe,GBR,The Diamonds (Over Sixties Erging Group),9:29.9,Yes,M,569.9,142.475,121.01857851836469
7374,Roger Bangay,88,Kingston upon Thames,GBR,Free Spirits,9:30.0,Yes,M,570.0,142.5,120.95489570340135
7374,Stanley LAN,40,,CHN,,9:30.0,Yes,M,570.0,142.5,120.95489570340135
7374,David Knight,78,Southsea,GBR,,9:30.0,No,M,570.0,142.5,120.95489570340135
7377,John Simon,55,,GBR,,9:30.1,Yes,M,570.1,142.525,120.89125756245639
7378,Leslie Marchant,72,Bath,GBR,,9:30.3,Yes,M,570.3,142.575,120.76411514599481
7378,PENG ZHANG,70,"Sunnyvale, CA",USA,Tulane University,9:30.3,Yes,M,570.3,142.575,120.76411514599481
7380,David McGlade,50,Belfast,GBR,,9:30.4,Yes,M,570.4,142.6,120.70061079226728
7381,Colin Wright,65,Scothern,GBR,Free Spirits,9:30.6,Yes,M,570.6,142.65,120.57373559860072
7382,Jaroslaw Cwynar,44,Rzeszow,POL,,9:30.7,Yes,M,570.7,142.675,120.5103646806973
7383,Rickey James,48,,USA,,9:31.0,Yes,M,571.0,142.75,120.32051817578133
7383,F Z,61,,USA,,9:31.0,Yes,M,571.0,142.75,120.32051817578133
7383,Thomas Brooks,65,"Exton, PA",USA,,9:31.0,No,M,571.0,142.75,120.32051817578133
7386,Einar Bredo Dahl,60,,NOR,,9:31.1,Yes,M,571.1,142.775,120.25732462761077
7386,al potter,77,"Gettysburg, PA",USA,U.S. Army,9:31.1,Yes,M,571.1,142.775,120.25732462761077
7389,Alex Petrusev,61,"Bright's Grove, ON",CAN,,9:31.3,Yes,M,571.3,142.825,120.1310702288666
7390,Quentin Antoine,33,Paris,FRA,,9:31.4,Yes,M,571.4,142.85,120.06800930090006
7390,Parag Sahasrabudhe,55,,USA,,9:31.4,Yes,M,571.4,142.85,120.06800930090006
7392,Bob Mackay,63,Wakefield,GBR,The Diamonds (Over Sixties Erging Group),9:31.5,Yes,M,571.5,142.875,120.0049925023432
7392,Seb Ong,43,,SGP,,9:31.5,Yes,M,571.5,142.875,120.0049925023432
7392,Andy S,61,,GBR,Fetch Everyone Rowing Team,9:31.5,Yes,M,571.5,142.875,120.0049925023432
7395,Quintin Foster,85,"Raleigh, NC",USA,,9:31.7,Yes,M,571.7,142.925,119.87909113911921
7396,Phillip Hodges,81,"Cary, NC",USA,,9:31.8,Yes,M,571.8,142.95,119.81620649738385
7396,Bruce Huester,74,"Hilton Head, SC",USA,The Diamonds (Over Sixties Erging Group),9:31.8,Yes,M,571.8,142.95,119.81620649738385
7396,Wilson Palacios,57,"Andover, MA",USA,,9:31.8,Yes,M,571.8,142.95,119.81620649738385
7399,David Sykes,63,"Rochester, NY",USA,The Diamonds (Over Sixties Erging Group),9:31.9,Yes,M,571.9,142.975,119.75336583092125
7400,David Craig,74,,GBR,,9:32.0,Yes,M,572.0,143.0,119.69056910129825
7400,Edward Geltman,79,"St. Louis, MO",USA,St. Louis Rowing Club,9:32.0,No,M,572.0,143.0,119.69056910129825
7400,Ed Hennessy,72,"Sacramento, CA",USA,,9:32.0,No,M,572.0,143.0,119.69056910129825
7403,Risto Lammi,68,Tampere 🇫🇮,FIN,,9:32.2,Yes,M,572.2,143.05,119.5651072990397
7405,Michał Dębicki,66,Katowice,POL,Polish Indoor Rowing Team,9:32.3,Yes,M,572.3,143.075,119.50244214973917
7406,Andrew Hsu,48,"🎅🏼, CA",USA,reddit /r/ rowing,9:32.4,Yes,M,572.4,143.1,119.43982078394781
7407,Brian Chin,66,"Honolulu, HI",USA,The Diamonds (Over Sixties Erging Group),9:32.6,Yes,M,572.6,143.15,119.31470925000446
7407,Matthias Merk,37,,GER,,9:32.6,Yes,M,572.6,143.15,119.31470925000446
7409,John Rodriguez,47,,USA,,9:32.7,Yes,M,572.7,143.175,119.25221900550807
7409,Reigo Tamm,44,"Kuressaare, Saaremaa",EST,,9:32.7,Yes,M,572.7,143.175,119.25221900550807
7409,Wing Tsang,39,,GBR,,9:32.7,Yes,M,572.7,143.175,119.25221900550807
7412,Jarek Jaroch,59,Bydgoszcz,POL,,9:33.0,Yes,M,573.0,143.25,119.06500990469397
7412,Helen Wilkinson,51,,GBR,,9:33.0,No,M,573.0,143.25,119.06500990469397
7414,Spencer Robbins,66,"Melbourne Beach, FL",USA,U.S. Army Virtual Rowers,9:33.1,Yes,M,573.1,143.275,119.00269395520603
7415,Krzysztof Marczewski,51,Warszawa,POL,,9:33.4,Yes,M,573.4,143.35,118.81600682775299
7416,George Slater,81,,USA,,9:33.6,No,M,573.6,143.4,118.69176563165738
7417,Albert Washburn,62,"Boynton Beach, FL",USA,,9:33.7,Yes,M,573.7,143.425,118.62970998688854
7418,Juraj Filipčić,53,Karlovac,CRO,,9:33.8,Yes,M,573.8,143.45,118.5676975940057
7418,Garry Nelson,77,"Lawrence, NSW",AUS,The Diamonds (Over Sixties Erging Group),9:33.8,Yes,M,573.8,143.45,118.5676975940057
7420,DAVID ROGERS,57,,GBR,,9:34.0,No,M,574.0,143.5,118.44380241323327
7421,Oliver Cahill,24,,GBR,,9:34.2,Yes,M,574.2,143.55,118.32007978840542
7422,Aidan Dwight,14,,USA,,9:34.3,Yes,M,574.3,143.575,118.25828309060066
7422,John Pedersen,66,Lystrup,DEN,The Diamonds (Over Sixties Erging Group),9:34.3,Yes,M,574.3,143.575,118.25828309060066
7424,Marcel ...,38,,GER,GERMAN Rowers and FRIENDS United,9:34.4,Yes,M,574.4,143.6,118.1965294192161
7425,Glenn Adriance,71,"Littleton, CO",USA,,9:34.6,Yes,M,574.6,143.65,118.07315100598605
7425,Jeremy Whanger,46,"Chesapeake , VA",USA,,9:34.6,Yes,M,574.6,143.65,118.07315100598605
7427,steve z,70,,USA,,9:34.7,Yes,M,574.7,143.675,118.01152618937695
7428,Michael Sosebee,69,CA,USA,,9:35.0,Yes,M,575.0,143.75,117.82690885181229
7428,Stuart Harrison,50,,GBR,,9:35.0,No,M,575.0,143.75,117.82690885181229
7428,Steve Hutchings,67,Newbury,GBR,,9:35.0,No,M,575.0,143.75,117.82690885181229
7431,Christophe CAIREY-REMONNAY,54,"DEVECEY, FRA",FRA,,9:35.2,Yes,M,575.2,143.8,117.70404451463112
7432,Mark Peard,60,Kelly Bray,GBR,,9:35.3,Yes,M,575.3,143.825,117.64267640089606
7433,James Johnson,67,NSW,AUS,Community Rowing Club Sydney,9:35.5,Yes,M,575.5,143.875,117.52006809768548
7433,Dan Mudd,62,MD,USA,,9:35.5,Yes,M,575.5,143.875,117.52006809768548
7433,Mark Williams,55,,GBR,,9:35.5,Yes,M,575.5,143.875,117.52006809768548
7433,Paul Dzimian ;-),71,"Minneapolis, MN",USA,Age Without Limits,9:35.5,No,M,575.5,143.875,117.52006809768548
7437,Matthias Weißenbach,61,,GER,,9:35.6,Yes,M,575.6,143.9,117.45882783414554
7437,Erik Plahte,86,Ås,NOR,,9:35.6,No,M,575.6,143.9,117.45882783414554
7439,"William R Peelle, Jr.",78,"West Hartford, CT",USA,,9:35.7,No,M,575.7,143.925,117.39763011333702
7440,James Mlynarchek,69,,USA,,9:35.8,Yes,M,575.8,143.95,117.33647489832428
7441,Rich Davis,63,,USA,The Diamonds (Over Sixties Erging Group),9:36.2,Yes,M,576.2,144.05,117.0922783588577
7441,Shane Mask,56,"Coralville, IA",USA,,9:36.2,Yes,M,576.2,144.05,117.0922783588577
7441,Tim Rupp,42,"Tacoma, WA",USA,,9:36.2,Yes,M,576.2,144.05,117.0922783588577
7441,Luca Surace,52,Trento,ITA,Italy Rowing,9:36.2,Yes,M,576.2,144.05,117.0922783588577
7445,John Hess,78,CO,USA,The Diamonds (Over Sixties Erging Group),9:36.3,Yes,M,576.3,144.075,117.03133512013015
7446,Joseph Inman,77,"Springdale, UT",USA,Rowers for Pickleball,9:36.4,No,M,576.4,144.1,116.97043416638924
7447,Geoff Rogers,73,Christchurch,GBR,Retired Royal Air Force (UK),9:36.5,Yes,M,576.5,144.125,116.90957546096767
7447,Moun Trainer,37,,FRA,,9:36.5,Yes,M,576.5,144.125,116.90957546096767
7449,Shawn Moran,50,,USA,,9:36.6,Yes,M,576.6,144.15,116.848758967236
7449,Juhani Joutsenniemi,82,Kerava,FIN,Keravan Urheilijat,9:36.6,No,M,576.6,144.15,116.848758967236
7452,Hunter Monroe,63,,USA,Rock Creek Rowing,9:36.7,Yes,M,576.7,144.175,116.78798464860292
7453,Frank Carlsen,61,Værløse,DEN,RowPro Rowers,9:36.8,Yes,M,576.8,144.2,116.72725246851526
7454,Andrew Ernest,37,"Granby, QC",CAN,,9:36.9,Yes,M,576.9,144.225,116.6665623904578
7455,A B,31,,GBR,,9:37.0,Yes,M,577.0,144.25,116.60591437795331
7455,Stephen Hannan,62,Amazingstoke,GBR,British Army,9:37.0,Yes,M,577.0,144.25,116.60591437795331
7455,Nick Hutchins,50,,GBR,,9:37.0,Yes,M,577.0,144.25,116.60591437795331
7458,Carl Lawton,44,,GBR,,9:37.1,Yes,M,577.1,144.275,116.54530839456238
7458,Peter Scully,58,TAS,AUS,,9:37.1,Yes,M,577.1,144.275,116.54530839456238
7458,James Climer,65,"Paso Robles, CA",USA,TimbukTOO,9:37.1,No,M,577.1,144.275,116.54530839456238
7461,Alfred Zorgdrager,66,Kortenhoef,NED,,9:37.2,No,M,577.2,144.3,116.48474440388371
7462,Alexander Rizenko,74,Lancaster,GBR,The Diamonds (Over Sixties Erging Group),9:37.3,Race,M,577.3,144.325,116.4242223695537
7462,Dan Hickey,46,OH,USA,,9:37.3,Yes,M,577.3,144.325,116.4242223695537
7464,Thomas Mahon,68,"Brampton, ON",CAN,,9:37.4,Yes,M,577.4,144.35,116.36374225524628
7464,Brant Olson,48,,USA,,9:37.4,Yes,M,577.4,144.35,116.36374225524628
7464,Eoin Orr,79,Arrowtown,NZL,,9:37.4,Yes,M,577.4,144.35,116.36374225524628
7467,Jan Pauwels,41,,BEL,,9:37.5,Yes,M,577.5,144.375,116.30330402467355
7468,Jason Guernsey,46,"Janesville, WI",USA,,9:37.6,Yes,M,577.6,144.4,116.24290764158503
7468,Ken Heider,67,"Greenfield, MA",USA,RowAlong,9:37.6,Yes,M,577.6,144.4,116.24290764158503
7470,Mark Wideman,74,"Kingston, ON",CAN,The Diamonds (Over Sixties Erging Group),9:37.7,Yes,M,577.7,144.425,116.18255306976793
7471,Kenneth Rouse,62,,USA,,9:37.9,Yes,M,577.9,144.475,116.06196921528486
7471,Craig Waterman,57,"Decatur, GA",USA,,9:37.9,Yes,M,577.9,144.475,116.06196921528486
7471,Tim Court,61,,GBR,,9:37.9,No,M,577.9,144.475,116.06196921528486
7474,Thomas Fanning,57,"Grand Marais, MN",USA,50Plus,9:38.0,Yes,M,578.0,144.5,116.00173986038115
7474,Hugh McLellan,79,Arrowtown,NZL,,9:38.0,Yes,M,578.0,144.5,116.00173986038115
7476,Doug Dixon,77,Grimsby,GBR,,9:38.4,Yes,M,578.4,144.6,115.76123874865914
7476,Gage Gillings,52,"Orem, UT",USA,,9:38.4,Yes,M,578.4,144.6,115.76123874865914
7476,David Payne,63,"Groton, MA",USA,,9:38.4,Yes,M,578.4,144.6,115.76123874865914
7476,Jeffery Buckinger,72,"Inola, OK",USA,Scotland The Wave,9:38.4,No,M,578.4,144.6,115.76123874865914
7480,John Stephens,53,,USA,,9:38.5,Yes,M,578.5,144.625,115.70121736785575
7481,Stephen Carmack,77,"Edmond, OK",USA,Baylor University,9:38.6,Yes,M,578.6,144.65,115.64123747409525
7482,Ludwig Zimmer,68,Neufeld an der Leitha,AUT,Silent Water Neufeld,9:38.8,Yes,M,578.8,144.7,115.52140200438473
7483,Alan Miller,76,"Redmond, WA",USA,,9:38.9,Yes,M,578.9,144.725,115.46154635686841
7484,Alexander Ashurov,52,,USA,,9:39.1,Yes,M,579.1,144.775,115.34195905787584
7485,Ryan Meyer,17,,USA,Simsbury High School,9:39.3,No,M,579.3,144.825,115.22253684918486
7486,Lloyd Rantanen,65,"Edgewood, NM",USA,American Firefighters,9:39.4,Yes,M,579.4,144.85,115.16288756468376
7486,Jesse Stewart,49,,CAN,,9:39.4,Yes,M,579.4,144.85,115.16288756468376
7486,Toby Taylor,82,"Princeton, NJ",USA,Carnegie Lake Rowing Association,9:39.4,No,M,579.4,144.85,115.16288756468376
7489,Darren Carr,54,Hull,GBR,,9:39.5,Yes,M,579.5,144.875,115.10327944600948
7489,Brent Geldenhuys,48,,GBR,,9:39.5,Yes,M,579.5,144.875,115.10327944600948
7491,Blaine OBrien,60,,USA,,9:39.6,Yes,M,579.6,144.9,115.04371245765587
7492,Jan Smith,86,"Kianga, NSW",AUS,,9:39.7,Yes,M,579.7,144.925,114.9841865641535
7493,Hartmut Rütz,64,Wolgast,GER,Ruderverein Wolgast e.V.,9:39.8,Yes,M,579.8,144.95,114.92470173006967
7494,Cemlyn Jones,73,Lipa City,PHI,Fitness Matters,9:40.1,Yes,M,580.1,145.025,114.74649323055186
7495,Antonio C Cardoso,78,Embu das Artes,BRA,RowPro Rowers,9:40.2,Yes,M,580.2,145.05,114.68717228054759
7495,Mark Lefley,72,,GBR,,9:40.2,Yes,M,580.2,145.05,114.68717228054759
7495,David Uvodich,61,"Emporia, KS",USA,,9:40.2,Yes,M,580.2,145.05,114.68717228054759
7495,Paul Hughes Hughes,64,,GBR,,9:40.2,No,M,580.2,145.05,114.68717228054759
7499,Alan Jenkinson,78,Cheshire,GBR,,9:40.3,Yes,M,580.3,145.075,114.62789221334731
7500,Piotr Wojciechowski,42,,POL,,9:40.4,Yes,M,580.4,145.1,114.56865299373743
7501,Rod Mackinlay,86,"Pebble Beach, CA",USA,,9:40.6,Yes,M,580.6,145.15,114.45029695661748
7502,Paul Lehmann,67,🇨🇭 Schmitten 🇨🇭,SUI,RowAlong,9:40.8,Yes,M,580.8,145.2,114.33210388820724
7502,Eric McDaniel,47,,USA,,9:40.8,Yes,M,580.8,145.2,114.33210388820724
7504,Brian Holliday,55,,USA,,9:41.0,Yes,M,581.0,145.25,114.21407350810634
7504,Craig Allsopp,74,"Quechee, VT",USA,,9:41.0,No,M,581.0,145.25,114.21407350810634
7506,Gerry Floyd,71,Nottingham,GBR,"Castle ""Hardcore"" Gym",9:41.1,Yes,M,581.1,145.275,114.155119238705
7507,Mark Bourgeois,75,"Halfmoon, NY",USA,,9:41.2,Yes,M,581.2,145.3,114.0962055364931
7508,Rodney Beary,81,"Oswego , IL",USA,,9:41.3,Yes,M,581.3,145.325,114.03733236658313
7508,spencer foster,90,"emerald isle, NC",USA,,9:41.3,Yes,M,581.3,145.325,114.03733236658313
7508,Rick Hughes,73,"Fonthill, ON",CAN,The Diamonds (Over Sixties Erging Group),9:41.3,Yes,M,581.3,145.325,114.03733236658313
7508,John Shuell,63,,USA,,9:41.3,No,M,581.3,145.325,114.03733236658313
7512,Nares Phaireeron,22,,THA,PLAYGROUND GYM NONTHABURI,9:41.6,Yes,M,581.6,145.4,113.86095570232881
7514,Lou M.,67,,USA,,9:42.0,Yes,M,582.0,145.5,113.62635215866331
7515,James Brokaw,74,"Brunswick, ME",USA,University of Chicago,9:42.1,Yes,M,582.1,145.525,113.56780199552863
7515,julian mills,75,Wallington,GBR,,9:42.1,Yes,M,582.1,145.525,113.56780199552863
7517,Bruno FANTESINI,64,Aix-en-Provence,FRA,,9:42.3,Yes,M,582.3,145.575,113.45082229451708
7518,Tarun Cummins,15,,USA,"Rochester Rowing Club, Minnesota",9:42.5,Race,M,582.5,145.625,113.3340031971636
7518,Morten Jensen,63,,DEN,,9:42.5,Yes,M,582.5,145.625,113.3340031971636
7520,Craig Kozun-Young,61,"ST CATHARINES, ON",CAN,"St. Catharines Rowing Club, St.Catharines Ontario",9:42.6,Yes,M,582.6,145.65,113.27565378873491
7520,Ole Olander,74,WA,USA,,9:42.6,No,M,582.6,145.65,113.27565378873491
7522,Enno Kroesen,57,Rotterdam,NED,"KR&ZV De Maas, Rotterdam",9:42.7,Yes,M,582.7,145.675,113.21734442794313
7522,Michael Lindström,65,"Gimo, Region Uppsala",SWE,Rowfit,9:42.7,Yes,M,582.7,145.675,113.21734442794313
7524,Vincent Gueret,56,Düsseldorf,FRA,RowPro Rowers,9:42.8,Yes,M,582.8,145.7,113.15907508043622
7524,Przemyslaw Kujawa,50,Kościerzyna,POL,Polish Indoor Rowing Team,9:42.8,Yes,M,582.8,145.7,113.15907508043622
7524,ObeseMan Rowing,67,,IRL,Fitness Matters,9:42.8,Yes,M,582.8,145.7,113.15907508043622
7527,cw jung,37,seoul,KOR,Geobukseon -「거북선」,9:42.9,Yes,M,582.9,145.725,113.10084571189746
7528,Phillip Zerr,86,"Kanata, ON",CAN,,9:43.0,Yes,M,583.0,145.75,113.04265628804546
7529,Gary Elsworth,65,,GBR,,9:43.2,Yes,M,583.2,145.8,112.92639713745234
7530,Christopher Firth,73,"Taylors, SC",USA,CrossFit Greer,9:43.3,Yes,M,583.3,145.825,112.86832734232473
7530,Andreas Schmidt,60,,AUT,,9:43.3,Yes,M,583.3,145.825,112.86832734232473
7532,John Fewtrell,78,Antwerp,BEL,Empty the Tanks,9:43.7,Yes,M,583.7,145.925,112.63644590006871
7532,Gene Gerber,83,"West Palm Beach, FL",USA,,9:43.7,No,M,583.7,145.925,112.63644590006871
7535,Austin Gee,42,TX,USA,,9:44.0,Yes,M,584.0,146.0,112.46295149055184
7535,Ted Hyett,76,Surbiton,GBR,Nuffield,9:44.0,No,M,584.0,146.0,112.46295149055184
7537,Ruben Rueda,42,,USA,,9:44.1,Yes,M,584.1,146.025,112.40519920573846
7537,Ishay Tal,54,Haifa,ISR,,9:44.1,Yes,M,584.1,146.025,112.40519920573846
7539,Joe Shannon,41,"Dover, TN",USA,,9:44.2,Yes,M,584.2,146.05,112.347486456974
7540,John Moans,64,,GBR,,9:44.3,Yes,M,584.3,146.075,112.28981321043233
7541,Chris Gardecki,38,"Philadelphia, PA",USA,,9:44.4,Yes,M,584.4,146.1,112.23217943232173
7541,Ant Bar,45,Coutances,FRA,,9:44.4,No,M,584.4,146.1,112.23217943232173
7543,Andy Duerksen,39,PA,USA,RowAlong,9:44.6,Yes,M,584.6,146.15,112.11703014640187
7543,Godfried vD,67,Vught,NED,Taff Attack,9:44.6,Yes,M,584.6,146.15,112.11703014640187
7545,Dean Douglas,75,,USA,,9:44.7,Yes,M,584.7,146.175,112.05951457118289
7546,Cameron Baylis,55,,GBR,,9:44.8,Yes,M,584.8,146.2,112.00203832957564
7547,Andrew Pearce,56,,AUS,,9:45.0,No,M,585.0,146.25,111.88720371275708
7548,Howard Gross,80,"Atlanta, GA",USA,Physiovation Wellness Center,9:45.1,Race,M,585.1,146.275,111.82984527041214
7549,Gunnar Gardar,59,,FRO,,9:45.3,Yes,M,585.3,146.325,111.71524595027536
7550,Jeffrey Golden,69,"Yorktown, VA",USA,Armstrong Atlantic State University,9:45.4,Yes,M,585.4,146.35,111.658005005556
7551,Eric Snowden,77,Newcastle upon Tyne,GBR,,9:45.5,No,M,585.5,146.375,111.6008031598417
7552,Patrick Guest,80,"Senneville, QC",CAN,,9:45.7,Yes,M,585.7,146.425,111.48651663195028
7552,Greg Morton,75,"Caldwell, ID",USA,,9:45.7,No,M,585.7,146.425,111.48651663195028
7554,John Dawson,81,"Adelaide, SA",AUS,,9:45.8,Yes,M,585.8,146.45,111.42943188311963
7554,Hans Hulsbos,71,,NED,,9:45.8,Yes,M,585.8,146.45,111.42943188311963
7556,Paul Stasiulevicuis,59,Halifax,GBR,,9:45.9,Yes,M,585.9,146.475,111.37238609998688
7557,Andre Gordon,60,"Barrie, ON",CAN,,9:46.0,Yes,M,586.0,146.5,111.31537924931057
7558,Alan Kirby-woolmore,56,,GBR,,9:46.2,Yes,M,586.2,146.55,111.2014822125311
7559,Chai Soon Ngiu,46,Kuala Lumpur,MAS,,9:46.5,Yes,M,586.5,146.625,111.03092782170155
7560,Brian Berliner,70,"Huntington, NY",USA,,9:46.6,Yes,M,586.6,146.65,110.97415386959447
7560,Tom Dehn,76,,GBR,The Diamonds (Over Sixties Erging Group),9:46.6,No,M,586.6,146.65,110.97415386959447
7562,Doug McLauchlan,68,"Penticton, BC",CAN,The Diamonds (Over Sixties Erging Group),9:46.8,Yes,M,586.8,146.7,110.86072203455862
7563,Mat L,34,,USA,,9:46.9,Yes,M,586.9,146.725,110.80406408572263
7563,Harold Roland,67,"Harvey, LA",USA,U.S. Army,9:46.9,Yes,M,586.9,146.725,110.80406408572263
7565,Clinton Shuey,25,,USA,,9:47.0,No,M,587.0,146.75,110.7474447387926
7566,Rich Wurst,61,"Sylvania, OH",USA,Ohio State University,9:47.1,Yes,M,587.1,146.775,110.690863960899
7567,Will Newell,70,,GBR,Bridport Gig Rowing Club,9:47.2,Yes,M,587.2,146.8,110.63432171920604
7567,Graham Paull,70,"Brisbane, QLD",AUS,,9:47.2,Yes,M,587.2,146.8,110.63432171920604
7567,John Prendergast,71,,USA,,9:47.2,Yes,M,587.2,146.8,110.63432171920604
7570,Ian Wilson,87,"Adelaide, SA",AUS,Adelaide University Boat Club,9:47.6,Yes,M,587.6,146.9,110.4085374588955
7571,Craig Kelly,63,,AUS,,9:47.7,Yes,M,587.7,146.925,110.35218740683969
7571,Brian McConaghy,84,"Sydney, NSW",AUS,,9:47.7,Yes,M,587.7,146.925,110.35218740683969
7571,Nigel Pond,65,"Wilmington, DE",USA,,9:47.7,Yes,M,587.7,146.925,110.35218740683969
7574,Daniel Burnescu,27,,ROU,,9:47.8,Yes,M,587.8,146.95,110.29587569467212
7574,Jon Ralph,55,Bristol,GBR,Empty the Tanks,9:47.8,Yes,M,587.8,146.95,110.29587569467212
7576,Andrew C,36,,AUS,,9:47.9,Yes,M,587.9,146.975,110.2396022897908
7577,Pete Vinch,60,,USA,TEAM MELALEUCA,9:48.0,Yes,M,588.0,147.0,110.18336715962705
7578,Steve Sushi,31,,USA,,9:48.2,Yes,M,588.2,147.05,110.07101159334361
7579,Matt Bishop,41,,USA,,9:48.3,Yes,M,588.3,147.075,110.01489109225261
7579,Larry Blake,76,,USA,The Diamonds (Over Sixties Erging Group),9:48.3,Yes,M,588.3,147.075,110.01489109225261
7581,Deepak Gopalakrishnan,39,,USA,,9:48.4,Yes,M,588.4,147.1,109.95880873593622
7583,Ron Iverson,84,"Ashland, OR",USA,Rogue Rowing,9:48.7,No,M,588.7,147.175,109.79079021177044
7584,Laszlo Kovesdi,25,,HUN,,9:48.8,Yes,M,588.8,147.2,109.73486011085313
7585,Calvin Carlisle,53,,USA,,9:49.1,Yes,M,589.1,147.275,109.56729757771916
7586,Mark Heyes,45,Leeds,GBR,Royal Navy Veterans,9:49.2,Yes,M,589.2,147.3,109.51151921586249
7586,David Marchal,51,,BEL,,9:49.2,Yes,M,589.2,147.3,109.51151921586249
7588,Rob Higginbotham,46,,GBR,,9:49.3,Yes,M,589.3,147.325,109.45577870833944
7588,M K,50,Köln,GER,,9:49.3,Yes,M,589.3,147.325,109.45577870833944
7588,Steven Keels,66,"VILLA PARK, IL",USA,,9:49.3,Yes,M,589.3,147.325,109.45577870833944
7591,Boltbeard Watts,37,,SUI,,9:49.5,Yes,M,589.5,147.375,109.34441112789796
7592,Richard Hoskin,61,Ashford,GBR,,9:49.6,No,M,589.6,147.4,109.28878399086332
7593,Ken Moore,70,"Pleasanton, CA",USA,The Diamonds (Over Sixties Erging Group),9:49.8,Yes,M,589.8,147.45,109.17764286311989
7594,Fred Freitas,46,,POR,,9:49.9,Yes,M,589.9,147.475,109.12212880849023
7595,Garry Leach,87,"Eltham, VIC",AUS,Eltham Leisure Centre,9:50.0,Yes,M,590.0,147.5,109.06665238412886
7595,Michael Ramey,47,,USA,,9:50.0,Yes,M,590.0,147.5,109.06665238412886
7595,Richard Spilsbury,69,Newark,GBR,,9:50.0,Yes,M,590.0,147.5,109.06665238412886
7595,Dennis Wrase,44,,GER,,9:50.0,Yes,M,590.0,147.5,109.06665238412886
7595,Michael Riordan,79,"Eastsound, WA",USA,Massachusetts Institute of Technology,9:50.0,No,M,590.0,147.5,109.06665238412886
7595,Svein Arne Wetrhus,67,,NOR,,9:50.0,No,M,590.0,147.5,109.06665238412886
7601,Rick Bartkowski,67,"Bear, DE",USA,,9:50.3,Yes,M,590.3,147.575,108.90044857402403
7601,N P,42,,GBR,,9:50.3,Yes,M,590.3,147.575,108.90044857402403
7603,David Blackburn,59,Aylesbury,GBR,,9:50.4,Yes,M,590.4,147.6,108.84512235226718
7604,Gianpaolo Valcavi,59,,ITA,,9:50.5,Yes,M,590.5,147.625,108.78983360170595
7605,Tom Cowan,71,,CAN,,9:50.7,Yes,M,590.7,147.675,108.67936838733243
7605,Steve Gremban,69,"Richardson, TX",USA,The Diamonds (Over Sixties Erging Group),9:50.7,Yes,M,590.7,147.675,108.67936838733243
7605,James Kimmell,55,"Westford, MA",USA,,9:50.7,Yes,M,590.7,147.675,108.67936838733243
7605,Per-Olof Krantz,68,,SWE,,9:50.7,Yes,M,590.7,147.675,108.67936838733243
7609,Thomas Campbell,77,"Santa Fe, NM",USA,Santa Fe Athletic Company,9:50.8,Yes,M,590.8,147.7,108.62419186018144
7610,Chris Smith,51,,USA,,9:50.9,No,M,590.9,147.725,108.56905267754877
7611,Henrik Nesjan,59,,DEN,,9:51.2,Yes,M,591.2,147.8,108.40385888103094
7612,Bill Giles,67,"Jacksonville, FL",USA,,9:51.3,Yes,M,591.3,147.825,108.34886876090205
7613,"Randy (""E-Ticket"""") Burress""",71,"Portland, OR",USA,Team KTMTalk.com,9:51.4,No,M,591.4,147.85,108.29391582766664
7613,Steve Nelson,73,"Overland Park, KS",USA,,9:51.4,No,M,591.4,147.85,108.29391582766664
7615,Christopher Atkins,67,"OAKDOWNS, TAS",AUS,,9:51.6,Yes,M,591.6,147.9,108.1841213961919
7616,Trent Moss,40,,USA,,9:51.7,Yes,M,591.7,147.925,108.12927983519003
7616,Paul Yuncker,64,,USA,,9:51.7,Yes,M,591.7,147.925,108.12927983519003
7618,Chris Tony Johansen,58,Horten,NOR,,9:51.8,Yes,M,591.8,147.95,108.07447533555644
7618,William Millard,52,,USA,,9:51.8,Yes,M,591.8,147.95,108.07447533555644
7618,Bill Mallory,78,"Crossville, TN",USA,Age Without Limits,9:51.8,No,M,591.8,147.95,108.07447533555644
7621,Craig O'Neill,50,"Red Deer, AB",CAN,,9:51.9,Yes,M,591.9,147.975,108.01970786598928
7622,Matthew Finch,45,,USA,,9:52.0,Yes,M,592.0,148.0,107.96497739521845
7623,Stephen Murray,69,,USA,,9:52.2,Yes,M,592.2,148.05,107.85562732514364
7624,Sascha Ahrweiler,53,Toenisvorst,GER,RowPro Rowers,9:52.3,Yes,M,592.3,148.075,107.80100766345784
7624,Dave Nixon,62,,GBR,,9:52.3,No,M,592.3,148.075,107.80100766345784
7626,Neil Methven,59,,GBR,,9:52.5,No,M,592.5,148.125,107.69187893107093
7627,Damian Weare,66,Norwich,GBR,Royal Air Force (UK),9:52.6,Yes,M,592.6,148.15,107.63736979817732
7628,James Bertrando,74,DE,USA,The Diamonds (Over Sixties Erging Group),9:52.7,Yes,M,592.7,148.175,107.58289744607427
7628,Michiel Nelis,32,,BEL,,9:52.7,Yes,M,592.7,148.175,107.58289744607427
7630,Thomas Byrne,53,,GBR,,9:52.9,Yes,M,592.9,148.225,107.47406296020037
7631,Philip Decker,56,,USA,,9:53.0,Yes,M,593.0,148.25,107.41970076448827
7631,Andrew Percy,56,"Brisbane, QLD",AUS,,9:53.0,Yes,M,593.0,148.25,107.41970076448827
7631,Marty Bay,67,"Grosse Pointe Woods, MI",USA,Detroit Boat Club,9:53.0,No,M,593.0,148.25,107.41970076448827
7631,Dennis Meredith,68,"Florence, OR",USA,The Diamonds (Over Sixties Erging Group),9:53.0,No,M,593.0,148.25,107.41970076448827
7631,Ron Recsnik,74,"Wylie, TX",USA,,9:53.0,No,M,593.0,148.25,107.41970076448827
7636,Michael Hill,36,,USA,,9:53.5,Yes,M,593.5,148.375,107.14843902216684
7637,Fred Van Looy,83,"Jackson, NJ",USA,Grasshopper-Club Zurich,9:53.6,Yes,M,593.6,148.4,107.09429630514053
7638,Dale Geiger,54,,USA,,9:53.7,Yes,M,593.7,148.425,107.0401900601356
7638,Pascal Goury,61,,FRA,,9:53.7,Yes,M,593.7,148.425,107.0401900601356
7638,Vaxus Vaxus,51,,ROU,,9:53.7,Yes,M,593.7,148.425,107.0401900601356
7641,Buddy F,60,,USA,,9:53.8,Yes,M,593.8,148.45,106.98612025644653
7641,Austin Mott,26,,USA,,9:53.8,Yes,M,593.8,148.45,106.98612025644653
7643,Dave Amundrud,69,"Calgary, AB",CAN,The Diamonds (Over Sixties Erging Group),9:54.0,Yes,M,594.0,148.5,106.87808985034893
7643,Abhishek Barrak,46,,GBR,,9:54.0,Yes,M,594.0,148.5,106.87808985034893
7643,Larry Holder,68,"Decatur, IL",USA,The Diamonds (Over Sixties Erging Group),9:54.0,Yes,M,594.0,148.5,106.87808985034893
7646,Tim McGuire,59,"Marana, AZ",USA,,9:54.1,Yes,M,594.1,148.525,106.82412918668422
7646,Robert Arias,40,,USA,,9:54.1,No,M,594.1,148.525,106.82412918668422
7648,Tom McGuire,73,"Sacramento, CA",USA,LUNA-TICS,9:54.3,Yes,M,594.3,148.575,106.71631678521486
7649,Brian Shadbolt,87,Storrington,GBR,The Diamonds (Over Sixties Erging Group),9:54.6,No,M,594.6,148.65,106.5548700398605
7650,M.Murat BİCİOĞLU,58,,TUR,,9:54.9,Yes,M,594.9,148.725,106.39374879190768
7650,Trystan Jones,46,,GBR,,9:54.9,Yes,M,594.9,148.725,106.39374879190768
7652,Brandon Reich,41,CO,USA,,9:55.0,Yes,M,595.0,148.75,106.34011390023137
7652,Dan Masek,73,"Austinburg, OH",USA,,9:55.0,No,M,595.0,148.75,106.34011390023137
7652,Tom Wells,75,"Annandale, VA",USA,,9:55.0,No,M,595.0,148.75,106.34011390023137
7655,Peter Whiteley,67,"Calgary, AB",CAN,,9:55.1,No,M,595.1,148.775,106.28651505350825
7656,Peter Ober,68,Zoetermeer,NED,The Diamonds (Over Sixties Erging Group),9:55.2,Yes,M,595.2,148.8,106.2329522214638
7656,Peter Tredenick,71,,AUS,,9:55.2,Yes,M,595.2,148.8,106.2329522214638
7656,Steve Miefert,68,"Covington, KY",USA,,9:55.2,No,M,595.2,148.8,106.2329522214638
7659,Thomas Thenikl,54,,GER,,9:55.3,Yes,M,595.3,148.825,106.17942537385395
7660,Michiel Zoer,49,,NED,,9:55.4,Yes,M,595.4,148.85,106.12593448046492
7661,Charles Benda,76,"Margaretville, NY",USA,,9:55.5,Yes,M,595.5,148.875,106.07247951111353
7661,Eric Bruce,63,,USA,The Diamonds (Over Sixties Erging Group),9:55.5,Yes,M,595.5,148.875,106.07247951111353
7663,Ian Rossman,45,"Cleveland, OH",USA,Western Reserve Rowing Association,9:55.8,Yes,M,595.8,148.95,105.91232984590958
7663,Robert Valerian,82,"Cleveland, OH",USA,Georgetown University,9:55.8,No,M,595.8,148.95,105.91232984590958
7665,Joe Stulpin,36,"Boxborough, MA",USA,,9:56.2,Yes,M,596.2,149.05,105.69929806969668
7666,Manuel Reyes Huizar,43,Leon,MEX,,9:56.3,Yes,M,596.3,149.075,105.64612940969266
7666,Parag Rumao,46,"Kirkwood, MO",USA,,9:56.3,Yes,M,596.3,149.075,105.64612940969266
7666,Bob Spahr,79,"State College, PA",USA,,9:56.3,No,M,596.3,149.075,105.64612940969266
7666,John Woodyard,80,Auckland,NZL,RowPro Rowers,9:56.3,No,M,596.3,149.075,105.64612940969266
7670,Kenneth Vandyke,63,,USA,,9:56.4,Yes,M,596.4,149.1,105.59299640344133
7670,Steven Wood,54,"Georgetown, ON",CAN,,9:56.4,No,M,596.4,149.1,105.59299640344133
7672,준엽 L,48,Busan,KOR,Geobukseon -「거북선」,9:56.6,Yes,M,596.6,149.15,105.48683723270368
7673,Mike Maller,80,"Great Neck, NY",USA,,9:56.7,Yes,M,596.7,149.175,105.43381100854599
7674,Paulo Vilhana,52,,POR,,9:56.8,Yes,M,596.8,149.2,105.38082031879802
7675,Lukas Fabian,27,Dortmund,GER,,9:57.1,Yes,M,597.1,149.275,105.22206115855377
7675,David Jones,61,,GBR,,9:57.1,Yes,M,597.1,149.275,105.22206115855377
7675,Gordon Payne,67,NC,USA,The Diamonds (Over Sixties Erging Group),9:57.1,Yes,M,597.1,149.275,105.22206115855377
7675,Andrew Schultz,34,VA,USA,,9:57.1,Yes,M,597.1,149.275,105.22206115855377
7679,Ken Hudson,78,,AUS,,9:57.3,Race,M,597.3,149.325,105.11639884562159
7679,David Hayward,80,Matlock,GBR,,9:57.3,Yes,M,597.3,149.325,105.11639884562159
7679,Steve Johnson,50,"Covington, GA",USA,SUB-7 IRC,9:57.3,Yes,M,597.3,149.325,105.11639884562159
7682,Mark Shannon,73,,USA,The Diamonds (Over Sixties Erging Group),9:57.5,No,M,597.5,149.375,105.01087795789
7683,Savaş Baran,56,İstanbul,TUR,Turkish Rowing Team,9:57.8,Yes,M,597.8,149.45,104.85286128125016
7684,PerOve Sjöberg,84,Avesta,SWE,Avesta Roddklubb,9:57.9,No,M,597.9,149.475,104.8002595123575
7685,Bryce Kilpatrick,67,,AUS,,9:58.0,Yes,M,598.0,149.5,104.74769292271091
7685,Stepan Slynchuk,41,,UKR,,9:58.0,Yes,M,598.0,149.5,104.74769292271091
7685,Peter Tullett,65,Billericay,GBR,Free Spirits,9:58.0,No,M,598.0,149.5,104.74769292271091
7688,Claude de N,58,Bergstrasse,GER,Fitness Matters,9:58.1,Yes,M,598.1,149.525,104.69516148290607
7689,Bob Monteith,67,,GBR,,9:58.3,Yes,M,598.3,149.575,104.59020393535236
7689,Liwen Zhao,40,,CAN,,9:58.3,Yes,M,598.3,149.575,104.59020393535236
7689,Danny Rose,54,"Atlanta, GA",USA,Capital Rowing Club,9:58.3,No,M,598.3,149.575,104.59020393535236
7692,Stephen Brown,81,"Cohasset, MA",USA,,9:58.6,Yes,M,598.6,149.65,104.43303050442269
7692,Andreas Kvick,45,Lidköping,SWE,,9:58.6,Yes,M,598.6,149.65,104.43303050442269
7694,Brad Busch,63,,USA,,9:58.9,Yes,M,598.9,149.725,104.27617183997782
7694,Sean Kennedy,40,,USA,,9:58.9,Yes,M,598.9,149.725,104.27617183997782
7694,John Loukidelis,60,"Hamilton, ON",CAN,,9:58.9,No,M,598.9,149.725,104.27617183997782
7697,S E,56,"Brisvegas, QLD",AUS,,9:59.0,Yes,M,599.0,149.75,104.22395543041216
7698,Peter Cooney,76,Manchester,GBR,,9:59.2,Yes,M,599.2,149.8,104.11962715444535
7699,Rick Joyce,65,"Monument, CO",USA,,9:59.3,Yes,M,599.3,149.825,104.06751522990992
7699,Jan L.,67,,NED,familie van de hel,9:59.3,Yes,M,599.3,149.825,104.06751522990992
7701,Jim Longworth,84,Liverpool,GBR,Liverpool Victoria Rowing Club (LVRC),9:59.8,No,M,599.8,149.95,103.80747658163786
7702,Graeme Lyall,70,Bowdon,GBR,,9:59.9,No,M,599.9,149.975,103.75557284430847
7703,Clemens Kaposi,45,,AUT,,10:00.0,Yes,M,600.0,150.0,103.70370370370371
7703,Rud Kuiper,58,,NED,,10:00.0,Yes,M,600.0,150.0,103.70370370370371
7703,Freens Lim,42,,SGP,,10:00.0,Yes,M,600.0,150.0,103.70370370370371
7703,Xavi Torres Montoro,17,,ESP,,10:00.0,Yes,M,600.0,150.0,103.70370370370371
7703,Vince Cosentino,68,,CAN,,10:00.0,No,M,600.0,150.0,103.70370370370371
7703,Chris Glendinning,46,Plymouth,GBR,Royal Navy (UK),10:00.0,No,M,600.0,150.0,103.70370370370371
7703,Adam Switzer,43,,USA,,10:00.0,No,M,600.0,150.0,103.70370370370371
7710,C. K.,57,,GER,,10:00.5,Yes,M,600.5,150.125,103.44487594382198
7711,Anthony Alan-Williams,78,Poole,GBR,,10:00.6,Yes,M,600.6,150.15,103.39321377933113
7711,Joe Penn,73,"Hull, GA",USA,The Diamonds (Over Sixties Erging Group),10:00.6,Yes,M,600.6,150.15,103.39321377933113
7713,Arnold Loorbach,65,Appelscha,NED,,10:00.8,Yes,M,600.8,150.2,103.28999260847368
7713,Steve Smith-Perkins,64,Nottingham,GBR,,10:00.8,Yes,M,600.8,150.2,103.28999260847368
7715,Tom Frederick,74,"Charleston, IL",USA,,10:01.2,Yes,M,601.2,150.3,103.08396209889342
7715,Herbert Mrosek,72,Essen,GER,Ruderverein Oberhausen e.V.,10:01.2,Yes,M,601.2,150.3,103.08396209889342
7717,Mike Holland,56,"Burke, VA",USA,St. Lawrence University,10:01.3,Yes,M,601.3,150.325,103.03254010345034
7717,Ray Petzoldt,53,Wustermark,GER,,10:01.3,Yes,M,601.3,150.325,103.03254010345034
7719,David Birch,85,"Oakhanger, Hants.",GBR,,10:01.5,Yes,M,601.5,150.375,102.92979867166301
7719,Peter Bretting,73,"Columbia, MD",USA,The Diamonds (Over Sixties Erging Group),10:01.5,Yes,M,601.5,150.375,102.92979867166301
7721,Justin Sims,45,"Carmel, IN",USA,,10:01.8,Yes,M,601.8,150.45,102.77594249584327
7722,Jack Head,82,"Columbus, IN",USA,U.S. Army Virtual Rowers,10:02.0,No,M,602.0,150.5,102.6735420292861
7723,Ian Dargin,79,"Duxbury, MA",USA,DBMS Rowing4Vets,10:02.2,No,M,602.2,150.55,102.57127755271178
7724,Johan Rijsdijk,43,,SWE,,10:02.6,No,M,602.6,150.65,102.36715566727317
7725,Dick Yaeger,86,"Sunnyvale, CA",USA,Los Gatos Rowing Club,10:02.7,No,M,602.7,150.675,102.31620983758405
7726,James Watson,40,"Midland, ON",CAN,,10:02.9,Yes,M,602.9,150.725,102.2144195517284
7727,Dieter Haß,77,Kassel,GER,"Ruderverein Kurhessen-Cassel, Kassel",10:03.0,No,M,603.0,150.75,102.16357503953583
7728,Omar Quintero,47,Juarez,MEX,,10:03.2,Yes,M,603.2,150.8,102.06198713676496
7729,Kees van der Sluijs,71,"Beavercreek, OH",USA,,10:03.3,Yes,M,603.3,150.825,102.01124369032775
7730,Serge Fanfelle,68,Moissac,FRA,,10:03.4,Yes,M,603.4,150.85,101.96053387666282
7731,Kishan R,48,"ON, ON",CAN,,10:03.6,Yes,M,603.6,150.9,101.85921503623706
7732,Frank Hirsch,56,,USA,,10:04.0,No,M,604.0,151.0,101.65697972466062
7732,Bryce Winkelman,43,,USA,,10:04.0,No,M,604.0,151.0,101.65697972466062
7732,Terry Youtt,73,"Kalispell, MT",USA,,10:04.0,No,M,604.0,151.0,101.65697972466062
7735,Sean Watkins,19,,USA,,10:04.1,Yes,M,604.1,151.025,101.6065045618663
7736,David Shields,78,Loughborough,GBR,,10:04.3,No,M,604.3,151.075,101.50565444063217
7737,Daryl Sturdy,85,"Vancouver, BC",CAN,Team Sturdy,10:04.8,Yes,M,604.8,151.2,101.25411237502163
7738,David Lennard,72,"Ottsville, PA",USA,,10:04.9,Yes,M,604.9,151.225,101.20390372517188
7738,Garry Williams,70,"Sydney, NSW",AUS,,10:04.9,Yes,M,604.9,151.225,101.20390372517188
7740,Michael Kaeser,57,,USA,,10:05.0,No,M,605.0,151.25,101.15372826563691
7740,Adrian McNeill,61,Co Clare,IRL,,10:05.0,No,M,605.0,151.25,101.15372826563691
7740,Simon Pratt,62,,GBR,,10:05.0,No,M,605.0,151.25,101.15372826563691
7743,Steve Smythe,69,London,GBR,,10:05.2,Yes,M,605.2,151.3,101.05347680785472
7744,Lloyd Rice,71,"St Petersburg, FL",USA,,10:05.6,Yes,M,605.6,151.4,100.85337097136568
7745,Thomas Turk,70,"Painesville, OH",USA,Age Without Limits,10:05.7,No,M,605.7,151.425,100.80342707776772
7746,Paul D Ryan,79,Galway,IRL,,10:06.1,No,M,606.1,151.525,100.60398094853196
7747,Andy Kleinschmidt,52,,USA,,10:06.5,Yes,M,606.5,151.625,100.40506062864053
7748,Justin Hise,48,,USA,,10:06.6,Yes,M,606.6,151.65,100.35541250330198
7749,Viktor Kryhanovskyi,49,,MDA,,10:06.7,Yes,M,606.7,151.675,100.30579710579745
7750,Bruce Behrendorff,78,"West End, Brisbane, QLD",AUS,,10:06.8,Yes,M,606.8,151.7,100.25621440916383
7751,Duncan Stewart,63,"Lexington, MA",USA,Team Lucky Dragon,10:07.2,Yes,M,607.2,151.8,100.05821009300814
7752,Peter Fryer,47,,GBR,,10:07.9,Yes,M,607.9,151.975,99.71295531883925
7752,Mark Swift,53,,GBR,,10:07.9,Yes,M,607.9,151.975,99.71295531883925
7754,David Clarke,76,St Leonards on Sea,GBR,The Gym Group,10:08.8,Yes,M,608.8,152.2,99.27138637115412
7754,I M,45,,USA,,10:08.8,Yes,M,608.8,152.2,99.27138637115412
7756,James Lea,72,"Pawlet, VT",USA,,10:08.9,Yes,M,608.9,152.225,99.2224842112594
7757,Terry Coging,87,Stafford,GBR,Ancient Mariners - The Ancients Organization (TAO),10:09.0,No,M,609.0,152.25,99.17361416573591
7758,Joel Reitz,68,,USA,,10:09.7,Yes,M,609.7,152.425,98.83242083867559
7759,Tomas Vanek,75,Prague,CZE,Concept Fitness Czechia,10:10.1,Yes,M,610.1,152.525,98.63815569366172
7760,Georges Vael,64,Nuenen,NED,,10:10.2,Yes,M,610.2,152.55,98.58966897208487
7761,Se chang Oh,45,,KOR,,10:10.3,Yes,M,610.3,152.575,98.54121402424371
7762,Greg Heichelbech,60,,USA,,10:10.5,Yes,M,610.5,152.625,98.44439934570268
7762,PETE JOHNSON,62,Upholland,GBR,,10:10.5,Yes,M,610.5,152.625,98.44439934570268
7764,Rex Smith,81,,GBR,Seal PT Indoor rowing team,10:10.7,Race,M,610.7,152.675,98.34771145016367
7765,Alessandro lanzilli,56,Naples,ITA,Circolo Ilva Bagnoli,10:10.8,Yes,M,610.8,152.7,98.29941498117061
7765,Karl Pearson,80,"Traverse City, MI",USA,,10:10.8,Yes,M,610.8,152.7,98.29941498117061
7767,Brian Mak,55,ON,CAN,,10:11.0,Yes,M,611.0,152.75,98.20291687126156
7768,Vic Heaney,85,Lytham St. Annes,GBR,,10:11.1,Race,M,611.1,152.775,98.1547151786315
7768,Joe Beyer,66,CA,USA,,10:11.1,Yes,M,611.1,152.775,98.1547151786315
7768,Francisco Matus De La Parra Garin,46,,CHI,,10:11.1,Yes,M,611.1,152.775,98.1547151786315
7771,Michael Colombo,70,"Berkeley, CA",USA,The Diamonds (Over Sixties Erging Group),10:11.3,Yes,M,611.3,152.825,98.0584063889255
7772,Graham Bassett,70,"Suffolk Park, NSW",AUS,,10:11.5,Yes,M,611.5,152.875,97.96222355479391
7773,Robin Powney,71,Birmingham,GBR,The Diamonds (Over Sixties Erging Group),10:11.6,No,M,611.6,152.9,97.91417930672674
7774,M Elam,53,,USA,,10:11.9,Yes,M,611.9,152.975,97.77023493028426
7775,Nathaniel Chaplinski,56,"Carlisle, PA",USA,Stop Drop & Row,10:12.2,Yes,M,612.2,153.05,97.62657256725751
7776,Peter McK,59,"Heyfield, VIC",AUS,,10:12.8,Yes,M,612.8,153.2,97.34009112225088
7777,Chris Jones,51,,USA,U.S. Coast Guard,10:13.0,Yes,M,613.0,153.25,97.24484642145282
7778,Luis Lara,53,,USA,,10:13.1,Yes,M,613.1,153.275,97.19727066573026
7778,Daniel Osullivan,24,,IRL,,10:13.1,Yes,M,613.1,153.275,97.19727066573026
7780,Ivo Stern,68,,MEX,,10:13.4,Yes,M,613.4,153.35,97.05472947353049
7781,Tony Davies,63,,GBR,,10:14.0,No,M,614.0,153.5,96.77048215512565
7781,John Kirsten,81,"Mission Viejo, CA",USA,Iron Oarsman,10:14.0,No,M,614.0,153.5,96.77048215512565
7783,Stephen Hanrahan,77,"Bellaire, TX",USA,SUNY Maritime College,10:14.1,No,M,614.1,153.525,96.7232155577089
7784,Kenneth Smith,70,,CAN,,10:14.5,Yes,M,614.5,153.625,96.53445669302633
7785,Mustafa Özkurt,37,,GER,,10:14.7,Yes,M,614.7,153.675,96.44026142561896
7785,Bob DeStafney,69,"Pensacola, FL",USA,USMC Veterans,10:14.7,No,M,614.7,153.675,96.44026142561896
7787,Roger Nolter,61,"Millville, NJ",USA,,10:14.8,Yes,M,614.8,153.7,96.39320974580532
7787,Tjeerd Koelmans,81,St.-Annaparochie,NED,,10:14.8,No,M,614.8,153.7,96.39320974580532
7789,Barnsley Bob Winstanley,74,BARNSLEY YORKSHIRE,GBR,The Diamonds (Over Sixties Erging Group),10:15.0,Yes,M,615.0,153.75,96.29919816945542
7790,Martin Hughes,44,,GBR,,10:15.3,Yes,M,615.3,153.825,96.15840989034496
7790,Jim Lynch,84,"King George, VA",USA,Potomac Boat Club,10:15.3,No,M,615.3,153.825,96.15840989034496
7792,Michael Splendore,34,"Minneapolis, MN",USA,,10:15.4,Yes,M,615.4,153.85,96.11154145418031
7793,Chris Jacques,59,,USA,,10:15.6,Yes,M,615.6,153.9,96.01789591859195
7794,Jonas Frid,53,,SWE,,10:16.0,Yes,M,616.0,154.0,95.83096950275227
7794,Dave Satterfield,85,"Southboro, MA",USA,The Diamonds (Over Sixties Erging Group),10:16.0,No,M,616.0,154.0,95.83096950275227
7796,Ruben Parrilla,65,"New Haven, CT",USA,,10:16.4,Yes,M,616.4,154.1,95.64452798016873
7797,John Johnstone,70,Basingstoke,GBR,,10:16.5,Yes,M,616.5,154.125,95.59799317982682
7798,Tim Rowse,51,"Adelaide, SA",AUS,Royal Air Force (UK),10:16.9,Yes,M,616.9,154.225,95.41215556493513
7799,M Maher,46,,CAN,,10:17.0,No,M,617.0,154.25,95.36577143567204
7800,Hans Elmqvist,68,Göteborg,SWE,,10:17.1,Yes,M,617.1,154.275,95.31941736741234
7801,Mauricio Macal,43,,GUA,,10:17.2,Yes,M,617.2,154.3,95.27309333580722
7802,Denis Ivaneza,53,,AUS,,10:17.9,Yes,M,617.9,154.475,94.94966410056607
7804,Peter Gomes,59,"Georgetown, ON",CAN,,10:18.1,Yes,M,618.1,154.525,94.85752469496276
7805,David Hawkins,81,"Ocala, FL",USA,,10:18.2,No,M,618.2,154.55,94.81149969591353
7806,John Weitzel,74,"Reading, PA",USA,RowAlong,10:18.3,Yes,M,618.3,154.575,94.76550446723829
7807,Boris Čiča,33,,CRO,,10:18.4,Yes,M,618.4,154.6,94.7195389848703
7807,Joe Schwindt,62,"Voorhees, NJ",USA,The Diamonds (Over Sixties Erging Group),10:18.4,Yes,M,618.4,154.6,94.7195389848703
7809,Paul Wiles,72,"Welland, ON",CAN,The Diamonds (Over Sixties Erging Group),10:18.8,Yes,M,618.8,154.7,94.53597403795607
7810,Mike K,37,"Vancouver, BC",CAN,,10:19.1,Yes,M,619.1,154.775,94.39861148820069
7811,Geoffrey Richon,82,"Gloucester, MA",USA,,10:19.2,No,M,619.2,154.8,94.35288311268945
7813,Arnaud Jeannin,44,,FRA,,10:20.0,No,M,620.0,155.0,93.98811721660904
7815,Tom Brassil,75,"Sydney, NSW",AUS,,10:20.5,Yes,M,620.5,155.125,93.76109287712195
7815,Jordan Jones,61,"Albuquerque, NM",USA,The Diamonds (Over Sixties Erging Group),10:20.5,Yes,M,620.5,155.125,93.76109287712195
7818,Mark Totten,61,"Embro, ON",CAN,,10:20.8,Yes,M,620.8,155.2,93.6252291346408
7819,lou cabales,58,"dilworth, MN",USA,,10:21.0,Yes,M,621.0,155.25,93.5347991063134
7821,Fabio Miliacca,66,ROMA,ITA,,10:21.2,Yes,M,621.2,155.3,93.44448549899728
7821,Ángel Osorio,46,,MEX,,10:21.2,Yes,M,621.2,155.3,93.44448549899728
7823,Bill Carrington,73,"Granite Bay, CA",USA,,10:21.3,Yes,M,621.3,155.325,93.3993722946755
7824,Daniel Drachau,43,,GER,,10:21.4,Yes,M,621.4,155.35,93.35428812540009
7825,Kristoff Lievens,45,"Greensboro , NC",USA,,10:21.6,Yes,M,621.6,155.4,93.26420679859058
7826,Anthony Medina,71,"Bainbridge Island, WA",USA,The Diamonds (Over Sixties Erging Group),10:21.9,Yes,M,621.9,155.475,93.12930198807922
7827,Arjen Punter,76,Horten,NOR,Bestumkilen Rowing Club,10:22.0,Yes,M,622.0,155.5,93.08439153941337
7827,A Hugh Scott,78,"Boston, MA",USA,Community Rowing Mil Vets,10:22.0,No,M,622.0,155.5,93.08439153941337
7829,Kevin Enners,32,"Atlanta, GA",USA,The Diamonds,10:22.1,Race,M,622.1,155.525,93.03950996278076
7830,Joost van der Loo,58,Asten,NED,,10:22.3,Yes,M,622.3,155.575,92.94983333284624
7831,Paul Kennedy,58,,AUS,,10:22.4,Yes,M,622.4,155.6,92.9050382332157
7832,Fenwick Tunley,84,Lewes,GBR,The Diamonds (Over Sixties Erging Group),10:23.0,Yes,M,623.0,155.75,92.63687119430725
7833,Dirk Pauken,46,Koblenz,GER,,10:23.4,Yes,M,623.4,155.85,92.45866629701376
7834,Wim Boone,53,,BEL,,10:23.9,Yes,M,623.9,155.975,92.23655236349848
7834,Chongkyun Yi,45,,KOR,,10:23.9,Yes,M,623.9,155.975,92.23655236349848
7836,Matthias Sandmann,45,,GER,,10:24.5,Yes,M,624.5,156.125,91.97095375186237
7836,Wayne Takenaka,67,"Mililani , HI",USA,,10:24.5,Yes,M,624.5,156.125,91.97095375186237
7838,Lennart H,31,,GER,,10:24.9,Yes,M,624.9,156.225,91.79445428862043
7838,Ashton Lawler,76,"Richmond, VA",USA,,10:24.9,Yes,M,624.9,156.225,91.79445428862043
7838,Phil Willoughby,51,,CAN,,10:24.9,Yes,M,624.9,156.225,91.79445428862043
7841,Jon Rounds,73,,USA,,10:25.0,Yes,M,625.0,156.25,91.7504
7841,Scott FISCHER,80,"Tigard, OR",USA,U.S. Army Veterans,10:25.0,No,M,625.0,156.25,91.7504
7843,Cliff Hirsch,65,,USA,,10:25.4,Yes,M,625.4,156.35,91.57446447749558
7844,Greg Barbour,71,"Waterloo, IL",USA,The Diamonds (Over Sixties Erging Group),10:26.3,Yes,M,626.3,156.575,91.18025096673121
7845,Piet Zweedijk,80,Apeldoorn,NED,Smart Fit Apeldoorn Centrum,10:27.3,Yes,M,627.3,156.825,90.74488523404972
7846,Chris Chatting,35,,GBR,,10:27.4,Yes,M,627.4,156.85,90.70150122590759
7847,Bruce Hergert,71,"Beaverton , OR",USA,,10:27.6,Yes,M,627.6,156.9,90.61481613981051
7848,Stephen Amiguet,65,,AUS,,10:27.8,Yes,M,627.8,156.95,90.52824148056547
7848,Griff Richards,80,Auckland,NZL,,10:27.8,Yes,M,627.8,156.95,90.52824148056547
7850,Jon Holmes,77,"Auburn, WA",USA,,10:27.9,Yes,M,627.9,156.975,90.48499550606707
7851,Bruce Marshall,60,,GBR,,10:28.5,Yes,M,628.5,157.125,90.22609724982736
7852,Santosh Venkatareddy,47,"McKinney , TX",USA,,10:28.6,Yes,M,628.6,157.15,90.18304360147627
7853,kyu ~,40,"Gardena, CA",USA,DDANZI,10:28.7,Yes,M,628.7,157.175,90.14001734094167
7853,Kim Tesla,69,,USA,,10:28.7,Yes,M,628.7,157.175,90.14001734094167
7853,Eric Weislogel,54,,USA,,10:28.7,Yes,M,628.7,157.175,90.14001734094167
7856,John Adams,78,,GBR,,10:28.8,Yes,M,628.8,157.2,90.09701844644917
7857,cc eddie,55,,USA,,10:29.1,Yes,M,629.1,157.275,89.96818574179146
7858,Junren How,42,,SGP,,10:29.5,Yes,M,629.5,157.375,89.796790609487
7858,Kirby Hylton,66,"Aurora, CO",USA,,10:29.5,Yes,M,629.5,157.375,89.796790609487
7860,Bevan Speariett,41,,GBR,,10:29.8,Yes,M,629.8,157.45,89.66852985829445
7861,Richard Allison,68,,GBR,,10:30.0,No,M,630.0,157.5,89.58315836622714
7861,Ian Netherwood,62,Elgin,GBR,The Diamonds (Over Sixties Erging Group),10:30.0,No,M,630.0,157.5,89.58315836622714
7863,Matt Tischler,39,,USA,,10:30.2,Yes,M,630.2,157.55,89.49789521360768
7864,Kanti Chiba,79,,AUS,,10:30.3,Race,M,630.3,157.575,89.45530421088952
7865,Peter Sandall,82,Ludlow,GBR,,10:30.6,No,M,630.6,157.65,89.32769323982426
7866,Martin Warner,61,,GBR,,10:30.8,No,M,630.8,157.7,89.2427540760326
7867,Roberto Frausto,54,,MEX,,10:31.2,Yes,M,631.2,157.8,89.07319854052125
7868,Craig Sellman,78,"Scottsdale, AZ",USA,,10:31.6,Yes,M,631.6,157.9,88.9040722593868
7869,Grayling Tyler,68,,USA,,10:31.9,Yes,M,631.9,157.975,88.77750842988169
7870,long li,37,,CHN,亦可赛艇,10:32.2,Yes,M,632.2,158.05,88.65118472143092
7871,Stefan Dillinger,39,,GER,,10:32.3,Yes,M,632.3,158.075,88.60913008042371
7872,Byungjun Kwon,51,,KOR,,10:32.5,Yes,M,632.5,158.125,88.5251005648477
7873,Jacques Buisson,64,Villeurbanne,FRA,,10:32.8,Yes,M,632.8,158.2,88.39925539256322
7874,Stuart White,72,St Margarets at Cliffe,GBR,,10:35.0,No,M,635.0,158.75,87.48363953420818
7875,Joel Lewis,42,,USA,,10:35.3,Yes,M,635.3,158.825,87.35976404037753
7875,Geoff White,73,Bedford,GBR,Age Without Limits,10:35.3,Yes,M,635.3,158.825,87.35976404037753
7877,Robert Thompson,75,Nottinghamshire,GBR,,10:35.7,Yes,M,635.7,158.925,87.19496025294367
7878,Jonathan Hill,75,,GBR,Sub7 IRC,10:35.8,Race,M,635.8,158.95,87.15382408743889
7879,Charles Perry,49,"Post Falls, ID",USA,,10:35.9,Yes,M,635.9,158.975,87.11271379373571
7880,Jason Brooks,45,,USA,,10:36.0,Yes,M,636.0,159.0,87.07162935149796
7881,Jon Morrison,66,"Newark, OH",USA,The Diamonds (Over Sixties Erging Group),10:36.2,Yes,M,636.2,159.05,86.98953794016944
7882,Nephtaly Rivera,35,"Aledo, TX",USA,,10:36.7,Yes,M,636.7,159.175,86.7847603926407
7883,Deon Doxie,36,,USA,,10:36.9,Yes,M,636.9,159.225,86.70302934129397
7884,Chris Tiropoulos,44,,GBR,,10:37.2,Yes,M,637.2,159.3,86.58062508266079
7885,Balaji Iyer,39,,USA,,10:37.5,Yes,M,637.5,159.375,86.45845112362515
7885,Matthias Kalläwe,47,,GER,,10:37.5,Yes,M,637.5,159.375,86.45845112362515
7887,Dale Goodwin,78,"Silver Lake, NH",USA,The Diamonds (Over Sixties Erging Group),10:37.8,Yes,M,637.8,159.45,86.33650692281518
7888,Patrick Niland,47,Dublin,IRL,,10:37.9,Yes,M,637.9,159.475,86.29590981991147
7889,C.B B&B,56,,GER,,10:38.1,Yes,M,638.1,159.525,86.2147919403855
7890,Peter Doelman,58,Maassluis,NED,,10:38.3,Yes,M,638.3,159.575,86.13377569640895
7891,Roger Bryson,65,Erlenbach,SUI,,10:38.4,Yes,M,638.4,159.6,86.09330563801228
7892,Michael Huffaker,77,"Poncha Springs, CO",USA,,10:38.5,No,M,638.5,159.625,86.05286092885306
7893,Conny Jacoby,73,,GER,,10:38.6,Yes,M,638.6,159.65,86.01244154908683
7893,Terry Pallotto,60,"Charlotte, NC",USA,,10:38.6,Yes,M,638.6,159.65,86.01244154908683
7895,JAEHO LEE,35,,KOR,,10:38.7,Yes,M,638.7,159.675,85.97204747888793
7896,Michal Banas,50,,POL,,10:39.1,Yes,M,639.1,159.775,85.81072389790107
7897,Harris Brandt,73,"Woodmere, NY",USA,The Diamonds (Over Sixties Erging Group),10:39.2,Yes,M,639.2,159.8,85.77045607880306
7898,michael barry,65,"Armidale, NSW",AUS,The Diamonds (Over Sixties Erging Group),10:39.3,Yes,M,639.3,159.825,85.73021345070805
7898,Bob Fletcher,75,,USA,,10:39.3,Yes,M,639.3,159.825,85.73021345070805
7900,Bob Ricker,58,"Annapolis, MD",USA,,10:39.5,Yes,M,639.5,159.875,85.64980368876203
7901,Victor Lee,34,,KOR,Geobukseon -「거북선」,10:40.8,Yes,M,640.8,160.2,85.12958360030703
7901,Tim French,67,Beds,GBR,,10:40.8,No,M,640.8,160.2,85.12958360030703
7903,Lyle Smith,82,"Morton, IL",USA,U.S. Army,10:41.2,Yes,M,641.2,160.3,84.97036372215065
7905,Timothy Khoo,34,,GBR,,10:41.8,No,M,641.8,160.45,84.73227753655551
7906,Michael Vinck,66,,GER,The Diamonds (Over Sixties Erging Group),10:41.9,Yes,M,641.9,160.475,84.69268301498272
7907,Kody Row,63,Evian les bains,FRA,,10:42.0,Yes,M,642.0,160.5,84.65311315905132
7907,Mike DeLong,74,"Dunedin, FL",USA,Age Without Limits,10:42.0,No,M,642.0,160.5,84.65311315905132
7909,Brian Smith,38,,GBR,,10:42.7,Yes,M,642.7,160.675,84.37681319460948
7910,Tiger Leo,63,"Harrison Hot Springs , BC",CAN,Harrison - Agassiz Rowing Club,10:42.8,Yes,M,642.8,160.7,84.3374399739687
7911,Ly Thach,35,CA,USA,Army National Guard,10:43.0,Yes,M,643.0,160.75,84.25876699399177
7911,Larry Charles,71,"Pittsburg, KS",USA,Age Without Limits,10:43.0,No,M,643.0,160.75,84.25876699399177
7913,Moritz Schatz,43,,GER,,10:43.2,Yes,M,643.2,160.8,84.18019183555504
7914,Vik Decoster,53,GENT,BEL,,10:43.5,Yes,M,643.5,160.875,84.06251218088435
7914,gilbert gremillet,82,st julien les metz,FRA,1 vieux du stade FRANCE,10:43.5,Yes,M,643.5,160.875,84.06251218088435
7916,Ian Nimmo,85,Innerleithen,GBR,Team Diamonds,10:43.6,Yes,M,643.6,160.9,84.02333437562035
7917,MG Merwin,73,"Augusta, GA",USA,,10:43.8,Yes,M,643.8,160.95,83.94505177098944
7918,B. B.,66,,GER,,10:44.1,Yes,M,644.1,161.025,83.82781009552401
7919,Adam Burns,34,ON,CAN,,10:44.2,Yes,M,644.2,161.05,83.78877805668388
7920,Enda Lee,52,,IRL,,10:44.6,Yes,M,644.6,161.15,83.63289199797934
7921,Russell Provost,78,"Richmond, NH",USA,Team Diamonds,10:45.0,No,M,645.0,161.25,83.47739239358843
7922,Joseph Vaughan,48,"Clayton, NC",USA,RowAlong,10:45.1,Yes,M,645.1,161.275,83.4385777356267
7923,Jeff Hanger,70,"Lewisberry, PA",USA,Virginia Polytechnic Institute and State University,10:45.2,Yes,M,645.2,161.3,83.39978713757952
7923,Tim Rulo,35,"Bella Vista, AR",USA,,10:45.2,Yes,M,645.2,161.3,83.39978713757952
7925,Michael Wagner,51,"Oyster Bay, NY",USA,Sagamore Rowing Assoc.,10:45.7,Yes,M,645.7,161.425,83.20619439428441
7926,RUSSEL CAMPBELL,53,IRVINE,GBR,Fitness Factory,10:45.9,Yes,M,645.9,161.475,83.12892506531688
7927,현석 최,54,Seoul,KOR,,10:46.8,Yes,M,646.8,161.7,82.78239456020067
7928,Aziz Uras,65,"Chicago, IL",USA,The Diamonds (Over Sixties Erging Group),10:47.0,Yes,M,647.0,161.75,82.70564945270291
7929,Oliver Valha,36,,GER,,10:47.4,Yes,M,647.4,161.85,82.55244359581347
7931,Grace Louzolo,47,,FRA,,10:47.7,Yes,M,647.7,161.925,82.43778744054715
7932,Al Call,86,"Stanwood, WA",USA,,10:48.0,Yes,M,648.0,162.0,82.32334351320277
7932,Jeffrey Packard,65,,USA,TEAM MELALEUCA,10:48.0,Yes,M,648.0,162.0,82.32334351320277
7934,Mohammed Javaid,48,,GBR,,10:48.1,Yes,M,648.1,162.025,82.28524261431045
7934,Bob Lee,73,"Brewster, NY",USA,Princeton University,10:48.1,Yes,M,648.1,162.025,82.28524261431045
7936,Frank Drees,40,Beckum,GER,,10:48.9,Yes,M,648.9,162.225,81.98128019736598
7937,Peter Brook,54,"Melbourne, VIC",AUS,,10:49.0,No,M,649.0,162.25,81.94339022098335
7938,Ahmad Shalaby,53,,KSA,,10:49.6,Yes,M,649.6,162.4,81.71653999251919
7939,Dan Watson,70,,USA,,10:50.1,Yes,M,650.1,162.525,81.52813734623999
7940,Jean-Pierre Wilzius,61,Auxerre-89,FRA,,10:50.4,Yes,M,650.4,162.6,81.41537368678608
7941,Jim Kurle,80,"St. Paul, MN",USA,Team Diamonds,10:50.6,Yes,M,650.6,162.65,81.34031342075187
7942,Oliver Burrows,16,,GBR,The Gorse Boat Club,10:50.7,Race,M,650.7,162.675,81.3028178865754
7943,Brian Alletto,52,"Wheaton, IL",USA,,10:51.1,Yes,M,651.1,162.775,81.15306599567258
7944,Marcus Hudson,58,,USA,,10:51.7,Yes,M,651.7,162.925,80.92912695491717
7945,Strongy 49,76,Woodbridge,GBR,,10:52.3,Yes,M,652.3,163.075,80.70601109277857
7946,Randy Ward,55,"Bossier City, LA",USA,"Anytime Fitness - Benton, Louisiana",10:52.5,Yes,M,652.5,163.125,80.63182141356425
7947,Wayne Burr,58,,USA,U.S. Navy,10:52.6,Yes,M,652.6,163.15,80.59476067195942
7948,D H,33,,HKG,,10:53.0,Yes,M,653.0,163.25,80.44674461958613
7949,Russ White,81,"Keswick, VA",USA,Club at Glenmore,10:53.2,No,M,653.2,163.3,80.37287249874822
7950,Jeff Landau,73,"San Marcos, TX",USA,The Diamonds (Over Sixties Erging Group),10:53.3,Yes,M,653.3,163.325,80.33597035400838
7951,A D,71,,CAN,The Diamonds (Over Sixties Erging Group),10:54.1,Yes,M,654.1,163.525,80.04156489257502
7952,MinYeong Kim,46,,KOR,,10:54.2,Yes,M,654.2,163.55,80.0048654135994
7953,Blake Roland,33,MO,USA,,10:54.6,Yes,M,654.6,163.65,79.85829165084378
7954,Thomas Doyle,75,"Philadelphia, PA",USA,"Crescent Boat Club, Philadelphia, PA",10:54.8,No,M,654.8,163.7,79.78513902181952
7955,Kilian Fritsch,76,"Philadelphia, PA",USA,Team Canada,10:55.2,No,M,655.2,163.8,79.63910158581584
7955,Stefan Karlsson,57,,SWE,,10:55.2,No,M,655.2,163.8,79.63910158581584
7957,Marcus Priddy,72,"Lubbock, TX",USA,The Diamonds (Over Sixties Erging Group),10:55.3,Yes,M,655.3,163.825,79.60264792376998
7958,Sébastien Feltz,49,,FRA,,10:55.4,Yes,M,655.4,163.85,79.56621650652127
7959,Eric Tello,47,,USA,,10:55.8,Yes,M,655.8,163.95,79.42071294642639
7960,Robert Glass,73,"Portland, OR",USA,,10:56.0,No,M,656.0,164.0,79.34809419480273
7962,Andrew Griffith,75,"Newburyport, MA",USA,The Diamonds (Over Sixties Erging Group),10:56.4,Yes,M,656.4,164.1,79.20312207320066
7963,Bruce Rodgers,75,"Sarasota, FL",USA,,10:56.7,Yes,M,656.7,164.175,79.09462466079478
7964,Stefan Ledin,65,Buxton,GBR,The Diamonds (Over Sixties Erging Group),10:56.8,Yes,M,656.8,164.2,79.05850289639908
7966,Len Lutz,71,MO,USA,,10:58.0,Yes,M,658.0,164.5,78.62675232002974
7967,Richard Guo,34,,USA,,10:58.1,Yes,M,658.1,164.525,78.59091514997057
7968,Hans Borkent,87,Les Vans 07,FRA,,10:58.2,No,M,658.2,164.55,78.55509975549661
7969,Jim Martin,60,"Lake Forest, CA",USA,"University of California, Irvine (Alumni)",10:58.3,Yes,M,658.3,164.575,78.51930612007115
7970,A Clark,48,"Canberra, ACT",AUS,,10:58.8,Yes,M,658.8,164.7,78.34066375093865
7971,Damien Kuzek,52,"Melbourne, VIC",AUS,,10:59.0,Yes,M,659.0,164.75,78.26935853952367
7972,Dennis Goss,65,"Chapel Hill, NC",USA,The Diamonds (Over Sixties Erging Group),10:59.4,Yes,M,659.4,164.85,78.12700751313191
7973,Amit Parmar,39,,USA,,10:59.9,Yes,M,659.9,164.975,77.94955374808899
7974,Murph Gottlieb,49,"Frisco, CO",USA,,11:00.0,No,M,660.0,165.0,77.91412750090434
7974,frank sestokas,73,"leicester, MA",USA,,11:00.0,No,M,660.0,165.0,77.91412750090434
7974,Brian Toon,41,,AUS,,11:00.0,No,M,660.0,165.0,77.91412750090434
7977,Butch Garza,58,UT,USA,,11:00.2,Yes,M,660.2,165.05,77.84333938212657
7978,David D,54,Pujaut,FRA,,11:00.5,Yes,M,660.5,165.125,77.7373178993622
7979,Matt Parker,49,,GBR,,11:00.6,Yes,M,660.6,165.15,77.70202019236417
7980,Scott Heisler,66,"Gold River, CA",USA,,11:01.0,Yes,M,661.0,165.25,77.56104286930068
7980,Douglas Stadel,65,"Jamestown , NC",USA,,11:01.0,No,M,661.0,165.25,77.56104286930068
7982,Adam B.,42,,USA,,11:01.2,Yes,M,661.2,165.3,77.49068208477779
7982,Yuventhiran Nadarajan,36,,MAS,,11:01.2,Yes,M,661.2,165.3,77.49068208477779
7984,Ken Pratt,61,"Kimberling City, MO",USA,,11:02.8,Yes,M,662.8,165.7,76.93084790246417
7985,Alan Woods,75,,GBR,,11:03.0,Yes,M,663.0,165.75,76.86124822523001
7985,상민 이,38,,KOR,,11:03.0,Yes,M,663.0,165.75,76.86124822523001
7985,Peter Gow,75,"Dedham, MA",USA,,11:03.0,No,M,663.0,165.75,76.86124822523001
7985,Bill Plummer,73,"Herndon, VA",USA,Age Without Limits,11:03.0,No,M,663.0,165.75,76.86124822523001
7989,Peter Duffell,87,Redlynch,GBR,,11:03.3,No,M,663.3,165.825,76.75700604022225
7990,Adam Boughey,68,,GBR,,11:03.5,Yes,M,663.5,165.875,76.6876159530822
7991,Tom Rabideau,64,"Seattle , WA",USA,Army Aviation Hookers,11:03.7,No,M,663.7,165.925,76.61830948104303
7992,Jon Metcalfe,77,"Washington, DC",USA,,11:04.4,Yes,M,664.4,166.1,76.37639348208911
7994,Art Zachary,66,"Suffolk, VA",USA,USMC RETIRED,11:05.1,Yes,M,665.1,166.275,76.13549485197237
7995,Timothy Haueter,77,"Boulder City, NV",USA,SubVets,11:05.2,Yes,M,665.2,166.3,76.10116350053468
7996,Mandi D.,61,,AUT,,11:06.0,Yes,M,666.0,166.5,75.82725435713557
7996,Rick Newton,69,"Mystic, CT",USA,The Diamonds (Over Sixties Erging Group),11:06.0,No,M,666.0,166.5,75.82725435713557
7998,Floyd Crouse,81,"Maineville, OH",USA,,11:07.0,No,M,667.0,166.75,75.48671330557082
7999,Matthew B. Hamidullah,76,"Charlotte, NC",USA,Historically Black Colleges and Universities (HBCUs),11:07.8,Yes,M,667.8,166.95,75.21574719922081
8000,Kenneth Pryor,58,MD,USA,RowElite Crew,11:08.4,Yes,M,668.4,167.1,75.01337310017709
8001,Craig McNey,78,"San Buenaventura, CA",USA,U.S. Marines,11:08.6,No,M,668.6,167.15,74.94607641779729
8002,James Riker,42,"Lexington, KY",USA,Kentucky Virtual Rowers,11:08.8,Yes,M,668.8,167.2,74.87886020977008
8003,Leslie Fox,76,Darlington,GBR,Empty the Tanks,11:09.5,No,M,669.5,167.375,74.6442354829705
8004,Carl Stevens,71,"Dover, DE",USA,The Diamonds (Over Sixties Erging Group),11:09.6,Yes,M,669.6,167.4,74.61079771932715
8005,Laurie Anderson,63,"Teulon, MB",CAN,The Diamonds (Over Sixties Erging Group),11:10.0,No,M,670.0,167.5,74.4772462038216
8005,Carl Wade,75,"Fairhope, AL",USA,Dehydrated Rowing,11:10.0,No,M,670.0,167.5,74.4772462038216
8007,Gian Luca Marta,68,Torino,ITA,The Diamonds (Over Sixties Erging Group),11:10.6,Yes,M,670.6,167.65,74.27751591232322
8008,Garth Wigle,69,"Oshawa, ON",CAN,Canadian Army,11:11.3,Yes,M,671.3,167.825,74.0453988432687
8009,Marco Maurizi,65,Guidonia Montecelio,ITA,The Diamonds (Over Sixties Erging Group),11:12.0,Yes,M,672.0,168.0,73.81424792139076
8010,Jason O,62,,CAN,,11:12.7,Yes,M,672.7,168.175,73.58405812513983
8011,Vladimir Chvanov,62,Sterlitamak,AIN,,11:12.8,Yes,M,672.8,168.2,73.55125203640091
8012,Mike Tyson,58,"Alexandria, VA",USA,USAF Veterans,11:14.9,Yes,M,674.9,168.725,72.86680609607335
8013,Jan Willem Kram,57,,NED,,11:15.0,Yes,M,675.0,168.75,72.83442564649695
8014,Gary L Basney Jr,54,OH,USA,TEAM MELALEUCA,11:15.3,Yes,M,675.3,168.825,72.73739933735077
8014,Stéphane Kloster,51,Metz,FRA,,11:15.3,Yes,M,675.3,168.825,72.73739933735077
8016,Peter Vanhemel,58,,BEL,,11:15.8,Yes,M,675.8,168.95,72.5760714367084
8017,Thomas Finnerty,78,"Raleigh, NC",USA,U.S. Marines,11:16.0,No,M,676.0,169.0,72.51167386155116
8018,Scott woodring,72,,USA,,11:16.2,Yes,M,676.2,169.05,72.44735245146842
8019,Joel Diaz,49,"Syracuse , UT",USA,,11:16.6,Yes,M,676.6,169.15,72.31893767644472
8020,先冠 任,41,,CHN,,11:17.1,Yes,M,677.1,169.275,72.15884563527909
8021,Eric Thierry,53,,FRA,,11:17.6,Yes,M,677.6,169.4,71.99922577216549
8022,Charles Tikkanen,70,MI,USA,,11:17.9,Yes,M,677.9,169.475,71.90367977579801
8023,Timothy Hutton,67,Hartbeespoort Dam,RSA,,11:19.5,Yes,M,679.5,169.875,71.39694597945986
8024,Ned Harris,86,"Mount Holly, NC",USA,Belmont Rowing Center,11:19.9,Yes,M,679.9,169.975,71.2710069593048
8025,Gerard Hawkes,80,,GBR,,11:20.4,No,M,680.4,170.1,71.11399936352686
8026,Frank Rosenkranz,57,,GER,,11:21.1,Yes,M,681.1,170.275,70.89496255866358
8027,John Clapp,76,,GBR,,11:22.1,Yes,M,682.1,170.525,70.58361051189812
8028,Tom Donald,85,"Beaver Meadows, PA",USA,,11:22.2,Yes,M,682.2,170.55,70.5525756550166
8030,Adam Jenkins,39,Amarillo,USA,,11:22.9,Yes,M,682.9,170.725,70.3358402759257
8031,Vedran Ba,33,,CRO,,11:24.0,No,M,684.0,171.0,69.99704612465352
8032,Christopher Sullivan,64,,USA,,11:25.0,No,M,685.0,171.25,69.69093702809374
8033,Matthias Wrede,58,Nieder-Olm,GER,GERMAN Rowers and FRIENDS United,11:25.2,Yes,M,685.2,171.3,69.62992949987343
8035,Liam Coyle,71,Ballyshannon,IRL,The Diamonds (Over Sixties Erging Group),11:26.4,Yes,M,686.4,171.6,69.26537563732536
8036,Bruce Tanzer,74,Leiden,NED,,11:28.2,Yes,M,688.2,172.05,68.72330125348797
8036,Jeff Baumann,63,"St Charles, MO",USA,The Diamonds (Over Sixties Erging Group),11:28.2,No,M,688.2,172.05,68.72330125348797
8038,Serhii Kobets,35,Dnipro,UKR,,11:28.7,Yes,M,688.7,172.175,68.57372940834804
8039,Robert Frick,88,"Lafayette, CA",USA,Crufit Oakland,11:29.0,No,M,689.0,172.25,68.48419459234798
8040,seongyup lee,35,,KOR,,11:29.2,Yes,M,689.2,172.3,68.42459129317636
8041,Michael Drees,68,Juist,GER,GERMAN Rowers and FRIENDS United,11:29.6,Yes,M,689.6,172.4,68.30559203065496
8042,Michael Hess,78,"Sun City West, AZ",USA,,11:29.7,No,M,689.7,172.425,68.27588533694367
8043,Bill Starr,75,"Tulsa, OK",USA,,11:29.8,Yes,M,689.8,172.45,68.24619586700005
8044,Thomas Cramer,56,Berlin,GER,,11:30.6,Yes,M,690.6,172.65,68.00929866764207
8045,Jeff Douglas,60,"Flower Mound , TX",USA,The Diamonds (Over Sixties Erging Group),11:30.8,No,M,690.8,172.7,67.95024573432708
8046,David Bajlo,41,,CRO,,11:31.0,No,M,691.0,172.75,67.89126114930977
8047,Michael Lupacchino,50,"Ferrum, VA",USA,U.S. Army Veterans,11:31.2,Yes,M,691.2,172.8,67.83234481373519
8048,Harrel ORoark,88,"Tulsa, OK",USA,,11:31.3,Yes,M,691.3,172.825,67.80291220864373
8049,Noah Sepsenwol,76,"Alexandria, VA",USA,The Diamonds (Over Sixties Erging Group),11:32.2,Yes,M,692.2,173.05,67.53878342956877
8050,Kurt Farrugia,31,,MLT,Siġġiewi Rowing Club,11:34.2,Race,M,694.2,173.55,66.9567230138054
8051,Michael Diamond,75,,USA,,11:34.5,Yes,M,694.5,173.625,66.86999151809758
8051,Apache Wells,78,"Newberg, OR",USA,The Diamonds (Over Sixties Erging Group),11:34.5,No,M,694.5,173.625,66.86999151809758
8054,Nikhil V,46,Ahmedabad,IND,,11:36.1,Yes,M,696.1,174.025,66.40994446339364
8055,Zak Rudy,37,,USA,,11:38.0,Yes,M,698.0,174.5,65.8691031773397
8056,Murray Brown,67,"San Jose, CA",USA,The Diamonds (Over Sixties Erging Group),11:38.8,Yes,M,698.8,174.7,65.64313732602676
8057,Warren Domingo,57,CA,USA,U.S. Navy,11:39.1,Yes,M,699.1,174.775,65.55866661349857
8057,Juergen Pfuhl,79,Hamburg,GER,Ruderverein Wandsbek e.V.,11:39.1,Yes,M,699.1,174.775,65.55866661349857
8059,Tony Yates,59,"Azle, TX",USA,TEAM MELALEUCA,11:39.5,Yes,M,699.5,174.875,65.44626429489439
8060,Chris Gonzales,64,Laguna Beach,USA,TEAM MELALEUCA,11:41.3,Yes,M,701.3,175.325,64.94362131798295
8061,Paul Chamberlin,84,"Shrewsbury, MA",USA,,11:44.0,No,M,704.0,176.0,64.19926277235162
8061,Jim Troppmann,79,"Tryon, NC",USA,,11:44.0,No,M,704.0,176.0,64.19926277235162
8063,Edward Lopez,34,,USA,,11:44.5,Yes,M,704.5,176.125,64.06266864209292
8064,Manus Willem Sipkes,79,Amsterdam,NED,,11:44.6,Yes,M,704.6,176.15,64.0353963271581
8066,Lionel Couzon,52,GUER,FRA,FRENCH INDOOR ROWERS TEAM,11:45.0,No,M,705.0,176.25,63.92646173812197
8067,Paul Wheeler,61,NH,USA,U.S. Air Force Veteran,11:45.6,Yes,M,705.6,176.4,63.763522661821206
8068,Christopher Cain,58,,USA,,11:45.9,Yes,M,705.9,176.475,63.682260748075706
8069,George Powell,75,Chiang Mai,THA,The Diamonds (Over Sixties Erging Group),11:48.1,Yes,M,708.1,177.025,63.09053863011453
8070,Chris Brody,37,,USA,,11:48.5,Yes,M,708.5,177.125,62.983741295831905
8071,Edward Zeimis,53,"Milford, MI",USA,,11:49.9,Yes,M,709.9,177.475,62.611843322770326
8072,David Robertson,69,,USA,,11:51.4,Yes,M,711.4,177.85,62.21662315059428
8073,Herb Morin,82,"Baltimore, MD",USA,The Diamonds (Over Sixties Erging Group),11:52.0,No,M,712.0,178.0,62.05946644462381
8074,George Roetzer,76,"Bloomington, IL",USA,The Diamonds (Over Sixties Erging Group),11:53.2,Yes,M,713.2,178.3,61.74673736021928
8075,Enara Vijil,47,,USA,,11:55.2,Yes,M,715.2,178.8,61.23017504087766
8076,Simon DUFOUR,47,,FRA,,11:55.3,Yes,M,715.3,178.825,61.204498423219135
8077,Dan Burbach,72,"Thousand Oaks, CA",USA,U.S. Coast Guard Academy,11:56.0,No,M,716.0,179.0,61.025163464618224
8078,Thomas Bird,78,"Mineola, TX",USA,,11:56.7,Yes,M,716.7,179.175,60.84652844675457
8079,Jim Finn,75,"East Hampton, CT",USA,,11:57.0,Yes,M,717.0,179.25,60.77018400340858
8080,Rama Mahadevan,38,,USA,,11:57.8,Yes,M,717.8,179.45,60.567222243182215
8081,Michael Perkins,68,"Houston, TX",USA,Age Without Limits,11:58.2,Yes,M,718.2,179.55,60.46608022861766
8082,Kendall Koff,67,"Grapevine, TX",USA,,11:58.7,No,M,718.7,179.675,60.33996914534797
8083,Paul Newbury,63,,GBR,Derwent Rowing Club (UK),11:59.0,Yes,M,719.0,179.75,60.264470791491156
8084,Andrew Wille,60,,GBR,,12:00.0,Yes,M,720.0,180.0,60.01371742112483
8084,V Pucci,34,,USA,,12:00.0,No,M,720.0,180.0,60.01371742112483
8084,James Westcott,76,"Chico, CA",USA,,12:00.0,No,M,720.0,180.0,60.01371742112483
8088,Danilo Ramirez,53,,PAR,,12:04.2,Yes,M,724.2,181.05,58.97561207633682
8089,Wael Hamze,43,,GBR,,12:05.2,Yes,M,725.2,181.3,58.7319786253515
8090,Jay Goldhorn,61,SD,USA,U.S. Army Veterans,12:05.4,Yes,M,725.4,181.35,58.68341304460507
8090,Harrie Willems,75,Maastricht,NED,,12:05.4,Yes,M,725.4,181.35,58.68341304460507
8092,Gene Bayersdorfer,72,"Poughkeepsie , NY",USA,LUNA-TICS,12:06.2,Yes,M,726.2,181.55,58.48968529024076
8093,David Mc Cormick,81,,USA,,12:08.7,No,M,728.7,182.175,57.88975476040518
8094,Salvatore Lofaro,66,,ITA,,12:08.8,Yes,M,728.8,182.2,57.86592854801644
8095,arkadiusz kobus,44,,POL,,12:09.1,Yes,M,729.1,182.275,57.79452831520009
8096,Ali Sh,47,,AUS,,12:09.8,Yes,M,729.8,182.45,57.62838398247157
8097,dirk dekema,67,,NED,,12:10.5,Yes,M,730.5,182.625,57.46287586934873
8098,Jungkwang Jeon,41,Incheon,KOR,,12:11.4,Yes,M,731.4,182.85,57.25100968291147
8099,Ian Healey,49,,GBR,,12:11.9,Yes,M,731.9,182.975,57.1337561495765
8100,Gustav Flohr,81,Hofstetten,GER,,12:16.6,Yes,M,736.6,184.15,56.04706497691594
1,徐 軒,21,,TPE,,6:40.5,Yes,F,400.5,100.125,348.6907744268574
2,Lauren Henry,24,,GBR,GB Rowing Team,6:40.9,Race,F,400.9,100.225,347.6480915169417
3,Vwaire Obukohwo,24,,GBR,GB Rowing Team,6:43.7,Race,F,403.7,100.925,340.46444910733885
4,Elizabeth Gilmore,41,VA,USA,SPU,6:45.6,Race,F,405.6,101.4,335.7021938034776
5,Georgie Brayshaw,24,,GBR,GB Rowing Team,6:45.8,Race,F,405.8,101.45,335.2060822673381
6,Juliette Perry,24,,GBR,GB Rowing Team,6:50.3,Race,F,410.3,102.575,324.2974004701703
7,Cassidy Ellem-Allen,14,,AUS,,6:52.8,Race,F,412.8,103.2,318.440980505327
8,Eleanor Brinkoff,24,,GBR,GB Rowing Team,6:53.7,Race,F,413.7,103.425,316.3672035214152
9,Amelia Standing,24,,GBR,GB Rowing Team,6:54.8,Race,F,414.8,103.7,313.8569681680694
10,Ellie Dash,21,,GBR,Hartpury University and College Boat Club,6:54.9,Race,F,414.9,103.725,313.63008362155284
11,Jade Lindo,24,,GBR,GB Rowing Team,6:55.2,Race,F,415.2,103.8,312.9507407164915
12,Lina Bélanger,40,"Kirkland, WA",CAN,SPU,6:57.8,Yes,F,417.8,104.45,307.14447774759975
13,Katharina Dowlin,22,,USA,Rutgers University,6:59.4,Yes,F,419.4,104.85,303.6426268785462
13,Grace Murphy,18,"Berwyn, PA",USA,Fairmount Rowing Association,6:59.4,No,F,419.4,104.85,303.6426268785462
15,Rachel Fisher,37,,GBR,The Delivery Room,6:59.9,Yes,F,419.9,104.975,302.5592217642821
15,Molly Fane,28,"San Diego, CA",USA,"ZLAC Rowing, Ltd., San Diego, CA",6:59.9,No,F,419.9,104.975,302.5592217642821
17,Lucy Havard,35,,GBR,Cambridge University Boat Club,7:00.9,Race,F,420.9,105.225,300.40782509770634
18,Catherine Gardner,17,,GBR,Hartpury University and College Boat Club,7:02.1,Race,F,422.1,105.525,297.8529884534571
19,Claudia Rossington,21,,GBR,University of Birmingham,7:02.3,Race,F,422.3,105.575,297.4300020242128
20,MARÍA ÁNGELES MACIÁN MARTÍNEZ,18,Cartagena,ESP,,7:03.9,Yes,F,423.9,105.975,294.07477176410697
21,Rachael Mcilwraith,32,,GBR,,7:04.1,Yes,F,424.1,106.025,293.6589225138018
21,Avery Douglas,18,"Westlake, OH",USA,The Foundry,7:04.1,No,F,424.1,106.025,293.6589225138018
23,Brooke Karesh,19,,USA,,7:04.9,Yes,F,424.9,106.225,292.00334405478145
23,Anni Keisanen,32,Valkeakoski,FIN,,7:04.9,Yes,F,424.9,106.225,292.00334405478145
25,Jordan Falcone,45,"Waxhaw, NC",USA,CrossFit Weddington,7:05.4,Race,F,425.4,106.35,290.97492279880106
26,Rebekah Court,21,,GBR,University of Bath,7:07.6,Race,F,427.6,106.9,286.5067964908964
27,Sarah Harvey,22,NC,USA,,7:07.8,No,F,427.8,106.95,286.10515150759653
28,Neve Gelatt,17,"Seattle , WA",USA,Inglemoor RC,7:09.5,Yes,F,429.5,107.375,282.72129004386767
29,Amy Renwick,37,Inverness,GBR,Rowfit,7:10.4,Race,F,430.4,107.6,280.9514192805188
30,Joely Patterson,23,Fremantle,AUS,West Australian Rowing Club,7:10.8,Race,F,430.8,107.7,280.1695512159197
30,Midori Galligan,20,,USA,,7:10.8,Yes,F,430.8,107.7,280.1695512159197
32,Morgan McGrath,44,"Fresno, CA",USA,Warrior Fitness,7:11.0,Yes,F,431.0,107.75,279.7797049575627
32,Karolin Neubert,34,"Seattle, WA",USA,Lake Washington Rowing Club,7:11.0,Yes,F,431.0,107.75,279.7797049575627
34,Karlie Vince,17,WA,USA,Inglemoor RC,7:11.1,No,F,431.1,107.775,279.58505303623434
35,Zoe Labdon,22,,GBR,City of Oxford Rowing Club,7:11.3,Race,F,431.3,107.825,279.19629056165843
36,Alexandra Junko,21,,USA,,7:12.1,Yes,F,432.1,108.025,277.6484283127944
36,Caroline Newbury,44,,GBR,,7:12.1,Yes,F,432.1,108.025,277.6484283127944
38,Grace Jane,17,,GBR,Hartpury University and College Boat Club,7:12.3,Race,F,432.3,108.075,277.2632513573671
39,Nikki Ayers,33,,AUS,,7:12.8,Race,F,432.8,108.2,276.3034209691787
39,Liv Marks,17,,GBR,,7:12.8,Yes,F,432.8,108.2,276.3034209691787
41,Sophie Connolly,34,,GBR,Commercial Rowing Club,7:13.1,Race,F,433.1,108.275,275.7296484741245
42,Nicola Jones,39,,AUS,,7:13.2,Yes,F,433.2,108.3,275.5387440393127
43,Sally Brierley,43,,GBR,Red Line Rowers,7:13.6,Race,F,433.6,108.4,274.7768861929029
44,Caitlin Mccabe,24,,GBR,Broxbourne Rowing Club,7:13.8,Race,F,433.8,108.45,274.397010367192
45,Eli Wood,36,,GBR,,7:14.7,Yes,F,434.7,108.675,272.6962073070362
46,Charlotte Pollecutt-Gray,28,,GBR,Auriol Kensington Rowing Club,7:14.8,Race,F,434.8,108.7,272.5080977202172
47,Jackie Rees,42,QLD,AUS,,7:14.9,Race,F,434.9,108.725,272.3201611077235
47,Jacqueline Rees,42,"Tuan, QLD",AUS,Aussie Roos,7:14.9,Race,F,434.9,108.725,272.3201611077235
49,Lucy Crundwell,36,,GBR,Dominus CrossFit and Red Line Rowers,7:15.0,Race,F,435.0,108.75,272.13239727077934
50,Alyssa Basinger,21,,GBR,,7:15.6,Race,F,435.6,108.9,271.00943143871336
51,Taryn Sharp,38,,AUS,,7:15.7,Yes,F,435.7,108.925,270.82287148787196
52,Pippa Biggs,26,,GBR,,7:15.9,Race,F,435.9,108.975,270.45026497539124
52,Ella Fullman,19,,GBR,Bath University Boat Club,7:15.9,Race,F,435.9,108.975,270.45026497539124
52,Aubrie Miller,26,,USA,CrossFit Empire South,7:15.9,Yes,F,435.9,108.975,270.45026497539124
55,Nardia Guillaumier,48,"Kiama, NSW",AUS,Swan Athletic,7:16.0,Yes,F,436.0,109.0,270.26421802137247
56,Lois Smith,33,,GBR,AOD Fitness,7:16.8,Race,F,436.8,109.2,268.7819678521284
57,Becky Bannister,33,Staines/Irvine,GBR,,7:17.3,Yes,F,437.3,109.325,267.8610619576658
58,Sofie Blahova,26,,SWE,,7:17.5,Race,F,437.5,109.375,267.4938775510204
58,Darcie Nash,20,,GBR,University of Birmingham,7:17.5,Race,F,437.5,109.375,267.4938775510204
60,Melissa Bell,36,,CAN,,7:17.9,Yes,F,437.9,109.475,266.7615196350109
61,Imy Bantick,23,,GBR,City of Oxford Rowing Club,7:18.1,Race,F,438.1,109.525,266.39634306748155
61,Lara Robinson,23,,GBR,City of Oxford Rowing Club,7:18.1,Race,F,438.1,109.525,266.39634306748155
61,Macey Cubbage,30,,GBR,Maidstone Invicta Rowing Club,7:18.1,No,F,438.1,109.525,266.39634306748155
64,Tatiana Cherkasova,14,,AIN,,7:18.2,Yes,F,438.2,109.55,266.21400471442246
64,Eleanor Lawrence-Preston,16,,GBR,,7:18.2,No,F,438.2,109.55,266.21400471442246
66,Daniella Raguckaite,16,,GBR,Hartpury University and College Boat Club,7:18.8,Race,F,438.8,109.7,265.1234616748011
66,Flo Studdert-Kennedy,21,,GBR,,7:18.8,Yes,F,438.8,109.7,265.1234616748011
68,Brittnee Garrett,33,,AUS,,7:19.1,Yes,F,439.1,109.775,264.5804233469005
69,Daria Okhremtchuk,20,"Davis, CA",USA,,7:19.9,No,F,439.9,109.975,263.1395528743895
70,Janie Doyle,32,,GBR,Rwyfo dan so gogledd cymru,7:20.0,Race,F,440.0,110.0,262.96018031555224
71,Portia Light,31,London,GBR,Thames Rowing Club,7:20.7,Yes,F,440.7,110.175,261.7091258284931
72,Leanne Xuereb Ungaro,30,,GBR,Siggiewi Rowing Club -Malta,7:20.8,Race,F,440.8,110.2,261.53105203612495
73,Thea Adamson,31,Fremantle,AUS,UWA Boat Club,7:21.2,Race,F,441.2,110.3,260.820370218762
74,Kirsty Joisce,51,Southampton,GBR,Rowfit,7:21.5,Yes,F,441.5,110.375,260.28904776297776
75,Ella Fox,47,"Poway, CA",USA,,7:21.6,Yes,F,441.6,110.4,260.1122610035036
76,Leanne Xuereb Ungaro,30,,MLT,Siggiewi Rowing Club,7:21.7,Race,F,441.7,110.425,259.93563430446596
76,Enid Dunmire-Swinson,47,,USA,,7:21.7,Yes,F,441.7,110.425,259.93563430446596
78,Kara Woodworth,37,"Oshawa, ON",CAN,,7:21.8,Yes,F,441.8,110.45,259.7591674847596
79,Freya Ridge,20,,GBR,University of Bath,7:22.1,Race,F,442.1,110.525,259.23072449426724
80,Marion Pestourie,52,,FRA,,7:22.3,Yes,F,442.3,110.575,258.8792252547202
81,Angela Johnson,14,,USA,,7:22.4,Yes,F,442.4,110.6,258.7037139215423
82,Monica Hauglien,36,,NOR,,7:22.5,Yes,F,442.5,110.625,258.5283612068239
83,Olive Lanyon,16,,AUS,,7:22.8,Race,F,442.8,110.7,258.0032529831517
84,Seren Page,17,,GBR,Nottingham Rowing Club,7:23.1,Race,F,443.1,110.775,257.47956589080036
85,Jayden Grisaffe,20,,USA,,7:23.4,No,F,443.4,110.85,256.95729512540686
86,Jill Hardy,46,"Manchester, CT",USA,Riverfront Recapture,7:23.5,Yes,F,443.5,110.875,256.7835187820228
87,Nora Brock,17,,USA,,7:23.7,Yes,F,443.7,110.925,256.43643590208455
88,krimi Khadija,29,Tunis,TUN,,7:23.9,Yes,F,443.9,110.975,256.0899782557806
89,Benita Clausen,52,Oslo,NOR,"Skullerud Sport Senter, Oslo, Norway",7:24.0,Yes,F,444.0,111.0,255.9169834553326
89,McKenna Brewer,16,,USA,,7:24.0,No,F,444.0,111.0,255.9169834553326
89,Anna Louisa Kollster,26,Kiel,GER,Erster Kieler Ruder-Club von 1862 e. V,7:24.0,No,F,444.0,111.0,255.9169834553326
92,Charlotte Harrison,33,,GBR,,7:24.2,Yes,F,444.2,111.05,255.57146102210632
92,Giulia Persico,42,Livorno,ITA,,7:24.2,Yes,F,444.2,111.05,255.57146102210632
94,Carolina Lotrean,16,,USA,Founders Rowing Club,7:24.4,Yes,F,444.4,111.1,255.22656031155194
94,Shelby Sturrock,30,"Toronto, ON",CAN,Hanlan Boat Club,7:24.4,Yes,F,444.4,111.1,255.22656031155194
94,Alma Farley,15,"43221, OH",USA,Upper Arlington High School,7:24.4,No,F,444.4,111.1,255.22656031155194
94,Mira Meek,17,,USA,,7:24.4,No,F,444.4,111.1,255.22656031155194
98,Lorraine Weller,35,,GBR,PGRC (Poole Gig Rowing Club),7:24.8,Yes,F,444.8,111.2,254.53861847119782
99,Anne-Marie Fequet,50,"Thunder Bay, ON",CAN,Thunder Bay Rowing Club,7:24.9,Yes,F,444.9,111.225,254.36701940834465
100,Charlotte James,49,,GBR,,7:25.0,Race,F,445.0,111.25,254.19557455717907
101,Olivia Hodgson,17,,GBR,RGS Worcester,7:25.2,Race,F,445.2,111.3,253.85314679737016
102,Sydney Bauer,33,,USA,Carnegie Lake Rowing Association,7:25.5,Yes,F,445.5,111.375,253.34065742304927
103,Emma O'Neill,18,Fremantle,AUS,Fremantle Rowing Club,7:25.7,Race,F,445.7,111.425,252.9997640073658
103,Shaina Jordan,39,"Seattle, WA",USA,Lake Union Crew,7:25.7,Yes,F,445.7,111.425,252.9997640073658
105,Willa Pepin,25,"Vancouver, BC",CAN,University of British Columbia,7:26.2,Yes,F,446.2,111.55,252.15020204519678
106,Charlotte Hansen-Knarhoi,16,Fremantle,AUS,Fremantle Rowing Club,7:26.4,Race,F,446.4,111.6,251.8114423027292
107,Franzi Bachmann,28,,GBR,,7:26.5,Yes,F,446.5,111.625,251.64228997365402
108,Eleanor Collingwood,22,,GBR,,7:26.9,Race,F,446.9,111.725,250.96719364733306
109,Meg Lynch,17,VIC,AUS,,7:27.1,No,F,447.1,111.775,250.63055091067906
110,Becky Rogers,41,,USA,GARAGEATHLETE,7:27.2,Race,F,447.2,111.8,250.46245530869604
110,Alexa Rose Ryan-Shirley,17,,USA,,7:27.2,No,F,447.2,111.8,250.46245530869604
110,Kayleigh Stokes,26,,GBR,,7:27.2,No,F,447.2,111.8,250.46245530869604
113,Amy Adderley,40,,GBR,Marlborough CrossFit,7:27.3,Race,F,447.3,111.825,250.29450999334227
113,Abbey Holm,16,,USA,"Rochester Rowing Club, Minnesota",7:27.3,Race,F,447.3,111.825,250.29450999334227
113,Alice Macready,18,,AUS,,7:27.3,Race,F,447.3,111.825,250.29450999334227
113,Camilla Calderwood,16,CT,USA,,7:27.3,No,F,447.3,111.825,250.29450999334227
117,Nicola Goss,36,Palmerston North,NZL,,7:27.4,Yes,F,447.4,111.85,250.1267147967001
117,Kelly Morshead,35,,GBR,,7:27.4,Yes,F,447.4,111.85,250.1267147967001
119,Shannon Nordquist,43,,USA,Fitness Matters,7:27.5,Race,F,447.5,111.875,249.9590695510762
119,Charlotte Hagerman,17,"Wayne, PA",USA,,7:27.5,Yes,F,447.5,111.875,249.9590695510762
119,Aine O’Mahony,22,,IRL,,7:27.5,Yes,F,447.5,111.875,249.9590695510762
122,Mari Nieminen,50,,FIN,,7:27.8,Yes,F,447.8,111.95,249.45703184675526
123,Sydney-Jayne McLean,21,,NZL,,7:27.9,No,F,447.9,111.975,249.2899847327657
124,Véronique Larmande,52,Viviers,FRA,FRENCH INDOOR ROWERS TEAM,7:28.0,Yes,F,448.0,112.0,249.12308673469383
125,Kia Taylor,48,"Marietta, GA",USA,GARAGEATHLETE,7:28.1,Race,F,448.1,112.025,248.9563376861903
126,Margit Vaarma,42,Väike-Maarja,EST,Estonian Defence Forces,7:28.2,No,F,448.2,112.05,248.78973742112782
127,Anna Harvey,39,,SVK,Worcester Rowing Club,7:28.4,Race,F,448.4,112.1,248.45698257792878
127,Matilda Hudson-Hulls,16,,GBR,Hartpury University and College Boat Club,7:28.4,Race,F,448.4,112.1,248.45698257792878
129,Katlyn Taueetia,36,"Pittsburgh , PA",USA,T2 CrossFit/Fitness,7:28.5,Yes,F,448.5,112.125,248.29082766864803
130,Joyce Zhang,22,,USA,,7:28.6,Yes,F,448.6,112.15,248.12482088051948
131,Tereza Horejsova,44,,CZE,TEAM OARSOME IRC,7:28.7,Yes,F,448.7,112.175,247.958962048524
132,Beatrice Hughes,18,,GBR,CrewBath,7:28.8,Race,F,448.8,112.2,247.7932510078629
132,Nancy Cook,60,"Belchertown, MA",USA,The Diamonds (Over Sixties Erging Group),7:28.8,Yes,F,448.8,112.2,247.7932510078629
132,Kira Dhariwal,22,,GBR,,7:28.8,Yes,F,448.8,112.2,247.7932510078629
132,Kaitlin Varga-Wells,37,,USA,,7:28.8,Yes,F,448.8,112.2,247.7932510078629
136,Penina Kahtan,31,,GBR,,7:28.9,Race,F,448.9,112.225,247.62768759395811
136,Amy McMullan,32,,GBR,,7:28.9,No,F,448.9,112.225,247.62768759395811
138,Isabella Edinger,19,Fremantle,AUS,Swan River Rowing Club,7:29.0,Race,F,449.0,112.25,247.4622716424509
138,Mariachiara Micaelli,33,,ITA,Roman Sport City,7:29.0,Race,F,449.0,112.25,247.4622716424509
138,Rosie Baish,28,,GBR,First and Third Trinity,7:29.0,Yes,F,449.0,112.25,247.4622716424509
138,Juniper Gattone,19,,USA,,7:29.0,No,F,449.0,112.25,247.4622716424509
142,Sarita Kristina Hansen,36,,NOR,Sub 7 Indoor Rowing Club,7:29.2,Race,F,449.2,112.3,247.1318814702935
142,Nicole Houston,32,,AUS,GARAGEATHLETE,7:29.2,Yes,F,449.2,112.3,247.1318814702935
142,Katie Shannon,28,,IRL,,7:29.2,Yes,F,449.2,112.3,247.1318814702935
145,Joyce Zhang,22,"Atlanta, GA",USA,Emory Crew,7:29.3,Race,F,449.3,112.325,246.96690692202253
145,Eliza Powers,16,"Hingham, MA",USA,Hingham High School Rowing Association,7:29.3,No,F,449.3,112.325,246.96690692202253
147,Jenni Dean,34,,AUS,,7:29.5,Yes,F,449.5,112.375,246.63739808368436
147,Malin Wahnström Sundström,46,,SWE,SUB-7 IRC,7:29.5,Yes,F,449.5,112.375,246.63739808368436
149,Shor Renyard,41,,GBR,Hexham Rowing Club,7:30.4,Race,F,450.4,112.6,245.16184035277266
149,Emma Tůmová,20,Akademiska Roddförening Stockholm,SWE,,7:30.4,Yes,F,450.4,112.6,245.16184035277266
151,Lizzy Saary,47,,GBR,Barnes Bridge Ladies Rowing Club,7:30.5,Yes,F,450.5,112.625,244.99861676269242
151,Stephanie Corcoran,44,Wexford,IRL,,7:30.5,No,F,450.5,112.625,244.99861676269242
153,Daisy Parker,18,,GBR,University of York Boat Club,7:30.6,Race,F,450.6,112.65,244.83553803490057
154,Linda Carruthers,54,,GBR,St Andrew boat club,7:30.9,Race,F,450.9,112.725,244.34716941959937
154,Justine Reston,55,,GBR,Fitness Matters,7:30.9,Race,F,450.9,112.725,244.34716941959937
154,Ouma El Khattabi,23,,FRA,,7:30.9,Yes,F,450.9,112.725,244.34716941959937
157,Caron Jones,33,,GBR,,7:31.1,Race,F,451.1,112.775,244.02231171420684
158,Lynn Christiansen,57,"Bainbridge Island, WA",USA,Bainbridge Island Rowing,7:31.5,Yes,F,451.5,112.875,243.3743218471966
159,Corien Prins,40,Eindhoven,NED,Dutch Eindhoven Rowing Association Beatrix,7:31.8,Yes,F,451.8,112.95,242.88983428847035
160,Justyna Hill,36,,GBR,,7:31.9,Yes,F,451.9,112.975,242.72862422672705
161,Sabrina Cant,47,,GBR,Twickenham Rowing Club,7:32.0,Yes,F,452.0,113.0,242.5675567971934
162,Allison Zolnowsky,32,"Sewaren, NJ",USA,Nereid Boat Club,7:32.2,Yes,F,452.2,113.05,242.24584920412818
163,Daria Manetta,20,,ITA,Futura Crossfit,7:32.3,Race,F,452.3,113.075,242.08520872580536
163,Terese Jönsson Hyberg,32,,SWE,,7:32.3,Yes,F,452.3,113.075,242.08520872580536
163,Rachel Kohl,16,,USA,,7:32.3,Yes,F,452.3,113.075,242.08520872580536
166,Alina Dumas,32,,ITA,"G.S. Vvf ""Ravalico"" Trieste - Pinheiros Sao Paulo",7:32.5,Race,F,452.5,113.125,241.7643536201665
167,Emily Laing,17,,AUS,,7:32.6,Yes,F,452.6,113.15,241.60413867930976
168,Nuala Holland,17,Fremantle,AUS,Fremantle Rowing Club,7:32.7,Race,F,452.7,113.175,241.44406527108046
169,Colette Kriegel,16,"Atlanta, GA",USA,"Augusta Rowing Club, Inc.",7:32.8,Race,F,452.8,113.2,241.28413323922712
169,Kate Prelaske,14,"Apex, NC",USA,,7:32.8,No,F,452.8,113.2,241.28413323922712
171,Rachel Cooper,45,Paignton,GBR,Dart Totnes Rowing Club/DTARC,7:32.9,Yes,F,452.9,113.225,241.1243424277054
171,Robbie Southall,22,,USA,,7:32.9,No,F,452.9,113.225,241.1243424277054
173,Lauren Gammon,38,"Round Rock, TX",USA,,7:33.0,No,F,453.0,113.25,240.964692680677
174,Tahira Taylor,37,London,GBR,"Putney Town Rowing Club (London,UK)",7:33.2,Yes,F,453.2,113.3,240.64581575778053
174,Wendelien Wijsman,48,Den Haag,NED,Scheveningsche Roeivereeniging (NDL),7:33.2,Yes,F,453.2,113.3,240.64581575778053
176,Janelle Austin,41,,AUS,,7:33.3,Race,F,453.3,113.325,240.48658827126673
176,Angela Johnson,14,"Atlanta, GA",USA,St. Andrew Rowing Club,7:33.3,Race,F,453.3,113.325,240.48658827126673
176,Carolin Spittler,38,,GER,,7:33.3,Yes,F,453.3,113.325,240.48658827126673
179,Heather Rogers,37,,AUS,,7:33.6,Yes,F,453.6,113.4,240.00974785190311
180,Ella Oldland,21,,GBR,University of Birmingham,7:34.0,Race,F,454.0,113.5,239.3759196203019
180,Emily Sobieski,19,,USA,Philadelphia University,7:34.0,Yes,F,454.0,113.5,239.3759196203019
182,Callie Carpenter,16,"Indianapolis, IN",USA,Indianapolis Junior Rowing,7:34.3,No,F,454.3,113.575,238.90201230607386
183,Rachel Boarman,41,"Leonardtown, MD",USA,Mighty Crabs,7:34.4,Yes,F,454.4,113.6,238.74432121393312
183,Katie Goettner,16,,USA,,7:34.4,Yes,F,454.4,113.6,238.74432121393312
185,Ruth B.,21,,USA,Lake Las Vegas Rowing Club,7:34.5,Yes,F,454.5,113.625,238.58676887329747
186,Hannah Reuter,34,,GER,,7:34.7,Yes,F,454.7,113.675,238.2720798364445
187,Lucy Renshall,28,,GBR,,7:34.8,Race,F,454.8,113.7,238.11494283568098
187,Bonnie Tratt,56,"Newcastle, NSW",AUS,Newcastle Rowing Club,7:34.8,Race,F,454.8,113.7,238.11494283568098
189,Danielle Brook,26,,GBR,Royal Navy (UK),7:34.9,Yes,F,454.9,113.725,237.95794397733033
189,Lilly Corcoran,16,,USA,,7:34.9,No,F,454.9,113.725,237.95794397733033
191,Charlotte Malliff,40,,GBR,,7:35.0,Yes,F,455.0,113.75,237.8010831096207
191,Liza van den Berg,32,Aberdeen,NED,Aberdeen boat Club,7:35.0,Yes,F,455.0,113.75,237.8010831096207
191,Sarah Stratton,15,,USA,Hudson River Rowing Association,7:35.0,No,F,455.0,113.75,237.8010831096207
194,Liz Hoffert,17,,USA,,7:35.4,Yes,F,455.4,113.85,237.1750165167602
194,Jessica Shepherd,26,,GBR,Reading Rowing Club (UK),7:35.4,Yes,F,455.4,113.85,237.1750165167602
196,Ciara Davis,28,,IRL,,7:35.5,Yes,F,455.5,113.875,237.0188433326753
197,Julia Fabrizi,60,,GBR,Christchurch,7:35.7,Race,F,455.7,113.925,236.70690806673596
197,Sabrina Brodnik,40,,FRA,FRENCH INDOOR ROWERS TEAM,7:35.7,No,F,455.7,113.925,236.70690806673596
199,Sarah Brooke,26,,GBR,,7:35.9,Yes,F,455.9,113.975,236.3955199355757
199,Annetta Eidesgaard,34,,DEN,Danske Studenters Roklub,7:35.9,Yes,F,455.9,113.975,236.3955199355757
201,Maria Klug,20,,USA,Ohio State Crew,7:36.1,No,F,456.1,114.025,236.08467774012652
201,Frances Ogilvie,16,,NZL,,7:36.1,No,F,456.1,114.025,236.08467774012652
203,petra kjaer,16,,USA,Milwaukee Rowing Club,7:36.2,Yes,F,456.2,114.05,235.92946099444706
204,Rachel Woods,22,,GBR,,7:36.3,Yes,F,456.3,114.075,235.7743802844726
205,Madeleine Evans,15,,GBR,,7:36.4,Yes,F,456.4,114.1,235.6194354612048
206,Bianca Fewings,20,Fremantle,AUS,UWA Boat Club,7:36.5,Race,F,456.5,114.125,235.46462637584048
206,Kristīne Bumbiere,21,,LAT,,7:36.5,Yes,F,456.5,114.125,235.46462637584048
206,Desi Gillespie,33,,GBR,,7:36.5,Yes,F,456.5,114.125,235.46462637584048
209,Isotta Rigazzi,21,,ITA,R.C.C. Tevere Remo,7:36.7,Race,F,456.7,114.175,235.15541482458923
209,Rachel Egner,55,"Edmonds, WA",USA,Rowfit,7:36.7,Yes,F,456.7,114.175,235.15541482458923
211,Couvreur Veronique,40,,FRA,,7:36.8,Yes,F,456.8,114.2,235.00101206207287
212,Kaisa Karhuvaara,35,,FIN,,7:36.9,Yes,F,456.9,114.225,234.84674444420102
213,Samantha Deykin,22,Fremantle,AUS,UWA Boat Club,7:37.1,Race,F,457.1,114.275,234.53861405127154
214,Echo Harker,31,,USA,Lake Union Crew,7:37.2,Yes,F,457.2,114.3,234.38475098113906
215,Katie Davey,41,,GBR,,7:37.3,Yes,F,457.3,114.325,234.23102246550073
216,Aleksandra Sarzynska,41,Chigwell,GBR,Fairlop Rowing Club,7:37.4,Yes,F,457.4,114.35,234.07742835730238
217,Tara Jones,45,"Portland, OR",USA,Station L Rowing Club,7:37.5,Yes,F,457.5,114.375,233.92396850968268
218,Felicity Howes,39,,GBR,,7:37.6,Race,F,457.6,114.4,233.77064277597307
219,Elaine Jenkins,43,,GBR,,7:37.7,No,F,457.7,114.425,233.61745100969696
219,Clare McKenna,14,"The Woodlands, TX",USA,"Parati Competitive Rowing, The Woodlands, TX",7:37.7,No,F,457.7,114.425,233.61745100969696
221,Samantha Fallon,21,"Atlanta, GA",USA,"The Rowing Team at the University of Georgia, Inc.",7:37.8,Race,F,457.8,114.45,233.46439306456972
222,Carys Webster,34,,GBR,,7:37.9,Race,F,457.9,114.475,233.31146879449838
223,Olivia Hansen-Knarhoi,14,Fremantle,AUS,Fremantle Rowing Club,7:38.1,Race,F,458.1,114.525,233.00602069610812
223,Héloïse Chapelle,31,,BEL,,7:38.1,Yes,F,458.1,114.525,233.00602069610812
225,Lillian Dramsdahl,51,,NOR,,7:38.2,Race,F,458.2,114.55,232.8534965765589
226,Janet Bolton,57,,CAN,,7:38.3,Yes,F,458.3,114.575,232.70110554960436
227,Jenny Bell,59,"HAWTHORNE, QLD",AUS,,7:38.6,Race,F,458.6,114.65,232.24472957386652
227,Claire Corcoran,47,,IRL,Rowfit,7:38.6,Yes,F,458.6,114.65,232.24472957386652
229,Gabriella Panguito,19,"Atlanta, GA",USA,"The Rowing Team at the University of Georgia, Inc.",7:39.0,Race,F,459.0,114.75,231.6380827857755
230,Jillian Tovey,33,,GBR,Army Indoor Rowing Team,7:39.1,Race,F,459.1,114.775,231.48675129048374
230,Jessica Pidgeon,27,,GBR,,7:39.1,Yes,F,459.1,114.775,231.48675129048374
232,Veronika Kadastik,41,Põlva,EST,,7:39.2,Yes,F,459.2,114.8,231.3355515883462
233,Katie Bird,28,,GBR,,7:39.5,Race,F,459.5,114.875,230.88274180738966
233,Federica Romanelli,35,,ITA,,7:39.5,Yes,F,459.5,114.875,230.88274180738966
233,Eimer Walsh,47,,IRL,Rowfit,7:39.5,Yes,F,459.5,114.875,230.88274180738966
233,Allison Fruehwirth,16,,USA,,7:39.5,No,F,459.5,114.875,230.88274180738966
237,Megan Hyland,54,"Shrewsbury, MA",USA,Quinsigamond Rowing Association,7:39.7,Yes,F,459.7,114.925,230.5815249611027
237,Maddie Corn,17,,USA,,7:39.7,No,F,459.7,114.925,230.5815249611027
239,Avery Collins,15,,USA,,7:39.8,No,F,459.8,114.95,230.431113012185
240,Nicole Schafer,30,,RSA,,7:40.0,No,F,460.0,115.0,230.13068135119582
241,Elizabeth Hannigan,60,"Melbourne, VIC",AUS,Australian Army,7:40.4,Race,F,460.4,115.1,229.531383003292
241,Jane Robinson,54,,AUS,,7:40.4,Race,F,460.4,115.1,229.531383003292
241,Vickie Sincock,32,,GBR,,7:40.4,Yes,F,460.4,115.1,229.531383003292
244,Josephine Washnieski,18,,USA,"Rochester Rowing Club, Minnesota",7:40.7,Race,F,460.7,115.175,229.08327413924906
245,Klára Malenická,16,,CZE,,7:40.8,Yes,F,460.8,115.2,228.93416374635632
245,Stinne Grydehøj,46,,DEN,,7:40.8,No,F,460.8,115.2,228.93416374635632
247,Belinda Fowler,47,NSW,AUS,Aussie Roos,7:41.0,Yes,F,461.0,115.25,228.63633096011196
247,Aneta Krzycka,31,"Milwaukee, WI",USA,,7:41.0,No,F,461.0,115.25,228.63633096011196
249,Ava Myler,20,Fremantle,AUS,UWA Boat Club,7:41.1,Race,F,461.1,115.275,228.48760828635324
250,Bridge Hu,34,NSW,AUS,,7:41.2,Yes,F,461.2,115.3,228.3390145722025
251,Chloe White,27,,AUS,,7:41.7,Race,F,461.7,115.425,227.5979755107365
251,A. L.,53,,CAN,,7:41.7,Yes,F,461.7,115.425,227.5979755107365
253,Felicity Howes,39,,GBR,Monmouth Rowing Club,7:42.0,Race,F,462.0,115.5,227.1548906731905
253,Maia Hyland,20,,GBR,University of Birmingham,7:42.0,Race,F,462.0,115.5,227.1548906731905
253,Annabel Fishwick,15,,GBR,Bedford Rowing Club,7:42.0,Yes,F,462.0,115.5,227.1548906731905
253,Wesley Jung,37,"Georgetown, TX",USA,,7:42.0,Yes,F,462.0,115.5,227.1548906731905
257,Anna Girotto,44,,ITA,Canottieri San Cristoforo,7:42.2,Race,F,462.2,115.55,226.8601395542577
258,Angela Rocchi,37,"Philadelphia, PA",USA,Vesper Boat Club,7:42.3,Yes,F,462.3,115.575,226.71295521225176
258,Martha Walsh,44,Edinburgh,GBR,"St. Andrew Boat Club, Edinburgh, Scotland",7:42.3,Yes,F,462.3,115.575,226.71295521225176
260,Libby Danckert,38,,GBR,British Army,7:42.5,Yes,F,462.5,115.625,226.41896827433712
261,Jenny Taylor,57,,GBR,Wallingford and Oxford Alumnae,7:42.7,Race,F,462.7,115.675,226.12548941487083
261,Renee Stubenrauch,45,WA,USA,Sammamish Rowing,7:42.7,Yes,F,462.7,115.675,226.12548941487083
261,Eleanor Dean,21,,GBR,Peterborough City Rowing Club - Peterborough (UK),7:42.7,No,F,462.7,115.675,226.12548941487083
264,Jenny Marcum,22,VA,USA,,7:42.8,Yes,F,462.8,115.7,225.97894017159328
265,Chloe Kelly,22,,GBR,,7:42.9,Yes,F,462.9,115.725,225.83251753672835
266,Sloan Steinman,17,,USA,,7:43.3,Yes,F,463.3,115.825,225.24809035011648
266,Michelle Walter,43,"Las Vegas, NV",USA,Lake Las Vegas Rowing Club,7:43.3,Yes,F,463.3,115.825,225.24809035011648
268,Susanna Weißbacher,37,,AUT,,7:43.5,Yes,F,463.5,115.875,224.95663286157225
269,Zoe Harris,38,,GBR,,7:43.6,Yes,F,463.6,115.9,224.81109266798728
270,Marissa Arakelian,43,,AUS,,7:43.7,Yes,F,463.7,115.925,224.66567799418496
270,Jasmina Bier,27,,GER,,7:43.7,Yes,F,463.7,115.925,224.66567799418496
272,Hazel Wake,24,,GBR,City of Oxford Rowing Club,7:43.8,Race,F,463.8,115.95,224.52038870487772
272,Emily Penza,15,,USA,,7:43.8,No,F,463.8,115.95,224.52038870487772
274,Carleen Mathews,41,"St. Helens , OR",USA,,7:44.0,Yes,F,464.0,116.0,224.23018573947266
274,Esther Walker,15,,GBR,,7:44.0,No,F,464.0,116.0,224.23018573947266
276,Hannah Lodder Rodda,48,,GBR,,7:44.1,Race,F,464.1,116.025,224.08527179367354
276,christie Swainston,30,,GBR,,7:44.1,No,F,464.1,116.025,224.08527179367354
278,Jeanette Toon,50,QLD,AUS,,7:44.4,Race,F,464.4,116.1,223.65127848933807
278,lucie demmer,34,,USA,,7:44.4,Yes,F,464.4,116.1,223.65127848933807
280,Olivia Watson,25,Cambridge,GBR,Cantabrigian Rowing Club,7:44.5,Yes,F,464.5,116.125,223.5068631181071
280,Hammachi Elyn H,15,,FRA,Société Nautique du Perreux,7:44.5,No,F,464.5,116.125,223.5068631181071
282,Raluca Nicoleta Ciocotisan,34,Pomezia (RM),ITA,,7:44.7,Race,F,464.7,116.175,223.21840516733442
282,Anaëlle Brousseau,22,La Rochelle,FRA,Club d'Aviron de Mer de La Rochelle (CAMLR),7:44.7,Yes,F,464.7,116.175,223.21840516733442
282,Casey Burt,32,,USA,,7:44.7,No,F,464.7,116.175,223.21840516733442
285,Alexandria Obrecht,15,,USA,,7:44.9,No,F,464.9,116.225,222.93044338152635
286,Levke Schacht,32,,GER,,7:45.0,Yes,F,465.0,116.25,222.78664821714733
286,Natalie Williams,21,,USA,,7:45.0,Yes,F,465.0,116.25,222.78664821714733
288,Ebony Ebenwaldner,45,,AUS,,7:45.1,Race,F,465.1,116.275,222.6429766943495
288,Mei-Mei Ma,21,,USA,,7:45.1,Yes,F,465.1,116.275,222.6429766943495
290,Phoebe Chin,17,,USA,Twin Cities Youth Rowing Club,7:45.3,Race,F,465.3,116.325,222.3560040422196
290,Linda Bredel,46,Decines charpieu,FRA,,7:45.3,Yes,F,465.3,116.325,222.3560040422196
292,Angie Douville,48,"Regina, SK",CAN,Regina Rowing Club,7:45.6,Yes,F,465.6,116.4,221.9264690598892
292,Heather Newton,32,,GBR,City of Cambridge Rowing Club,7:45.6,Yes,F,465.6,116.4,221.9264690598892
294,Nicola Moore,44,,GBR,,7:45.7,Race,F,465.7,116.425,221.78353660245767
295,lee o’reilly,38,"edmonton, AB",CAN,,7:45.8,Yes,F,465.8,116.45,221.64072686015982
295,Sevtün Algan Sofyalı,42,Istanbul,TUR,İstanbul Kürek Spor Kulübü,7:45.8,No,F,465.8,116.45,221.64072686015982
297,Megan Alison Panniers,17,,GBR,Hereford Rowing Club,7:45.9,Race,F,465.9,116.475,221.49803970132703
298,Eugenie Anderson,14,,AUS,,7:46.0,Yes,F,466.0,116.5,221.35547499446014
298,Mai-Britt Bille Nielsen,64,Køge,DEN,The Diamonds (Over Sixties Erging Group),7:46.0,Yes,F,466.0,116.5,221.35547499446014
298,Jessica Scheer,22,,USA,,7:46.0,No,F,466.0,116.5,221.35547499446014
301,Lisa Clarke,36,,AUS,Street Parking,7:46.1,Yes,F,466.1,116.525,221.21303260822944
301,Sophia Call,17,,USA,,7:46.1,No,F,466.1,116.525,221.21303260822944
303,Jane Ashby,53,,GBR,Henley Rowing Club,7:46.2,Race,F,466.2,116.55,221.070712411474
303,Sandrine Quiviger,47,,FRA,,7:46.2,Yes,F,466.2,116.55,221.070712411474
305,Melanie Coulson,51,"Ottawa, ON",CAN,Ottawa Rowing Club,7:46.3,Yes,F,466.3,116.575,220.92851427320167
305,Regena Shelton,35,,USA,Result Fitness,7:46.3,No,F,466.3,116.575,220.92851427320167
307,Hannah Stocks,25,,GBR,Army Indoor Rowing Team,7:46.4,Race,F,466.4,116.6,220.78643806258876
307,田悟 優衣,24,,JPN,,7:46.4,Yes,F,466.4,116.6,220.78643806258876
309,Anna Dall'Oglio,39,,ITA,Cc Roma,7:46.5,Race,F,466.5,116.625,220.64448364897981
310,ava spagnolli,18,,USA,Mercyhurst College,7:46.7,No,F,466.7,116.675,220.36093969099193
311,Claire Drew,46,,GBR,,7:46.8,Yes,F,466.8,116.7,220.2193498861409
311,Adrienne Maruszak,33,,USA,,7:46.8,Yes,F,466.8,116.7,220.2193498861409
311,Sophia Toncich-Mandel,15,"Philadelphia, PA",USA,Penn Charter Quakers,7:46.8,Yes,F,466.8,116.7,220.2193498861409
314,Zoe Shuttleworth,44,,GBR,CrossFit Cirencester,7:46.9,Race,F,466.9,116.725,220.07788135734936
314,Irina Zibelman,20,,ARG,,7:46.9,Yes,F,466.9,116.725,220.07788135734936
316,Camilla Stewart,49,Telford,GBR,Gym Mostyn,7:47.0,No,F,467.0,116.75,219.93653397479912
317,Chrissy Goodness,58,"Saratoga Springs, NY",USA,Saratoga Springs Rowing Club,7:47.2,Yes,F,467.2,116.8,219.65420212998401
317,Mira Slavcheva,34,,BUL,Green Lake Adult Crew,7:47.2,Yes,F,467.2,116.8,219.65420212998401
317,Kate Stanitski,49,,USA,Virginia Boat Club,7:47.2,No,F,467.2,116.8,219.65420212998401
320,Amelia Bekker,15,"Perth, WA",AUS,,7:47.3,Yes,F,467.3,116.825,219.51321740891547
320,Donna Taulbee,54,"Naples, FL",USA,Rowfit,7:47.3,Yes,F,467.3,116.825,219.51321740891547
320,Mirja Tuure,36,,FIN,,7:47.3,Yes,F,467.3,116.825,219.51321740891547
323,Sylvia Klobucar,42,,AUS,Aussie Roos,7:47.4,Race,F,467.4,116.85,219.37235331648068
323,Michelle Bowley,47,,GBR,,7:47.4,Yes,F,467.4,116.85,219.37235331648068
323,Anne-Sophie Gey,36,Monthelon,FRA,Club Nautique CREUSOTIN,7:47.4,No,F,467.4,116.85,219.37235331648068
326,Evie Abbott Wilcox,30,,GBR,GymBox,7:47.5,Race,F,467.5,116.875,219.23160972369257
326,Lesley Duffy,60,"Brisbane, QLD",AUS,Free Spirits,7:47.5,Yes,F,467.5,116.875,219.23160972369257
326,Kate Duffy,19,Leicester,GBR,,7:47.5,Yes,F,467.5,116.875,219.23160972369257
326,Diana Hållén,23,,SWE,Crossfit Nordic,7:47.5,No,F,467.5,116.875,219.23160972369257
330,Mia Wood,20,"Atlanta, GA",USA,Georgia Tech Rowing Club,7:47.6,Race,F,467.6,116.9,219.0909865017298
330,Brianne Bartolini,34,"Rome, Italy",ITA,,7:47.6,Yes,F,467.6,116.9,219.0909865017298
330,Anna Bordon,35,,GBR,London Otters (LORC),7:47.6,Yes,F,467.6,116.9,219.0909865017298
330,Nevaeh Rhodes,17,,USA,,7:47.6,Yes,F,467.6,116.9,219.0909865017298
334,Devon Lafferty,53,"Austin, TX",USA,Texas Rowing Center,7:47.7,Yes,F,467.7,116.925,218.95048352193598
335,hazel fullman,49,Bristol,GBR,City of Bristol Rowing Club,7:47.8,Yes,F,467.8,116.95,218.81010065581984
335,Linda Kærgaard Nielsen,44,Horsens,DEN,Horsens Roklub,7:47.8,Yes,F,467.8,116.95,218.81010065581984
335,Jane Baker,16,,USA,,7:47.8,No,F,467.8,116.95,218.81010065581984
338,Jodie Caldwell,45,,GBR,Trentham Boat Club,7:47.9,Race,F,467.9,116.975,218.66983777505476
338,Cora Firth,32,,GBR,,7:47.9,Yes,F,467.9,116.975,218.66983777505476
338,Sophie MOREL,54,RC PORT MARLY,FRA,Rowing Club Port-Marly,7:47.9,Yes,F,467.9,116.975,218.66983777505476
338,Claudia Vicars,50,,GBR,,7:47.9,Yes,F,467.9,116.975,218.66983777505476
338,Justine Littler,55,,AUS,RowAlong,7:47.9,No,F,467.9,116.975,218.66983777505476
343,Valeria Miroshnichenko,20,,IRL,,7:48.0,Yes,F,468.0,117.0,218.52969475147862
343,Penny Rushby,38,,GBR,VENI VIDI VICI,7:48.0,Yes,F,468.0,117.0,218.52969475147862
345,Marieke Kietselaer,18,,USA,"Rochester Rowing Club, Minnesota",7:48.1,Race,F,468.1,117.025,218.3896714570937
346,Jennifer Scirocco,35,,GBR,,7:48.4,Race,F,468.4,117.1,217.97031867156588
346,Michelle Sturtridge,53,,GBR,Molesey Boat Club,7:48.4,Race,F,468.4,117.1,217.97031867156588
348,Marta Slosarska,42,,PYF,,7:48.5,Yes,F,468.5,117.125,217.83077301724325
349,Emily Barnes,21,,GBR,"Broxbourne Rowing Club, England",7:48.6,Yes,F,468.6,117.15,217.69134645457768
349,AJ Linklater,16,"Folsom, CA",USA,"Capital Crew, Sacramento",7:48.6,No,F,468.6,117.15,217.69134645457768
351,Allegra Cavallucci,14,QLD,AUS,,7:48.7,No,F,468.7,117.175,217.55203885655146
352,Caroline von Hahn,18,,USA,St. Olaf Rowing Club,7:48.9,Race,F,468.9,117.225,217.27378004715953
352,Meighan Saunders,39,"Mount Pearl, NL",CAN,,7:48.9,Yes,F,468.9,117.225,217.27378004715953
352,Gabriella Spotts,16,,USA,,7:48.9,Yes,F,468.9,117.225,217.27378004715953
352,Jenny Spott,43,,GER,,7:48.9,No,F,468.9,117.225,217.27378004715953
356,Joanna Davies,28,,GBR,"Ironbridge Rowing Club, Ironbridge, Shropshire, UK",7:49.1,Yes,F,469.1,117.275,216.99599557617316
357,Hannah Pape,30,,GBR,Peterborough City Rowing Club - Peterborough (UK),7:49.2,Yes,F,469.2,117.3,216.85728090176087
358,Ragnhild Meisfjord,52,,NOR,,7:49.3,Yes,F,469.3,117.325,216.7186844332873
359,Allegra Basanese,17,,USA,Mile High Rowing Club,7:49.4,No,F,469.4,117.35,216.58020604486768
359,Sarah Cooke,50,"Regina, SK",CAN,Regina Rowing Club,7:49.4,No,F,469.4,117.35,216.58020604486768
359,Maria Herrera-deMarrais,40,"Milwaukee, WI",USA,,7:49.4,No,F,469.4,117.35,216.58020604486768
362,Brynn Sebring,33,"Seattle, WA",USA,"Pocock Rowing, Seattle, WA",7:49.5,Yes,F,469.5,117.375,216.44184561077782
363,Megan Bagworth,39,Fremantle,AUS,UWA Boat Club,7:49.7,Race,F,469.7,117.425,216.16547810349394
363,Isabelle Trudel,21,"Atlanta, GA",USA,Georgia Tech Rowing Club,7:49.7,Race,F,469.7,117.425,216.16547810349394
365,Chiara Benini Floriani,23,,ITA,,7:49.8,Yes,F,469.8,117.45,216.02747077965387
365,michelle riesterer,58,,USA,,7:49.8,Yes,F,469.8,117.45,216.02747077965387
367,Paola Cantore,17,,ITA,R.C.C. Tevere Remo,7:49.9,Race,F,469.9,117.475,215.88958090885092
367,Sabina Gleeson,47,"North Vancouver, BC",CAN,Vancouver Rowing Club,7:49.9,No,F,469.9,117.475,215.88958090885092
369,Helen Pawlowski,40,,GBR,,7:50.0,Race,F,470.0,117.5,215.75180836616167
369,Line Aas,34,,NOR,,7:50.0,Yes,F,470.0,117.5,215.75180836616167
371,Tamara Riddell,51,,AUS,,7:50.2,Race,F,470.2,117.55,215.4766147662271
372,Laura Roche,31,NL,CAN,,7:50.4,Yes,F,470.4,117.6,215.2018889836466
372,Maggie Vencius,49,,USA,,7:50.4,Yes,F,470.4,117.6,215.2018889836466
374,Ruta Au,33,,GBR,,7:50.5,Yes,F,470.5,117.625,215.06470121324492
374,Marusia González Martínez,43,León,MEX,,7:50.5,Yes,F,470.5,117.625,215.06470121324492
374,Jemma Pender,40,,GBR,,7:50.5,Yes,F,470.5,117.625,215.06470121324492
374,Vivienne Riley,15,,USA,,7:50.5,Yes,F,470.5,117.625,215.06470121324492
378,Camilla (Millie) Griffin,14,,AUS,,7:50.6,Race,F,470.6,117.65,214.92763002475544
378,Alison Bryant,46,"Elkin, NC",USA,,7:50.6,Yes,F,470.6,117.65,214.92763002475544
380,Laetitia Bouvier Hockers,44,,FRA,FRENCH INDOOR ROWERS TEAM,7:50.7,Yes,F,470.7,117.675,214.79067529436574
381,Anna Billson,30,,GBR,,7:50.9,Yes,F,470.9,117.725,214.51711471342364
382,Bryony Jones,44,Kilgetty,GBR,Welsh Sea Rowing Association (W.S.R.A.),7:51.0,Race,F,471.0,117.75,214.380508616034
383,Julie Drake,55,Brighton,GBR,SUB-7 IRC,7:51.1,Yes,F,471.1,117.775,214.24401848306897
383,Kelly C,15,NSW,AUS,,7:51.1,No,F,471.1,117.775,214.24401848306897
385,Elodie Tassy,54,Ventabren,FRA,CERCLE NAUTIQUE DU PAYS D’AIX CNPA,7:51.2,No,F,471.2,117.8,214.10764419150257
386,Ksenia Aksenova,31,Moscow,AIN,,7:51.4,Yes,F,471.4,117.85,213.83524264124364
386,Leonora Gaspar,33,Solna,SWE,Hammarby Rodd,7:51.4,No,F,471.4,117.85,213.83524264124364
386,Helen Saunders,16,,USA,,7:51.4,No,F,471.4,117.85,213.83524264124364
389,Giorgia Christopher,49,Switzerland,SUI,,7:51.5,Yes,F,471.5,117.875,213.6992151372809
389,Kelsey Farabee,35,"Lake Oswego, OR",USA,Lake Oswego Community Rowing (LOCR),7:51.5,Yes,F,471.5,117.875,213.6992151372809
389,Siobhan O’Brien,48,"Cherry Hill, NJ",USA,Cooper Rowing Club,7:51.5,Yes,F,471.5,117.875,213.6992151372809
392,Katie Phillips,23,,GBR,,7:51.6,Yes,F,471.6,117.9,213.56330298417572
393,Abbey Deans,15,,AUS,,7:51.9,Race,F,471.9,117.975,213.1562574083281
393,Colleen Souter,51,"Botany, NSW",AUS,,7:51.9,Race,F,471.9,117.975,213.1562574083281
393,Louise Pollock,40,London,GBR,"Putney Town Rowing Club (London,UK)",7:51.9,Yes,F,471.9,117.975,213.1562574083281
396,Caia Marot,16,,USA,,7:52.0,No,F,472.0,118.0,213.02080543775168
397,Joanne Motte,49,,GBR,Worcester Rowing Club,7:52.1,Race,F,472.1,118.025,212.88546820835734
397,Anna Rosier,52,,GBR,,7:52.1,Yes,F,472.1,118.025,212.88546820835734
399,Brianie Harries,30,,GBR,,7:52.2,Race,F,472.2,118.05,212.75024559867455
399,Rebecca Nosworthy,17,,GBR,King's School Worcester,7:52.2,Race,F,472.2,118.05,212.75024559867455
401,Mary-Ann Millar,54,NSW,AUS,,7:52.3,Race,F,472.3,118.075,212.61513748738687
401,India Hamilton,15,,GBR,,7:52.3,Yes,F,472.3,118.075,212.61513748738687
401,Ellen Garven,32,,USA,Passaic River Rowing Association,7:52.3,No,F,472.3,118.075,212.61513748738687
404,Jessica Archibald,51,"Foster City, CA",USA,Sarasota County Rowing Club,7:52.5,Yes,F,472.5,118.125,212.34526427550142
404,Larae Baker,41,"Detroit, MI",USA,Detroit Boat Club,7:52.5,No,F,472.5,118.125,212.34526427550142
406,Stephanie Benjamin,56,"Princeton, NJ",USA,Carnegie Lake Rowing Association,7:52.6,Yes,F,472.6,118.15,212.21049893304018
407,Brittany Partridge,37,,USA,"ZLAC Rowing, Ltd., San Diego, CA",7:52.9,Yes,F,472.9,118.225,211.8068865116233
408,Mandy Calvert,61,,GBR,City of Sheffield Rowing Club,7:53.1,Yes,F,473.1,118.275,211.53838003207716
409,Milda Ambra,25,,GBR,,7:53.2,Race,F,473.2,118.3,211.40429697245239
410,Veera Timo,30,,FIN,,7:53.3,Yes,F,473.3,118.325,211.27032720649444
410,Aubrey W,18,,USA,The Foundry,7:53.3,Yes,F,473.3,118.325,211.27032720649444
412,Jess West,38,,GBR,,7:53.4,Race,F,473.4,118.35,211.13647061456896
412,pamela neuharth,57,"Tempe, AZ",USA,Rio Salado Rowing Club,7:53.4,Yes,F,473.4,118.35,211.13647061456896
412,Nicole Younts,47,"Austin, TX",USA,Texas Rowing Center,7:53.4,Yes,F,473.4,118.35,211.13647061456896
415,Sarah Johnson,50,"Rochester, MN",USA,Rochester Rowing Club of Minnesota,7:53.6,Race,F,473.6,118.4,210.869096475036
415,Annelise Lloyd,22,"Atlanta, GA",USA,Georgia Tech Rowing Club,7:53.6,Race,F,473.6,118.4,210.869096475036
417,Hazel Rawdon Smith,48,,GBR,Bedford Rowing Club,7:53.7,Race,F,473.7,118.425,210.7355786889169
417,Charlotte Bentrim,20,,USA,,7:53.7,Yes,F,473.7,118.425,210.7355786889169
417,Piper R,15,NJ,USA,South Jersey Rowing Club,7:53.7,Yes,F,473.7,118.425,210.7355786889169
420,Viola Maffey,16,,ITA,Cc Aniene,7:53.9,Race,F,473.9,118.475,210.46888108882635
420,Amy Milner,16,,GBR,Bradford Amateur Rowing Club,7:53.9,Race,F,473.9,118.475,210.46888108882635
422,Akosua Koranteng,34,,IRL,,7:54.0,Yes,F,474.0,118.5,210.33570103724801
422,Anna Moore,17,,GBR,,7:54.0,Yes,F,474.0,118.5,210.33570103724801
422,Rachael Allen,35,Exeter,GBR,,7:54.0,No,F,474.0,118.5,210.33570103724801
425,Jackie Johnson,49,,IRL,Guildford Rowing Club,7:54.2,Race,F,474.2,118.55,210.06967783813462
426,Manuela Chirinos,23,Valencia,VEN,,7:54.5,No,F,474.5,118.625,209.67148352539843
427,Delphine Archer,17,,GBR,Cheltenham Ladies College,7:54.6,Race,F,474.6,118.65,209.53897574533494
427,Jodie Casperson,37,QLD,AUS,Fitness Matters,7:54.6,Yes,F,474.6,118.65,209.53897574533494
427,Janet Leedham,48,Lincolnshire,GBR,Lincoln Rowing Centre,7:54.6,No,F,474.6,118.65,209.53897574533494
430,Jane Speyer,59,"Portland, OR",USA,Station L Rowing Club,7:54.7,Yes,F,474.7,118.675,209.4065795977696
430,Alicia Weber,45,"Clermont, FL",USA,,7:54.7,No,F,474.7,118.675,209.4065795977696
432,Elizabeth Young,47,Ironbridge Rowing Club,GBR,"Ironbridge Rowing Club, Ironbridge, Shropshire, UK",7:54.8,Yes,F,474.8,118.7,209.27429496516964
433,Marianne Baird,36,,GBR,,7:54.9,Yes,F,474.9,118.725,209.1421217301509
434,Georgia Casser Smythe,16,QLD,AUS,,7:55.1,Race,F,475.1,118.775,208.8781089840614
434,Tiffany Spaulding,50,"San Jose, CA",USA,Los Gatos Rowing Club,7:55.1,Yes,F,475.1,118.775,208.8781089840614
434,Shona Stewart,58,NSW,AUS,RowAlong,7:55.1,Yes,F,475.1,118.775,208.8781089840614
434,Nicola Mccullough,46,,GBR,British Army,7:55.1,No,F,475.1,118.775,208.8781089840614
438,Laura Ghioldi,38,,ITA,Cc Roma,7:55.4,Race,F,475.4,118.85,208.4829224206946
438,Lily Citta,17,,USA,,7:55.4,Yes,F,475.4,118.85,208.4829224206946
438,Heidi Heap,14,"Sydney, NSW",AUS,,7:55.4,Yes,F,475.4,118.85,208.4829224206946
438,Suzie Livingston,45,"Littleton, MA",USA,Riverside Boat Club,7:55.4,Yes,F,475.4,118.85,208.4829224206946
438,Megan Wilson,26,,GBR,,7:55.4,Yes,F,475.4,118.85,208.4829224206946
438,Amalia Richardson,19,,GBR,,7:55.4,No,F,475.4,118.85,208.4829224206946
444,Ann Marie Cody,43,"Boulder, CO",USA,,7:55.5,Race,F,475.5,118.875,208.3514151143821
444,Amabel Fernald,18,"Eliot, ME",USA,Great Bay Rowing,7:55.5,No,F,475.5,118.875,208.3514151143821
446,Laurie Gibbett,32,,GBR,,7:55.6,Yes,F,475.6,118.9,208.22001838810016
446,Patricia Ossenbach Kröschel,52,San José,CRC,,7:55.6,Yes,F,475.6,118.9,208.22001838810016
448,Hannah Hocking,44,,GBR,Fitness Matters,7:55.7,Race,F,475.7,118.925,208.08873212564467
449,Kate Benson,46,"Piedmont, CA",USA,Lake Merritt Rowing Club,7:55.9,Yes,F,475.9,118.975,207.82649052812778
449,Amy Hamilton,41,,GBR,,7:55.9,Yes,F,475.9,118.975,207.82649052812778
449,Anne Gregory,58,"San Diego, CA",USA,"ZLAC Rowing, Ltd., San Diego, CA",7:55.9,No,F,475.9,118.975,207.82649052812778
452,Ella Wilkens,16,NH,USA,,7:56.0,Yes,F,476.0,119.0,207.6955349613894
452,Sophie Williams,19,,GBR,,7:56.0,Yes,F,476.0,119.0,207.6955349613894
452,Hannah Doherty,31,,USA,Albany Rowing Center,7:56.0,No,F,476.0,119.0,207.6955349613894
455,Laney Hunley,16,"Atlanta, GA",USA,Lake Lanier Rowing Club,7:56.1,Race,F,476.1,119.025,207.56468939512303
455,Kajsa Sihlén,35,,SWE,Crossfit Nordic,7:56.1,No,F,476.1,119.025,207.56468939512303
457,Faye Faber,41,,GBR,,7:56.3,Yes,F,476.3,119.075,207.30332780225606
458,Madeline Baum,29,,USA,,7:56.4,Yes,F,476.4,119.1,207.17281154514365
458,Laurine Masfety,23,,FRA,,7:56.4,Yes,F,476.4,119.1,207.17281154514365
460,Clare Adams,39,,GBR,,7:56.6,Yes,F,476.6,119.15,206.9121075343694
460,Jackie Hamer,56,Wilmslow,GBR,SUB-7 IRC,7:56.6,Yes,F,476.6,119.15,206.9121075343694
460,Kathy Josefsen,46,,GBR,,7:56.6,Yes,F,476.6,119.15,206.9121075343694
463,Halla Hänninen,39,,FIN,,7:56.7,Yes,F,476.7,119.175,206.78191955106522
464,Heather Rhoden,39,"Chattanooga, TN",USA,Lookout Rowing Club,7:56.8,Yes,F,476.8,119.2,206.65184076296217
465,Claire Dickson,25,,GBR,Strathclyde Park RC,7:56.9,Yes,F,476.9,119.225,206.52187105559986
466,Grayson McAlpine-Sharpe,28,,AUS,,7:57.0,Yes,F,477.0,119.25,206.3920103146619
466,Madison Grover,20,,USA,,7:57.0,No,F,477.0,119.25,206.3920103146619
468,Arlene Wade,60,"Bainbridge Island, WA",USA,The Diamonds (Over Sixties Erging Group),7:57.1,No,F,477.1,119.275,206.2622584259754
469,Kelly Stark,47,,GBR,Fitness Matters,7:57.2,Yes,F,477.2,119.3,206.13261527551148
469,Kellie Egan,25,"Miners Rest, VIC",AUS,,7:57.2,No,F,477.2,119.3,206.13261527551148
469,Ali Herold,51,,SUI,,7:57.2,No,F,477.2,119.3,206.13261527551148
472,Elisabeth Bjone,55,Oslo,NOR,Christiania Roklub,7:57.4,Yes,F,477.4,119.35,205.87365473385066
472,Sophie Chalsma,28,"Brooklyn, NY",USA,HRCR - Harlem River Community Rowing in NYC,7:57.4,Yes,F,477.4,119.35,205.87365473385066
472,Katherine Erickson,35,"Southborough, MA",USA,Quinsigamond Rowing Club,7:57.4,Yes,F,477.4,119.35,205.87365473385066
475,Caroline Hester,21,,USA,,7:57.5,No,F,477.5,119.375,205.74433711531114
476,Claire Bengry,22,,USA,SUNY Maritime College,7:57.8,Yes,F,477.8,119.45,205.3570335077967
477,Karen Coombs,52,,GBR,Portland Gig Rowing Club,7:58.0,Yes,F,478.0,119.5,205.09937101150396
477,Rachel Gonzales-Vernon,38,"Oakland, CA",USA,Crufit Oakland,7:58.0,Yes,F,478.0,119.5,205.09937101150396
477,Kinga Wolf,38,,GBR,,7:58.0,Yes,F,478.0,119.5,205.09937101150396
480,Sara Dvorak,46,"Green Bay, WI",USA,La Baie Verte Rowing Club,7:58.1,Yes,F,478.1,119.525,204.97070139730673
480,Betsy Board,22,,GBR,Furnivall Sculling Club,7:58.1,No,F,478.1,119.525,204.97070139730673
480,Abbs Clayton,45,,GBR,,7:58.1,No,F,478.1,119.525,204.97070139730673
483,Sarah Lewis,41,,GBR,,7:58.2,Race,F,478.2,119.55,204.842139388888
483,Nicola Mccullough,45,,GBR,Army Indoor Rowing Team,7:58.2,Race,F,478.2,119.55,204.842139388888
483,Albane Gaubert,40,,FRA,,7:58.2,No,F,478.2,119.55,204.842139388888
483,Katie Loker,39,,GBR,,7:58.2,No,F,478.2,119.55,204.842139388888
487,Melody Hunley,45,"Atlanta, GA",USA,Lake Lanier Rowing Club,7:58.3,Race,F,478.3,119.575,204.7136848737834
487,Kate Rogers,19,,GBR,University of York,7:58.3,Race,F,478.3,119.575,204.7136848737834
487,Janelle Conners,55,"Hailey, ID",USA,,7:58.3,No,F,478.3,119.575,204.7136848737834
490,Sophie Pegnia,21,"Atlanta, GA",USA,Georgia Tech Rowing Club,7:58.5,Race,F,478.5,119.625,204.45709787436465
490,Nicola Bliss,38,,GBR,Cornish Gig Rowers IRC,7:58.5,Yes,F,478.5,119.625,204.45709787436465
490,Maria Robinson,51,"Austin, TX",USA,Rowfit,7:58.5,Yes,F,478.5,119.625,204.45709787436465
490,Claire Wincomb,50,,GBR,,7:58.5,Yes,F,478.5,119.625,204.45709787436465
490,Barbara O Callaghan,44,,IRL,,7:58.5,No,F,478.5,119.625,204.45709787436465
495,Marina Lindström,45,,FIN,,7:58.6,Race,F,478.6,119.65,204.32896516582628
495,Katherine Belisle,30,,CAN,,7:58.6,Yes,F,478.6,119.65,204.32896516582628
497,Lucrezia Tofani,14,,ITA,Cc Aniene,7:58.7,Race,F,478.7,119.675,204.20093950215335
498,Madeline Lesko,19,"Atlanta, GA",USA,Georgia Tech Rowing Club,7:58.8,Race,F,478.8,119.7,204.07302077158465
499,Elizabeth Luetmer,56,"Long Lake , MN",USA,Long Lake Rowing Crew,7:58.9,Yes,F,478.9,119.725,203.94520886249896
499,Mandy Turner,60,,GBR,,7:58.9,Yes,F,478.9,119.725,203.94520886249896
501,gwen wentworth,21,,USA,,7:59.0,Yes,F,479.0,119.75,203.81750366341493
501,Julie Goss,40,"Watertown, WI",USA,,7:59.0,No,F,479.0,119.75,203.81750366341493
503,Oceane Jeannerat,15,Fremantle,AUS,Fremantle Rowing Club,7:59.1,Race,F,479.1,119.775,203.6899050629906
503,Hsu Min Chung,50,,GBR,,7:59.1,Yes,F,479.1,119.775,203.6899050629906
503,Nina Crouchman,53,Rowhedge,GBR,,7:59.1,Yes,F,479.1,119.775,203.6899050629906
503,Nadine Hanlon,45,Totnes,GBR,Dart Totnes Rowing Club/DTARC,7:59.1,Yes,F,479.1,119.775,203.6899050629906
507,Nicki Johnson,44,,GBR,,7:59.4,Yes,F,479.4,119.85,203.307747742348
507,Lheanna Kent,40,Whitehead,GBR,mERGmaids,7:59.4,Yes,F,479.4,119.85,203.307747742348
507,Melanie Miles,47,,GBR,,7:59.4,Yes,F,479.4,119.85,203.307747742348
510,Brianne Bartolini,35,,ITA,Tirrenia Todaro,7:59.5,Race,F,479.5,119.875,203.18057442592936
510,Cleonice Renzetti,37,,ITA,Tiber Rowing,7:59.5,Race,F,479.5,119.875,203.18057442592936
510,Kristi Barrow,47,"Sydney, NSW",AUS,Be Athletic Fitness,7:59.5,Yes,F,479.5,119.875,203.18057442592936
510,Haley Jordan (was Thomson),43,,GBR,,7:59.5,Yes,F,479.5,119.875,203.18057442592936
514,Izzy Utley,20,Fremantle,AUS,UWA Boat Club,7:59.6,Race,F,479.6,119.9,203.05350715354803
515,Hannah Laundy,16,,GBR,The Grange School,7:59.7,Race,F,479.7,119.925,202.92654581469554
515,Anna Macknica,41,,USA,Pelham Community Rowing Association,7:59.7,Race,F,479.7,119.925,202.92654581469554
517,Lily Frohnhoefer,17,NY,USA,,7:59.8,No,F,479.8,119.95,202.79969029900144
518,Louise Tanner,56,,GBR,Monmouth Rowing Club,7:59.9,Race,F,479.9,119.975,202.67294049623325
518,Susan Cameron,63,"Redmond, WA",USA,Sammamish Rowing,7:59.9,Yes,F,479.9,119.975,202.67294049623325
518,Emily Warburton-Brown,37,,GBR,Brixham Gig Club,7:59.9,Yes,F,479.9,119.975,202.67294049623325
521,Marta Piccininno,27,,ITA,Circolo Canottieri Irno,8:00.0,Race,F,480.0,120.0,202.5462962962963
521,Rachael Smith,40,,GBR,,8:00.0,Yes,F,480.0,120.0,202.5462962962963
521,Carrie Harrington,49,,USA,,8:00.0,No,F,480.0,120.0,202.5462962962963
521,N S,16,VIC,AUS,,8:00.0,No,F,480.0,120.0,202.5462962962963
525,Michela Giansante,54,,ITA,Canottieri Saturnia,8:00.1,Race,F,480.1,120.025,202.41975758923337
526,Kimberly Kukler,59,"Atlanta, GA",USA,,8:00.3,Race,F,480.3,120.075,202.16699621458804
526,Carlotta Shearson,60,"Cornwall, NY",USA,Newburgh Waterways Center,8:00.3,Yes,F,480.3,120.075,202.16699621458804
528,Valeria Inoscencio,30,,USA,,8:00.4,No,F,480.4,120.1,202.04077332777732
528,Sydney Macchia,22,,USA,,8:00.4,No,F,480.4,120.1,202.04077332777732
530,Piia Autonen,46,,FIN,,8:00.6,Yes,F,480.6,120.15,201.78864260813506
531,Tina McRunnel,35,,GBR,,8:00.7,Yes,F,480.7,120.175,201.66273455689532
531,Belinda Pownall,49,,AUS,,8:00.7,Yes,F,480.7,120.175,201.66273455689532
533,Anna Clarke,47,,GBR,Bristol Ariel Rowing Club,8:00.8,Race,F,480.8,120.2,201.53693123266467
533,Suzy Hadlow,60,"Bowen Mountain, NSW",AUS,,8:00.8,Race,F,480.8,120.2,201.53693123266467
533,Rachel Jahnke,53,"Tucson, AZ",USA,,8:00.8,No,F,480.8,120.2,201.53693123266467
536,Sarah Mitchell-Darley,47,,AUS,,8:00.9,Yes,F,480.9,120.225,201.4112325265793
537,Tarita Vähä-Vahe,55,,FIN,,8:01.0,Race,F,481.0,120.25,201.28563832991114
538,Emma Casolla,14,,ITA,R.C.C. Tevere Remo,8:01.2,Race,F,481.2,120.3,201.0347630305919
539,Iannelli Micol,17,,ITA,R.C.C. Tevere Remo,8:01.3,Race,F,481.3,120.325,200.90948171116167
539,Natalie Firth,28,,GBR,Stirling Rowing Club,8:01.3,No,F,481.3,120.325,200.90948171116167
541,Tessa Francalanci,41,,ITA,Audax Asd,8:01.5,Race,F,481.5,120.375,200.65923119182534
542,F A,40,,USA,Rowfit,8:01.7,Yes,F,481.7,120.425,200.40939611217922
542,Melissa Lounsbury,28,,USA,,8:01.7,Yes,F,481.7,120.425,200.40939611217922
544,Katy Pyatt,34,,GBR,Be Performance,8:01.9,Yes,F,481.9,120.475,200.15997561049412
545,Dawn Hindle,49,,GBR,SUB-7 IRC,8:02.0,No,F,482.0,120.5,200.03542055768304
545,Claire Lewis,43,,GBR,,8:02.0,No,F,482.0,120.5,200.03542055768304
547,Glenda Chapman,57,"East Albury, NSW",AUS,,8:02.3,Race,F,482.3,120.575,199.66237490480455
547,Irene Woodward,44,,USA,"Rochester Rowing Club, Minnesota",8:02.3,Race,F,482.3,120.575,199.66237490480455
547,Katja Borck,53,Marstal,DEN,Roklubben Oven Vande,8:02.3,Yes,F,482.3,120.575,199.66237490480455
550,Jessica Stewart,23,,GBR,RAF Rowing,8:02.4,Race,F,482.4,120.6,199.5382324990934
551,Rachel Silvester,17,,GBR,Gloucester Rowing Club,8:02.5,Race,F,482.5,120.625,199.41419298803726
552,Annika Bartucz,17,,USA,"Rochester Rowing Club, Minnesota",8:02.6,Race,F,482.6,120.65,199.29025626505364
552,Laura Rees,42,,GBR,,8:02.6,Race,F,482.6,120.65,199.29025626505364
554,Piia Autonen-Laakso,46,,FIN,,8:02.7,Race,F,482.7,120.675,199.16642222369282
554,Malin Faraasen,55,Karlskrona,SWE,SUB-7 IRC,8:02.7,Yes,F,482.7,120.675,199.16642222369282
554,Rachel Jones,30,,GBR,,8:02.7,Yes,F,482.7,120.675,199.16642222369282
557,Evie Kendrew,21,,GBR,University of Birmingham Boat Club,8:02.9,Race,F,482.9,120.725,198.9190617607003
557,Mafalda Kong-Dumas,46,Rouen,FRA,Club Nautique de Belbeuf,8:02.9,Yes,F,482.9,120.725,198.9190617607003
559,Sonja Piecha,43,,GER,Treptower Rudergemeinschaft e.V.,8:03.2,No,F,483.2,120.8,198.5487885247278
560,Clare Hudson,50,,GBR,Warrior Wellness Movement,8:03.5,Race,F,483.5,120.875,198.1794337007863
560,Sarah Saccaggi,27,"Atlanta, GA",USA,Allatoona Rowing Association,8:03.5,Race,F,483.5,120.875,198.1794337007863
560,Kathleen Wilson,46,,GBR,,8:03.5,Race,F,483.5,120.875,198.1794337007863
563,Lisa Milner,49,,AUS,Forum Flyers,8:03.8,Yes,F,483.8,120.95,197.81099444314657
564,Beverly Briggs,44,"Gibbons, AB",CAN,,8:03.9,Yes,F,483.9,120.975,197.6883843261144
565,Rae Gallagher,53,NSW,AUS,,8:04.1,Race,F,484.1,121.025,197.44346791665401
566,Zoey Borkowski,19,"Humacao, PR",USA,,8:04.2,No,F,484.2,121.05,197.32116141512435
567,Jeiska Herrera,32,,VEN,,8:04.4,Yes,F,484.4,121.1,197.07685129668272
567,Amy Weston,48,,USA,Green Lake Adult Crew,8:04.4,No,F,484.4,121.1,197.07685129668272
569,Julia Balch,23,,USA,,8:04.5,Yes,F,484.5,121.125,196.95484747144528
569,Catharina Malmfors,48,,SWE,,8:04.5,Yes,F,484.5,121.125,196.95484747144528
571,Ryan Dillon,22,MA,USA,Worcester Polytechnic Institute,8:04.6,Yes,F,484.6,121.15,196.83294433019447
572,Angela Anduelo,41,Buenos Aires,ARG,,8:04.8,Yes,F,484.8,121.2,196.5894396844187
572,Penelope Smith,49,BC,CAN,Ridley College,8:04.8,No,F,484.8,121.2,196.5894396844187
574,Amanda Rawdon Smith,63,,GBR,"Hybrid Performance Training, Peterborough",8:04.9,Race,F,484.9,121.225,196.46783797259747
574,Bibianna Cha,48,,USA,Green Lake Adult Crew,8:04.9,Yes,F,484.9,121.225,196.46783797259747
574,Kerrie Golden,57,"Lake Ridge, VA",USA,Prince William Rowing Club,8:04.9,Yes,F,484.9,121.225,196.46783797259747
577,Mirjam Mõttus,24,,EST,,8:05.0,Yes,F,485.0,121.25,196.34633653017016
577,Jacqui Ryan,43,,NZL,,8:05.0,No,F,485.0,121.25,196.34633653017016
579,Anne Jefferson,22,"Bowling Green, KY",USA,Sewanee: The University of the South,8:05.1,Yes,F,485.1,121.275,196.2249352538089
581,Kerry Manning,50,,GBR,,8:05.3,Yes,F,485.3,121.325,195.98243278661155
582,Linda Mentz,19,"Atlanta, GA",USA,Georgia Tech Rowing Club,8:05.4,Race,F,485.4,121.35,195.86133138975768
583,Hanna Neugebauer,44,Espoo,FIN,Fitness Matters,8:05.5,Yes,F,485.5,121.375,195.74032974693392
583,Melanie Newman,32,ON,CAN,Team Canada,8:05.5,Yes,F,485.5,121.375,195.74032974693392
583,Priscila Wiggers,44,Florianópolis,BRA,Clube Náutico Riachuelo,8:05.5,Yes,F,485.5,121.375,195.74032974693392
586,Jodie Gibson,51,"Mildura, VIC",AUS,,8:05.6,Race,F,485.6,121.4,195.61942775544927
586,Susannah Pryal,54,"Sammamish, WA",USA,Sammamish Rowing,8:05.6,Yes,F,485.6,121.4,195.61942775544927
586,Amanda Spencer,54,"Toronto, ON",CAN,Team Canada,8:05.6,Yes,F,485.6,121.4,195.61942775544927
589,Louise Crawford,46,,GBR,,8:05.7,Race,F,485.7,121.425,195.4986253127397
589,Deborah Grauer,56,WA,USA,Sammamish Rowing,8:05.7,Yes,F,485.7,121.425,195.4986253127397
589,Kate Ufford,40,"Sugar Cookies, OR",USA,,8:05.7,Yes,F,485.7,121.425,195.4986253127397
592,Fiona Jamie,65,Brighton,GBR,The Diamonds (Over Sixties Erging Group),8:05.8,Race,F,485.8,121.45,195.3779223163675
592,Tijana Ristovic,41,Szarvas,HUN,,8:05.8,Yes,F,485.8,121.45,195.3779223163675
594,leanne Robinson,45,"young, NSW",AUS,,8:06.0,No,F,486.0,121.5,195.1368142535177
594,sarah spagnola young,51,,USA,Nereid Boat Club,8:06.0,No,F,486.0,121.5,195.1368142535177
596,Eleisha Keogh,55,VIC,AUS,,8:06.2,Race,F,486.2,121.55,194.89610274992592
597,Martha Colclough,17,,GBR,RGS Worcester,8:06.3,Race,F,486.3,121.575,194.77589545309837
597,Julia Bellardo,19,,GBR,,8:06.3,Yes,F,486.3,121.575,194.77589545309837
599,Reetta Solala,48,,FIN,Takon soutajat,8:06.5,Race,F,486.5,121.625,194.53577726097288
600,Sari Susanna Okkolin,50,,FIN,,8:06.7,Race,F,486.7,121.675,194.2960535944721
600,Robbin de Bont,32,Breda,NED,,8:06.7,Yes,F,486.7,121.675,194.2960535944721
600,Charlotte Dobry,33,"Baltimore, MD",USA,Baltimore Community Rowing,8:06.7,No,F,486.7,121.675,194.2960535944721
603,Sheila Findlay,64,"Edmonton, AB",CAN,Edmonton Rowing Club,8:06.9,Yes,F,486.9,121.725,194.0567236436482
604,Nia Chudley,18,,GBR,Gloucester Rowing Club,8:07.0,Race,F,487.0,121.75,193.93720605905202
604,Kate Wade,40,"Perth, WA",AUS,,8:07.0,No,F,487.0,121.75,193.93720605905202
606,Ella Jane Miller,22,"Atlanta, GA",USA,Berry College Viking Crew,8:07.1,Race,F,487.1,121.775,193.81778660054798
606,Hannah Dobkin,22,GA,USA,University of Georgia,8:07.1,No,F,487.1,121.775,193.81778660054798
606,Katie Dudkowski,18,,USA,Three Rivers Rowing Association,8:07.1,No,F,487.1,121.775,193.81778660054798
609,Sophie KETTERER,53,,MTQ,,8:07.6,Yes,F,487.6,121.9,193.22215767982613
609,Kristin Sanborn,56,"Summit, NJ",USA,Row New Jersey,8:07.6,Yes,F,487.6,121.9,193.22215767982613
609,Joan St. Marie,60,WA,USA,Sammamish Rowing,8:07.6,Yes,F,487.6,121.9,193.22215767982613
612,Katrina Lee,38,"Highfields, QLD",AUS,,8:07.7,Race,F,487.7,121.925,193.10332486785535
612,Alyssum Rowett,58,,GBR,Trent Rowing Club,8:07.7,Race,F,487.7,121.925,193.10332486785535
612,Kerry Widdowson -Lewis,25,,GBR,Marlow Rowing Club,8:07.7,Race,F,487.7,121.925,193.10332486785535
612,Kat Keogh,40,,GBR,Bridport Gig Rowing Club,8:07.7,Yes,F,487.7,121.925,193.10332486785535
616,Eimear Slee,16,,GBR,Warrington Rowing Club,8:07.9,Race,F,487.9,121.975,192.86595141580827
616,Grace Fitzgerald,15,"McLean, VA",USA,,8:07.9,No,F,487.9,121.975,192.86595141580827
618,Julia Paparrodopoulos,49,,ITA,Cc Roma,8:08.0,Race,F,488.0,122.0,192.74741057621563
619,Ariana Steele,44,RI,USA,Narragansett Boat Club,8:08.1,Yes,F,488.1,122.025,192.6289668614369
620,Amelia Venables,18,,GBR,King's School Worcester,8:08.2,Race,F,488.2,122.05,192.5106201720203
620,Sarah Lewis,41,,GBR,,8:08.2,Yes,F,488.2,122.05,192.5106201720203
622,Kiernan Blanchard,22,,USA,,8:08.3,Race,F,488.3,122.075,192.3923704086357
622,Hannah Beaumont 50,40,,GBR,36 Engineer Regiment And The Queens Gurkha Engineers,8:08.3,Yes,F,488.3,122.075,192.3923704086357
624,Sydney Doucet,29,,CAN,,8:08.4,Yes,F,488.4,122.1,192.27421747207558
625,Laura Bertucci,14,,ITA,R.C.C. Tevere Remo,8:08.5,Race,F,488.5,122.125,192.1561612632538
625,Serena Ricci,16,,ITA,R.C.C. Tevere Remo,8:08.5,Race,F,488.5,122.125,192.1561612632538
625,Flory Fernandez,23,,VEN,,8:08.5,Yes,F,488.5,122.125,192.1561612632538
628,Emma Lowe,33,,GBR,,8:08.6,Race,F,488.6,122.15,192.03820168320604
628,Abbie Rainbow Blake,16,,IRL,,8:08.6,Yes,F,488.6,122.15,192.03820168320604
630,Margaret Greenhall,56,England,GBR,SUB-7 IRC,8:08.7,No,F,488.7,122.175,191.9203386330896
631,Melinda Boyd,47,,USA,,8:08.8,Yes,F,488.8,122.2,191.80257201418272
632,Sophie Andersen,20,"Atlanta, GA",USA,Georgia Tech Rowing Club,8:08.9,Race,F,488.9,122.225,191.6849017278851
632,Margaretha Bruinsma-Wansink,52,NSW,AUS,Corowa Rowing Club,8:08.9,Yes,F,488.9,122.225,191.6849017278851
632,Cecilia Martyna,20,,USA,,8:08.9,Yes,F,488.9,122.225,191.6849017278851
635,Nicky Zaiger,52,,GBR,Weymouth Rowing Club,8:09.0,Race,F,489.0,122.25,191.5673276757173
635,Racheal Blake,47,,AUS,,8:09.0,Yes,F,489.0,122.25,191.5673276757173
635,Annika Arlett,16,,NZL,,8:09.0,No,F,489.0,122.25,191.5673276757173
638,Laura Magrath,54,"North Vancouver , BC",CAN,Deep Cove Rowing Club,8:09.1,No,F,489.1,122.275,191.44984975932053
639,Jerolynn Cochrane,66,Ontario,CAN,The Diamonds (Over Sixties Erging Group),8:09.3,Yes,F,489.3,122.325,191.21518194100864
639,Rebecca Powell,58,,GBR,Peterborough City Rowing Club - Peterborough (UK),8:09.3,Yes,F,489.3,122.325,191.21518194100864
641,Anna Dennissiouk,21,"Atlanta, GA",USA,Georgia Tech Rowing Club,8:09.4,Race,F,489.4,122.35,191.0979918429785
641,Lisa Nelson,38,,USA,,8:09.4,Yes,F,489.4,122.35,191.0979918429785
643,Lottie Richardson,17,,GBR,RGS Worcester,8:09.5,Race,F,489.5,122.375,190.9808974884892
644,Kimberlee Brown,36,,USA,Rowfit,8:09.7,Yes,F,489.7,122.425,190.74699561922338
644,Fatima Chavez,25,"Washington, DC",USA,Virginia Commonwealth University,8:09.7,No,F,489.7,122.425,190.74699561922338
646,Francesca De Tiberiis,55,,ITA,Cc Roma,8:09.8,Race,F,489.8,122.45,190.6301879092912
647,Helen Smith,63,,GBR,Milton Keynes Rowing Club,8:09.9,Race,F,489.9,122.475,190.5134755525884
648,Sarah Luehrs,40,"Chesapeake, VA",USA,,8:10.0,No,F,490.0,122.5,190.39685845183556
649,Berenice Castro,42,,MEX,,8:10.1,Yes,F,490.1,122.525,190.28033650987226
650,Kathrin .,24,Bonn,GER,Universität Bonn,8:10.2,Yes,F,490.2,122.55,190.16390962965735
650,Jo Daley,51,,GBR,,8:10.2,Yes,F,490.2,122.55,190.16390962965735
650,Raina Sunshine,50,TX,USA,,8:10.2,Yes,F,490.2,122.55,190.16390962965735
653,Monica Alessandra Tonetti,53,,ITA,Cc 3Ponti,8:10.5,Race,F,490.5,122.625,189.81519839086792
653,Ysaura Betancourt,45,Valencia,VEN,,8:10.5,Yes,F,490.5,122.625,189.81519839086792
655,Helen Honecker,19,"Atlanta, GA",USA,Georgia Tech Rowing Club,8:10.6,Race,F,490.6,122.65,189.69915078960406
655,Amy Thompson,32,,GBR,British Army,8:10.6,Yes,F,490.6,122.65,189.69915078960406
655,Jessica Kilfoy,34,NL,CAN,,8:10.6,No,F,490.6,122.65,189.69915078960406
658,Fiona Regan,57,"Brisbane, QLD",AUS,,8:10.8,Yes,F,490.8,122.7,189.46733922570152
659,Anna McColl,19,"Atlanta, GA",USA,Berry College Viking Crew,8:11.0,Race,F,491.0,122.75,189.23590520501043
659,Morgana Assia Pace,18,,ITA,Cc Aniene,8:11.0,Race,F,491.0,122.75,189.23590520501043
661,Gaby Gonzalez,56,"Redmond, WA",USA,Sammamish Rowing,8:11.1,Yes,F,491.1,122.775,189.12032953320175
661,Melanie Lethbridge,45,"Shelburne, ON",CAN,RowAlong,8:11.1,Yes,F,491.1,122.775,189.12032953320175
663,Rhiannon Lewis,42,"Providence, RI",USA,Narragansett Boat Club,8:11.2,Yes,F,491.2,122.8,189.00484795922978
664,Nanna Schiller Jóannisdóttir,16,,NOR,KÍF-Kappróður,8:11.3,Race,F,491.3,122.825,188.8894603873497
664,Alexa Jakob,23,,USA,Gentle Giant Rowing Club,8:11.3,No,F,491.3,122.825,188.8894603873497
664,Maija Virta,60,,FIN,,8:11.3,No,F,491.3,122.825,188.8894603873497
667,Sarah Jeal,48,,GBR,,8:11.5,Yes,F,491.5,122.875,188.65896686747115
667,Christine Hopkins,62,,USA,,8:11.5,No,F,491.5,122.875,188.65896686747115
667,Sharon Wienbar,62,"Hillsborough, CA",USA,Bair Island Aquatic Center (BIAC),8:11.5,No,F,491.5,122.875,188.65896686747115
670,Jessica Bamford,19,,USA,,8:11.6,Yes,F,491.6,122.9,188.54386072856707
670,Nancy Fortunato,42,,CAN,,8:11.6,Yes,F,491.6,122.9,188.54386072856707
670,Sophia Thyer,17,,USA,,8:11.6,Yes,F,491.6,122.9,188.54386072856707
673,Rachel Burdett,47,"Logan Village, QLD",AUS,,8:11.7,Race,F,491.7,122.925,188.42884820994368
673,Kristin Beebe,38,,USA,,8:11.7,No,F,491.7,122.925,188.42884820994368
675,M Silvia Mena Herrera,35,,ESP,,8:11.9,Yes,F,491.9,122.975,188.19910365300677
675,Kendal Swinski,53,"Seattle, WA",USA,Lake Washington Rowing Club,8:11.9,Yes,F,491.9,122.975,188.19910365300677
677,Elyse LeQuire,16,,USA,"Rochester Rowing Club, Minnesota",8:12.0,Race,F,492.0,123.0,188.0843714247176
677,Jennifer Fruehwirth,50,,USA,,8:12.0,Yes,F,492.0,123.0,188.0843714247176
677,Carol Pelmas,66,OR,USA,Station L Rowing Club,8:12.0,Yes,F,492.0,123.0,188.0843714247176
677,Kate Flynn,18,,USA,,8:12.0,No,F,492.0,123.0,188.0843714247176
677,Linnéa Lindberg,30,,SWE,,8:12.0,No,F,492.0,123.0,188.0843714247176
682,Yichen Su,18,"Atlanta, GA",USA,Georgia Tech Rowing Club,8:12.1,Race,F,492.1,123.025,187.96973243675697
682,Dianna Maher,60,"Sydney , NSW",AUS,,8:12.1,Yes,F,492.1,123.025,187.96973243675697
682,Jess Petersen,44,,USA,,8:12.1,Yes,F,492.1,123.025,187.96973243675697
682,Nancy Van den Brande,51,,BEL,,8:12.1,Yes,F,492.1,123.025,187.96973243675697
686,Isla Beattie-Wharton,41,,GBR,215 MMR,8:12.3,Race,F,492.3,123.075,187.7407338031423
687,Florentina Archer,16,,GBR,Cheltenham Ladies College,8:12.5,Race,F,492.5,123.125,187.5121069959569
687,Sarah Stridgen,44,Prestatyn,GBR,,8:12.5,Yes,F,492.5,123.125,187.5121069959569
687,Kathryn Zuj,42,ON,CAN,,8:12.5,Yes,F,492.5,123.125,187.5121069959569
687,Betine Bjørdal,26,,NOR,,8:12.5,No,F,492.5,123.125,187.5121069959569
691,Mary Nishio,66,"Toronto, ON",CAN,Hanlan Boat Club,8:12.6,Yes,F,492.6,123.15,187.39793279146437
691,Elizabeth Olivares,47,,USA,,8:12.6,Yes,F,492.6,123.15,187.39793279146437
693,Taylor Cresswell,27,QLD,AUS,Australian Army,8:12.9,Race,F,492.9,123.225,187.0559658452509
694,Marta Di Bartolo,14,,ITA,Cc Aniene,8:13.0,Race,F,493.0,123.25,186.9421617726196
694,FNU Harpreet kaur,34,,IND,,8:13.0,Race,F,493.0,123.25,186.9421617726196
694,Cathy Watson,59,"Vancouver, BC",CAN,,8:13.0,No,F,493.0,123.25,186.9421617726196
697,Anastasia La Rosa,14,,ITA,R.C.C. Tevere Remo,8:13.1,Race,F,493.1,123.275,186.82844999850306
698,Valeria Barchesi,15,,ITA,Cc Aniene,8:13.2,Race,F,493.2,123.3,186.71483042934932
699,Camilla Appolloni,28,,ITA,University of Mata Rowing Club,8:13.3,Race,F,493.3,123.325,186.6013029717198
699,Jennifer Braico,52,"Madison, WI",USA,,8:13.3,Yes,F,493.3,123.325,186.6013029717198
699,Sherry Wong,32,,USA,Long Beach Rowing Association,8:13.3,No,F,493.3,123.325,186.6013029717198
702,Christine Dimech,48,,GBR,,8:13.4,Race,F,493.4,123.35,186.48786753228995
702,Natalie Dunn,52,,GBR,,8:13.4,Race,F,493.4,123.35,186.48786753228995
702,Hui Yang Manley,34,,GBR,,8:13.4,Race,F,493.4,123.35,186.48786753228995
702,Carolyn Ford,57,"London, ON",CAN,U.S. Army Veterans,8:13.4,Yes,F,493.4,123.35,186.48786753228995
706,Lori Mckay,50,,CAN,,8:13.6,Yes,F,493.6,123.4,186.2612723352969
706,Ruth Saunders,62,"Arlington, VA",USA,Alexandria Community Rowing,8:13.6,No,F,493.6,123.4,186.2612723352969
708,Rhonda Bostick,67,"Knoxville, TN",USA,The Diamonds (Over Sixties Erging Group),8:13.7,Yes,F,493.7,123.425,186.148112391651
708,Melina Schmidt,26,,GBR,,8:13.7,Yes,F,493.7,123.425,186.148112391651
708,missy elliott,54,"Chattanooga , TN",USA,Lookout Rowing Club,8:13.7,No,F,493.7,123.425,186.148112391651
712,Amalia Sangiovanni-Vincentelli,16,,GBR,Rob Roys,8:13.9,Race,F,493.9,123.475,185.92206734970023
712,Rachel Newell,47,Cambridge,GBR,City of Cambridge Rowing Club,8:13.9,Yes,F,493.9,123.475,185.92206734970023
712,Victoria Brain,21,Oxford,GBR,University of York,8:13.9,No,F,493.9,123.475,185.92206734970023
715,Natalie Younger,36,,CAN,,8:14.1,Yes,F,494.1,123.525,185.696388150373
716,Manon Brunelle,27,,FRA,,8:14.2,Yes,F,494.2,123.55,185.58368551042847
717,Julia Buckley,47,Dorset,GBR,,8:14.3,Yes,F,494.3,123.575,185.47107405384634
717,julie longmire,49,"Pleasanton, CA",USA,Row House Pleasanton CA,8:14.3,Yes,F,494.3,123.575,185.47107405384634
717,Olivia Osler,16,,RSA,,8:14.3,Yes,F,494.3,123.575,185.47107405384634
720,Vanessa Morest,55,"Weston, CT",USA,Saugatuck Rowing Club,8:14.4,Yes,F,494.4,123.6,185.35855368842934
721,Christina Brandstrup,34,,DEN,,8:14.5,Yes,F,494.5,123.625,185.24612432209156
721,Poppy Brenton,17,Gloucester,GBR,,8:14.5,Yes,F,494.5,123.625,185.24612432209156
721,Alex Kittnar,18,,USA,,8:14.5,Yes,F,494.5,123.625,185.24612432209156
721,Kathleen Pons Haines,52,"Arlington, VA",USA,,8:14.5,Yes,F,494.5,123.625,185.24612432209156
725,Lillian Sharp,20,"Atlanta, GA",USA,Georgia Tech Rowing Club,8:14.6,Race,F,494.6,123.65,185.1337858628591
725,Pauline Rossi Vives,42,,FRA,CERCLE NAUTIQUE DU PAYS D’AIX CNPA,8:14.6,No,F,494.6,123.65,185.1337858628591
727,Naomi Fuller,22,"Atlanta, GA",USA,Georgia Tech Rowing Club,8:14.7,Race,F,494.7,123.675,185.0215382188696
727,Rebecca Hewitt,39,,GBR,,8:14.7,Yes,F,494.7,123.675,185.0215382188696
727,Karen Tollefson,56,"Kirkland, WA",USA,Sammamish Rowing,8:14.7,Yes,F,494.7,123.675,185.0215382188696
730,Rachel Showalter,37,MI,USA,University of Virginia,8:15.0,Yes,F,495.0,123.75,184.6853392614029
730,Leonie Waldron,42,NSW,AUS,,8:15.0,No,F,495.0,123.75,184.6853392614029
732,Marie Page,52,North Lincolnshire,GBR,Red Line Rowers,8:15.2,Yes,F,495.2,123.8,184.46165902016523
733,Jen Smith,46,"Duluth, MN",USA,,8:15.4,Yes,F,495.4,123.85,184.2383398446432
733,腊妹子 洁,37,宜宾,CHN,亦可赛艇,8:15.4,Yes,F,495.4,123.85,184.2383398446432
735,Mary Hardesty,21,"Atlanta, GA",USA,Berry College Viking Crew,8:15.5,Race,F,495.5,123.875,184.12681542887896
735,Rachael Young,52,,GBR,,8:15.5,Race,F,495.5,123.875,184.12681542887896
735,Christina Bednarczyk,38,,USA,Street Parking,8:15.5,Yes,F,495.5,123.875,184.12681542887896
738,Ally Doumany,34,,AUS,,8:15.6,Yes,F,495.6,123.9,184.01538100658814
738,Maryna Gamache,20,QC,CAN,,8:15.6,Yes,F,495.6,123.9,184.01538100658814
740,Peggy Rollens,59,"Boise, ID",USA,The Diamonds (Over Sixties Erging Group),8:15.7,Yes,F,495.7,123.925,183.9040364870151
740,Mary Wholey,46,,USA,,8:15.7,Yes,F,495.7,123.925,183.9040364870151
742,Sarah Powell,55,,GBR,Barnes Bridge Ladies Rowing Club,8:15.8,Yes,F,495.8,123.95,183.79278177951358
742,Abbey Freeborn,28,,GBR,,8:15.8,No,F,495.8,123.95,183.79278177951358
744,Sharon Doerre,57,"Austin, TX",USA,Texas Rowing Center,8:15.9,Yes,F,495.9,123.975,183.6816167935474
745,Michelle Langrehr,51,,USA,,8:16.0,No,F,496.0,124.0,183.57054143868953
746,Nicole Muller,52,"Holyoke, MA",USA,,8:16.1,Yes,F,496.1,124.025,183.45955562462254
747,Rebecca Goldfinger-Fein,37,,USA,,8:16.2,Yes,F,496.2,124.05,183.34865926113827
747,Kate Crewdson,39,,AUS,,8:16.2,No,F,496.2,124.05,183.34865926113827
747,Jen Krajcik,38,"Hermiston , OR",USA,Tri-Cities Rowing Association,8:16.2,No,F,496.2,124.05,183.34865926113827
750,Tetyana Gyerovkina,50,,ITA,Cc Roma,8:16.3,Race,F,496.3,124.075,183.23785225813708
750,Chandler Parker,19,"Atlanta, GA",USA,Georgia Tech Rowing Club,8:16.3,Race,F,496.3,124.075,183.23785225813708
750,Delia Deng,32,,AUS,,8:16.3,Yes,F,496.3,124.075,183.23785225813708
753,Donna Hoffman,48,,GBR,RowAlong,8:16.5,Yes,F,496.5,124.125,183.01650597373177
754,Marion Leturcq,40,Paris,FRA,FRENCH INDOOR ROWERS TEAM,8:16.6,Yes,F,496.6,124.15,182.90596651267268
754,Katarina Lukacsy,42,"Barrington, RI",USA,Narragansett Boat Club,8:16.6,Yes,F,496.6,124.15,182.90596651267268
756,Amy Colclough,53,,GBR,Trent Rowing Club,8:16.7,Race,F,496.7,124.175,182.7955160527871
757,Kristine Telfer,40,NSW,AUS,,8:16.8,Race,F,496.8,124.2,182.68515450451835
757,Marinka Bil,37,,NED,,8:16.8,Yes,F,496.8,124.2,182.68515450451835
757,Hannah Daniel,50,,GBR,,8:16.8,Yes,F,496.8,124.2,182.68515450451835
757,J. Marin Fanjoy-Labrenz,33,,POR,,8:16.8,Yes,F,496.8,124.2,182.68515450451835
757,Antje Pöttker,47,,GER,,8:16.8,Yes,F,496.8,124.2,182.68515450451835
762,Somer Rother,37,,USA,Havoc City Fitness,8:16.9,Yes,F,496.9,124.225,182.57488177841836
762,Molly Savage,40,WI,USA,Marquette University,8:16.9,No,F,496.9,124.225,182.57488177841836
764,Maria Wilms,62,Sankt Augustin,GER,Team Ruderathlet,8:17.0,No,F,497.0,124.25,182.46469778514657
765,Carol Motley,47,"Highlands Ranch, CO",USA,Golden Ores,8:17.1,No,F,497.1,124.275,182.35460243547055
766,Monna Donnelly,57,NSW,AUS,,8:17.2,Yes,F,497.2,124.3,182.24459564026554
766,Stephanie O'Donnell,63,"Bradenton, FL",USA,RowAlong,8:17.2,Yes,F,497.2,124.3,182.24459564026554
768,Priscilla Sager,44,"Austin, TX",USA,,8:17.3,Yes,F,497.3,124.325,182.134677310514
769,Rachel Charlesworth,48,,GBR,,8:17.4,Race,F,497.4,124.35,182.02484735730613
769,Hayley Satalin,19,"Atlanta, GA",USA,Georgia Tech Rowing Club,8:17.4,Race,F,497.4,124.35,182.02484735730613
769,Teresa Ashley,55,,USA,T2 CrossFit/Fitness,8:17.4,Yes,F,497.4,124.35,182.02484735730613
772,Sharon Anne Jones,64,Fremantle,AUS,Curtin University Boat Club,8:17.5,Race,F,497.5,124.375,181.9151056918389
772,Virginia Teasdale,55,ON,CAN,,8:17.5,Yes,F,497.5,124.375,181.9151056918389
774,Janneke Grift,18,,NED,,8:17.6,Yes,F,497.6,124.4,181.8054522254167
774,Noelle Yong,33,,SGP,,8:17.6,Yes,F,497.6,124.4,181.8054522254167
776,Clare Rainbow,60,Glasgow,GBR,SUB-7 IRC,8:17.7,Yes,F,497.7,124.425,181.69588686945082
777,Cynthe Corey,46,NC,USA,mERGmaids,8:17.8,Yes,F,497.8,124.45,181.58640953545893
777,Danielle Main,34,"Vancouver, BC",CAN,Vancouver Rowing Club,8:17.8,Yes,F,497.8,124.45,181.58640953545893
777,TT 陶,47,,CHN,,8:17.8,Yes,F,497.8,124.45,181.58640953545893
780,梓瑜 周,21,,TPE,,8:17.9,Yes,F,497.9,124.475,181.47702013506577
781,Kathleen Newiss,59,,GBR,Hull Kingston Rowing Club,8:18.0,Yes,F,498.0,124.5,181.36771858000216
781,Jen Wallingford,48,"Hudson, MA",USA,Quinsigamond Rowing Club,8:18.0,Yes,F,498.0,124.5,181.36771858000216
781,Katie Reser,44,WA,USA,,8:18.0,No,F,498.0,124.5,181.36771858000216
784,Emily Robertson,22,,GBR,Trafford Rowing Club,8:18.1,Race,F,498.1,124.525,181.25850478210546
784,Assia Sabina Lul Rosati,60,,ITA,Cc Roma,8:18.1,Race,F,498.1,124.525,181.25850478210546
786,Elsie Watters,16,,GBR,Guildford High School,8:18.2,Race,F,498.2,124.55,181.14937865331922
787,Anna Hopkins,20,,GBR,,8:18.3,Yes,F,498.3,124.575,181.04034010569268
788,Dana Jeřábková,43,,CZE,,8:18.4,Yes,F,498.4,124.6,180.93138905138142
788,Ina Karpenka,44,,GER,,8:18.4,Yes,F,498.4,124.6,180.93138905138142
790,Koriann Cox,38,"Seattle, WA",USA,Lake Union Crew,8:18.5,Yes,F,498.5,124.625,180.82252540264614
791,Päivi Törmä,67,Riihimäki,FIN,Team Diamonds,8:18.6,Race,F,498.6,124.65,180.71374907185358
792,Anne Marie Schulz,65,Port Marly,FRA,Rowing Club Port-Marly,8:18.7,No,F,498.7,124.675,180.60505997147584
793,Chiara Nicolosi,29,,ITA,Trevignano Rowing,8:18.9,Race,F,498.9,124.725,180.38794311237857
793,Natasha Robinson,25,,GBR,,8:18.9,Race,F,498.9,124.725,180.38794311237857
793,Christel Kanli,52,,NOR,,8:18.9,Yes,F,498.9,124.725,180.38794311237857
796,Laura Jeffrey,43,,GBR,Rowfit,8:19.0,Yes,F,499.0,124.75,180.27951517912874
796,Alison Wannell,46,Devon,GBR,,8:19.0,Yes,F,499.0,124.75,180.27951517912874
796,Eléanore Beresford,17,,GBR,,8:19.0,No,F,499.0,124.75,180.27951517912874
799,Jessica Schumann,47,Horb,GER,,8:19.1,Yes,F,499.1,124.775,180.17117412723277
799,Caity Stuart,36,,USA,,8:19.1,Yes,F,499.1,124.775,180.17117412723277
801,Brenda Madden,62,"Richmond, VA",USA,Row House Midlothian,8:19.3,Yes,F,499.3,124.825,179.95475231959446
802,Penelope Vincent-Sweet,67,Fontaine,FRA,The Diamonds (Over Sixties Erging Group),8:19.5,Yes,F,499.5,124.875,179.73867699469176
802,Lucy Hunnicutt,16,,USA,,8:19.5,No,F,499.5,124.875,179.73867699469176
804,Phoebe Sanders,54,"Newcastle, NSW",AUS,Newcastle Rowing Club,8:19.6,Race,F,499.6,124.9,179.6307690466062
805,Katharine Cross,60,Cheltenham,GBR,Comcast Media Center,8:19.7,No,F,499.7,124.925,179.52294745942066
806,Jessica Bulgarelli,30,"Durham, NC",USA,,8:19.8,Yes,F,499.8,124.95,179.4152121467568
806,Sophie Leahy,60,"Ventura, CA",USA,,8:19.8,Yes,F,499.8,124.95,179.4152121467568
806,Nikoletta Tatar,39,,HUN,,8:19.8,Yes,F,499.8,124.95,179.4152121467568
806,Caroline Pichon,40,,FRA,Mulhouse-Aviron,8:19.8,No,F,499.8,124.95,179.4152121467568
810,Virginia Hopkins,58,RI,USA,Narragansett Boat Club,8:19.9,Yes,F,499.9,124.975,179.30756302234033
810,Grit Seehofer,40,Penzberg,GER,GERMAN Rowers and FRIENDS United,8:19.9,No,F,499.9,124.975,179.30756302234033
812,Denise Domonkos,30,,AUT,,8:20.0,No,F,500.0,125.0,179.2
813,Katie Harris,15,QLD,AUS,,8:20.6,Race,F,500.6,125.15,178.55642519698844
813,Michelle Lourenco,48,Ventura,USA,Lake Casitas Rowing Association,8:20.6,Yes,F,500.6,125.15,178.55642519698844
815,Lisa Hansen-Burns,46,"Pacific Pines, QLD",AUS,,8:20.7,Race,F,500.7,125.175,178.44946248505798
816,Evelyn Battle,15,"Atlanta, GA",USA,Allatoona Rowing Association,8:20.9,Race,F,500.9,125.225,178.2357932252026
816,Alasara (Aj) James,21,Plymouth,GBR,Royal Navy (UK),8:20.9,Yes,F,500.9,125.225,178.2357932252026
818,Rebecca Ayton,28,,GBR,,8:21.0,Yes,F,501.0,125.25,178.12908650688792
818,Rachel Defouilhoux,18,,FRA,,8:21.0,Yes,F,501.0,125.25,178.12908650688792
818,Claire Lehnen,40,VA,USA,,8:21.0,Yes,F,501.0,125.25,178.12908650688792
818,Elisabeth McMullin,40,CA,USA,,8:21.0,Yes,F,501.0,125.25,178.12908650688792
818,Cherry Lee,41,,GBR,,8:21.0,No,F,501.0,125.25,178.12908650688792
818,Jessica Scott,15,,GBR,,8:21.0,No,F,501.0,125.25,178.12908650688792
824,Laetitia Jeannerat,15,Fremantle,AUS,Fremantle Rowing Club,8:21.2,Race,F,501.2,125.3,177.91592846827473
824,Mila Kosanovic-Cruise,16,"Downers Grove, IL",USA,Indiana Rowing,8:21.2,Yes,F,501.2,125.3,177.91592846827473
826,Maria Cochran (S),58,"Melbourne Beach, FL",USA,,8:21.3,Yes,F,501.3,125.325,177.8094769781976
826,Bernadette MCCONNACHIE,41,,AUS,,8:21.3,No,F,501.3,125.325,177.8094769781976
828,Chandler Borrosh-Mohr,32,,USA,,8:21.4,Yes,F,501.4,125.35,177.7031103945903
829,Mélanie Degrez • FARE HOE,45,,PYF,FARE HOE I PIRAE,8:21.5,Yes,F,501.5,125.375,177.59682863281722
829,Elena Grechkina,43,,AIN,,8:21.5,Yes,F,501.5,125.375,177.59682863281722
829,Caroline Heard,47,Chester,GBR,"Grosvenor Rowing Club, Chester, UK",8:21.5,Yes,F,501.5,125.375,177.59682863281722
829,Nicole Karr,48,Benton,USA,,8:21.5,Yes,F,501.5,125.375,177.59682863281722
833,Caitlin Kelley,34,"Gahanna, OH",USA,Westerville Rowing Club,8:21.6,Yes,F,501.6,125.4,177.49063160834382
833,Isa Galiana,52,"Saint Lambert, QC",CAN,,8:21.6,No,F,501.6,125.4,177.49063160834382
835,Kristen Fischer,39,"Pittsburgh, PA",USA,mERGmaids,8:21.8,Yes,F,501.8,125.45,177.27849143366416
836,Elisa Huget,19,,USA,,8:22.0,Yes,F,502.0,125.5,177.0666891962949
837,Kirstin Merz,54,Homberg (Ohm),GER,,8:22.2,Yes,F,502.2,125.55,176.8552242235903
837,Helen Pearce,60,Truro,GBR,,8:22.2,Yes,F,502.2,125.55,176.8552242235903
839,Emanuela Di Fazio,48,,ITA,Roman Sport City,8:22.7,Race,F,502.7,125.675,176.32803292497766
839,Maggie Mayer,17,,USA,Elizabeth City Rowing Club,8:22.7,No,F,502.7,125.675,176.32803292497766
841,Kathy Welsh,56,,USA,,8:22.9,Yes,F,502.9,125.725,176.11774310465967
842,Anna Clara Salvatore,62,,ITA,Cc 3Ponti,8:23.0,Race,F,503.0,125.75,176.01272358261764
843,Angela Giannopoulou,58,,GRE,The Diamonds (Over Sixties Erging Group),8:23.2,Yes,F,503.2,125.8,175.8029348996026
843,Kim Goreham,39,NS,CAN,,8:23.2,Yes,F,503.2,125.8,175.8029348996026
845,Adele Reynolds,39,,GBR,PGRC (Poole Gig Rowing Club),8:23.3,Yes,F,503.3,125.825,175.69816557286052
846,Maria Spencer,25,,GBR,,8:23.4,Yes,F,503.4,125.85,175.59347947894724
847,Marissa Stancil,30,WA,USA,US Navy Hospital Corpsmen,8:23.7,Yes,F,503.7,125.925,175.27991976829406
848,Danni Bertolone,33,,GBR,Locker 27,8:23.8,Race,F,503.8,125.95,175.1755657803015
848,Carina Jensen,41,Skjærhalden,NOR,Norwegian Police,8:23.8,Yes,F,503.8,125.95,175.1755657803015
850,Bridget Mate,18,"Atlanta, GA",USA,Row Georgia,8:23.9,Race,F,503.9,125.975,175.0712946129316
851,Elisa Hesse,46,,GBR,,8:24.0,Yes,F,504.0,126.0,174.9671061840374
851,Anna Wagner,35,,GER,,8:24.0,No,F,504.0,126.0,174.9671061840374
851,Michelle Watson,37,,GBR,,8:24.0,No,F,504.0,126.0,174.9671061840374
854,Margaret Fernandez,18,"Atlanta, GA",USA,St. Andrew Rowing Club,8:24.1,Race,F,504.1,126.025,174.86300041156954
854,Sonja Fuhrmann,46,,IRL,,8:24.1,No,F,504.1,126.025,174.86300041156954
856,Polina Verkhovodova,24,"Atlanta, GA",USA,Georgia Tech Rowing Club,8:24.3,Race,F,504.3,126.075,174.655036508204
856,Kate Brunette,52,,NZL,,8:24.3,Yes,F,504.3,126.075,174.655036508204
858,Yifei Yang,37,,USA,"Rochester Rowing Club, Minnesota",8:24.4,Race,F,504.4,126.1,174.55117821369535
858,欣然 李,23,,CHN,,8:24.4,Yes,F,504.4,126.1,174.55117821369535
860,Skyler Dooley,20,,USA,Worcester Polytechnic Institute,8:24.5,Yes,F,504.5,126.125,174.44740224839092
860,Emma Seddon,55,Lancaster,GBR,John O'Gaunt Rowing Club,8:24.5,Yes,F,504.5,126.125,174.44740224839092
862,Kate Bruck,42,,GBR,Seal Personal Training,8:24.7,Race,F,504.7,126.175,174.2400969792414
862,Elizabeth Breston,60,"Austin, TX",USA,Austin Rowing Club,8:24.7,Yes,F,504.7,126.175,174.2400969792414
862,Annika Soutendijk,53,Amsterdam,NED,Roeivereniging RIC,8:24.7,Yes,F,504.7,126.175,174.2400969792414
865,Costanza Battelli,55,,ITA,Cc 3Ponti,8:24.8,Race,F,504.8,126.2,174.13656751256212
865,Kathi Berens,56,"Portland , OR",USA,Station L Rowing Club,8:24.8,Yes,F,504.8,126.2,174.13656751256212
865,Malin Dufour,28,,SWE,Crossfit Nordic,8:24.8,No,F,504.8,126.2,174.13656751256212
865,Katie Maloney,47,"Surrey, BC",CAN,,8:24.8,No,F,504.8,126.2,174.13656751256212
869,Emma Didier,19,,MTQ,,8:24.9,Yes,F,504.9,126.225,174.03312004941813
870,Vanessa Furman,38,"Winchester, VA",USA,reddit /r/ rowing,8:25.0,Yes,F,505.0,126.25,173.92975450863386
870,Tassana Landy,61,"Highlands , NJ",USA,SUB-7 IRC,8:25.0,Yes,F,505.0,126.25,173.92975450863386
870,Melissa Long,35,FL,USA,,8:25.0,Yes,F,505.0,126.25,173.92975450863386
870,Nicole Neumann,53,Kingston upon Thames,GBR,Twickenham Rowing Club,8:25.0,Yes,F,505.0,126.25,173.92975450863386
870,Svetlana Onisczenko,51,"Sydney, NSW",AUS,,8:25.0,Yes,F,505.0,126.25,173.92975450863386
870,Julie Bennett,60,"Rockford, MI",USA,Grand Rapids Rowing Club,8:25.0,No,F,505.0,126.25,173.92975450863386
870,Annie Whelan,17,,USA,"Freedom Rowers, Easton, MD",8:25.0,No,F,505.0,126.25,173.92975450863386
877,Kai Cooley,44,,USA,,8:25.1,Yes,F,505.1,126.275,173.82647080913023
878,Millie Erickson,15,,USA,"Rochester Rowing Club, Minnesota",8:25.2,Race,F,505.2,126.3,173.72326886992437
878,Heidi Strickland-Clark,54,,GBR,,8:25.2,Race,F,505.2,126.3,173.72326886992437
878,Amanda Bassow,55,,USA,,8:25.2,Yes,F,505.2,126.3,173.72326886992437
878,Tammy Bronson,55,"Milwaukee, WI",USA,Milwaukee Rowing Club,8:25.2,Yes,F,505.2,126.3,173.72326886992437
882,Laura Mattevi,42,Palermo,ITA,Canottieri Telimar,8:25.3,Yes,F,505.3,126.325,173.62014861012946
882,Tracey Barrowman,59,Hoylake,GBR,The Diamonds (Over Sixties Erging Group),8:25.3,No,F,505.3,126.325,173.62014861012946
884,Lucy Schwab,15,,USA,Wabash Valley Crew,8:25.4,No,F,505.4,126.35,173.51710994895495
885,Elizabeth Phillips,39,"Alexandria, VA",USA,,8:25.5,Yes,F,505.5,126.375,173.41415280570592
885,Lucy Sutton,38,"Gosford, NSW",AUS,,8:25.5,Yes,F,505.5,126.375,173.41415280570592
887,Therese Mosti,40,,NOR,Street Parking,8:25.6,Yes,F,505.6,126.4,173.31127709978313
888,Clare Rainbow,61,,GBR,Castle Semple Rowing Club/Sub7Indoor RowingClub,8:25.7,Race,F,505.7,126.425,173.20848275068334
888,Charlotte Masters,52,,GBR,Cornish Pilot Gig Rowers,8:25.7,Yes,F,505.7,126.425,173.20848275068334
888,Carol Records,33,,USA,Rochester Institute of Technology,8:25.7,No,F,505.7,126.425,173.20848275068334
891,Pauline Demel,57,,GBR,Mercian Fitness,8:25.9,Race,F,505.9,126.475,173.00313780141593
892,Mary Hayes,65,"Atherton, CA",USA,Los Gatos Rowing Club,8:26.0,Yes,F,506.0,126.5,172.90058704071814
893,Hayden Link,20,"Atlanta, GA",USA,Georgia Tech Rowing Club,8:26.1,Race,F,506.1,126.525,172.79811731578275
894,Tonya Bowles,49,,USA,Street Parking,8:26.2,Yes,F,506.2,126.55,172.69572854658244
895,Faith Xu,21,"Atlanta, GA",USA,Georgia Tech Rowing Club,8:26.3,Race,F,506.3,126.575,172.59342065318452
896,Dagmara Dąbrowska,33,,GBR,,8:26.4,Yes,F,506.4,126.6,172.49119355575112
896,Judy Wilson,58,"Deland, FL",USA,All-American Rowing Camp,8:26.4,No,F,506.4,126.6,172.49119355575112
898,France Baril,44,ON,CAN,,8:26.5,Yes,F,506.5,126.625,172.3890471745389
898,Lisa Bishop,45,"Thunder Bay, ON",CAN,,8:26.5,Yes,F,506.5,126.625,172.3890471745389
898,Bonnie Fisher,67,"Waller, TX",USA,,8:26.5,Yes,F,506.5,126.625,172.3890471745389
898,Carolyn Keagy,42,,USA,,8:26.5,Yes,F,506.5,126.625,172.3890471745389
898,Rose McCord,64,"Austin, TX",USA,Texas Rowing Center,8:26.5,Yes,F,506.5,126.625,172.3890471745389
898,Cricket Redman,56,"Madison, WI",USA,Catalyst Rowing Fitness,8:26.5,Yes,F,506.5,126.625,172.3890471745389
904,Camilla Spirito,20,,ITA,Cc 3Ponti,8:26.6,Race,F,506.6,126.65,172.2869814298988
904,Alison Rasmussen,46,"Rohnert Park, CA",USA,North Bay Rowing Club,8:26.6,Yes,F,506.6,126.65,172.2869814298988
906,Laura Galli,53,,ITA,Trevignano Rowing,8:26.7,Race,F,506.7,126.675,172.18499624227644
907,Amanda Waddell,53,,AUS,Mako Paddle Club,8:26.9,Race,F,506.9,126.725,171.9812672203368
908,Eliane B,29,,GER,,8:27.1,Yes,F,507.1,126.775,171.7778594741638
908,Kristie Cronin,56,"Sequim, WA",USA,,8:27.1,Yes,F,507.1,126.775,171.7778594741638
908,Claudene Mars,42,,USA,CrossFit Linchpin,8:27.1,Yes,F,507.1,126.775,171.7778594741638
911,Emma Lloyd,52,,GBR,Atlantic Angels,8:27.2,Race,F,507.2,126.8,171.67627588160144
912,Kristin Harman,44,,USA,,8:27.4,Yes,F,507.4,126.85,171.47334886256692
913,Kate Balding,40,"Nowra, NSW",AUS,We Are Invictus,8:27.5,Race,F,507.5,126.875,171.3720052783917
913,Natasha Kate,49,Lyme Regis,GBR,Lyme Regis Gig Club,8:27.5,Yes,F,507.5,126.875,171.3720052783917
913,Barbara Maher,64,,GBR,Lancaster John O'Gaunt Rowing Club,8:27.5,Yes,F,507.5,126.875,171.3720052783917
916,Francesca Mariani,42,,ITA,Trevignano Rowing,8:27.6,Race,F,507.6,126.9,171.27074153946424
917,Gemma O'neill,37,,GBR,AL Fitness,8:27.7,Race,F,507.7,126.925,171.16955756716598
917,Kari Cooper,55,CA,USA,,8:27.7,Yes,F,507.7,126.925,171.16955756716598
917,kate ginty,17,,IRL,,8:27.7,Yes,F,507.7,126.925,171.16955756716598
917,Ashley Greenwood,38,"Brisbane, QLD",AUS,,8:27.7,Yes,F,507.7,126.925,171.16955756716598
917,Amy W,41,,GBR,,8:27.7,No,F,507.7,126.925,171.16955756716598
922,Irina Strobl,47,,BUL,,8:27.8,Yes,F,507.8,126.95,171.06845328297092
922,Sarah Loponen,60,,CAN,,8:27.8,No,F,507.8,126.95,171.06845328297092
924,Megan Hill,17,,GBR,Doncaster Schools Rowing Association,8:28.0,Race,F,508.0,127.0,170.86648346525038
924,Allison Dunnington,31,IL,USA,Chicago Outrigger,8:28.0,Yes,F,508.0,127.0,170.86648346525038
924,Sarah Jacobs,42,"Chapel Hill, NC",USA,,8:28.0,Yes,F,508.0,127.0,170.86648346525038
924,corita waters,46,,USA,Washington Rowing School,8:28.0,No,F,508.0,127.0,170.86648346525038
928,Gabriella Koloszyc,56,"Fairfax, VA",ARG,American University,8:28.3,No,F,508.3,127.075,170.56412444162166
929,Alexina Bratton,39,,USA,RowAlong,8:28.4,Yes,F,508.4,127.1,170.46349664218647
929,Charisse Hall,57,WA,USA,Lake Stevens Rowing Club,8:28.4,Yes,F,508.4,127.1,170.46349664218647
929,Maureen Koziol,67,"Morristown, NJ",USA,Passaic River Rowing Association,8:28.4,No,F,508.4,127.1,170.46349664218647
932,Shenah Cartier,33,"Saskatoon, SK",CAN,Synergy Strength & Conditioning,8:28.5,Yes,F,508.5,127.125,170.36294798376278
932,Jordan Seim,31,"New Bedford, MA",USA,New Bedford Rowing Center,8:28.5,Yes,F,508.5,127.125,170.36294798376278
934,Tina Bonham,62,,GBR,Goat Fitness,8:28.6,Race,F,508.6,127.15,170.262478388563
935,Antoinette Hage,35,London,GBR,Tideway Scullers School,8:28.7,Yes,F,508.7,127.175,170.1620877788917
936,Ioana Pupaza,28,,ROU,Lyme Regis Gig club,8:28.8,Race,F,508.8,127.2,170.06177607714443
937,Laura Palagi,59,,ITA,Cc Roma,8:28.9,Race,F,508.9,127.225,169.9615432058086
937,Marie Vinnell,45,NSW,AUS,,8:28.9,Yes,F,508.9,127.225,169.9615432058086
939,Sara Kearney,45,"Westerly, RI",USA,,8:29.0,No,F,509.0,127.25,169.8613890874628
940,Claire McKay,37,,GBR,,8:29.1,Yes,F,509.1,127.275,169.761313644777
940,Katie Mills,53,,AUS,,8:29.1,Yes,F,509.1,127.275,169.761313644777
940,maija reblin,43,,USA,Tampa Rowing Club,8:29.1,Yes,F,509.1,127.275,169.761313644777
943,nadine limouzin,68,ARCACHON,FRA,Aviron Arcachonnais,8:29.2,Yes,F,509.2,127.3,169.66131680051214
944,Kalysta Crawford,21,"Atlanta, GA",USA,Auburn University Rowing Club,8:29.3,Race,F,509.3,127.325,169.56139847752019
945,Miriam Daire,14,,USA,"Rochester Rowing Club, Minnesota",8:29.4,Race,F,509.4,127.35,169.46155859874395
945,Charlotte Reina,50,,GBR,Atlantic Angels,8:29.4,Race,F,509.4,127.35,169.46155859874395
945,Rebecca Haugh,40,PA,USA,,8:29.4,Yes,F,509.4,127.35,169.46155859874395
945,joanne letchford,62,NSW,AUS,The Diamonds (Over Sixties Erging Group),8:29.4,Yes,F,509.4,127.35,169.46155859874395
950,Mary Mortimer,66,,GBR,Putney Town RC,8:29.8,Race,F,509.8,127.45,169.06298198782534
950,Rachel Davies,47,Peterborough,GBR,Peterborough City Rowing Club - Peterborough (UK),8:29.8,Yes,F,509.8,127.45,169.06298198782534
950,Kristine RIEDEL-FIDDICK,58,,CAN,Orillia Rowing Club,8:29.8,Yes,F,509.8,127.45,169.06298198782534
953,Leah Draper,41,,USA,,8:30.0,Yes,F,510.0,127.5,168.86416235083033
953,Christine Reynolds,54,"Newfield , NY",USA,,8:30.0,Yes,F,510.0,127.5,168.86416235083033
955,Trisa G,53,"Long Beach, CA",USA,,8:30.1,No,F,510.1,127.525,168.76486943156846
955,Birgit Juel-Hansen,72,DK-4180 Soroe,DEN,,8:30.1,No,F,510.1,127.525,168.76486943156846
957,Anne Murphy,63,"Valatie, NY",USA,Albany Rowing Center,8:30.2,Yes,F,510.2,127.55,168.66565434332054
958,Elizabeth Harrison,62,NSW,AUS,The Diamonds (Over Sixties Erging Group),8:30.3,Yes,F,510.3,127.575,168.56651700984145
959,Raffaella Amicone,56,,ITA,Crossfit Mos,8:30.4,Race,F,510.4,127.6,168.46745735497575
959,Elisabeth Edwards,21,,GBR,,8:30.4,Yes,F,510.4,127.6,168.46745735497575
959,Marie Johnson,52,AZ,USA,Lilred Phoenix,8:30.4,Yes,F,510.4,127.6,168.46745735497575
959,Anita Meglič,30,,SLO,,8:30.4,Yes,F,510.4,127.6,168.46745735497575
959,Julia Paillin-Dean,44,Ratcliffe on Soar,GBR,Devil's Elbow RC,8:30.4,No,F,510.4,127.6,168.46745735497575
964,Kara Garvey,18,,USA,"Rochester Rowing Club, Minnesota",8:30.5,Race,F,510.5,127.625,168.36847530265743
964,Kokona Okamoto,20,,JPN,,8:30.5,Yes,F,510.5,127.625,168.36847530265743
966,Arya Jacobson,20,,USA,St. Olaf Rowing Club,8:30.6,Race,F,510.6,127.65,168.26957077690966
966,Stephanie Rosa,21,,VEN,,8:30.6,Yes,F,510.6,127.65,168.26957077690966
966,Katie Stapleton,38,"Rolling Hills Estates, CA",USA,Long Beach Rowing Association,8:30.6,No,F,510.6,127.65,168.26957077690966
969,Karen Reilly,63,"Philadelphia, PA",USA,,8:30.8,No,F,510.8,127.7,168.0719940016661
970,Greta Butz,26,"Lancaster, PA",USA,Virginia Polytechnic Institute and State University,8:31.0,Yes,F,511.0,127.75,167.87472642321438
970,Julia SATGE,38,,FRA,,8:31.0,Yes,F,511.0,127.75,167.87472642321438
970,Rachel Pelz,47,,USA,,8:31.0,No,F,511.0,127.75,167.87472642321438
973,Rachel Dumont,54,"Portland, OR",USA,Station L Rowing Club,8:31.1,Yes,F,511.1,127.775,167.7762083937899
973,Andrea Dannenberg,45,"Needham, MA",USA,Community Rowing Inc.,8:31.1,No,F,511.1,127.775,167.7762083937899
975,Shona Moncrieff,41,,GBR,,8:31.3,Yes,F,511.3,127.825,167.57940347732855
976,Qianchen Yu,31,,SUI,,8:31.4,Yes,F,511.4,127.85,167.48111643967115
977,Jodi McCone,42,,NZL,,8:31.5,Yes,F,511.5,127.875,167.38290624879596
977,Lucy Rann,44,,GBR,AGC Indoor Rowing,8:31.5,Yes,F,511.5,127.875,167.38290624879596
979,Isabel Iannelli,15,,ITA,R.C.C. Tevere Remo,8:31.7,Race,F,511.7,127.925,167.1867161071216
980,Ania MacGregor,58,,GBR,London Otters (LORC),8:31.8,Yes,F,511.8,127.95,167.08873600640715
980,Georgina Patterson,48,,GBR,,8:31.8,Yes,F,511.8,127.95,167.08873600640715
982,Giulia Zappacosta,35,,ITA,Heaven,8:31.9,Race,F,511.9,127.975,166.99083245264396
982,Iris van Breda,44,,NED,RowAlong,8:31.9,Yes,F,511.9,127.975,166.99083245264396
984,Erin Baker,46,"Bulverde, TX",USA,,8:32.0,Yes,F,512.0,128.0,166.89300537109372
984,Karina Burbo,29,,GBR,,8:32.0,Yes,F,512.0,128.0,166.89300537109372
984,Andrea Faganello,53,,GER,,8:32.0,Yes,F,512.0,128.0,166.89300537109372
987,Candice Heine,53,"Port Macquarie, NSW",AUS,,8:32.1,Race,F,512.1,128.025,166.79525468710574
987,Bev Spencer,47,,CAN,,8:32.1,Yes,F,512.1,128.025,166.79525468710574
989,Ally Hanham,22,"Atlanta, GA",USA,Georgia Tech Rowing Club,8:32.2,Race,F,512.2,128.05,166.69758032611657
989,Ann Marie Hearne,45,,IRL,RS,8:32.2,Race,F,512.2,128.05,166.69758032611657
991,Heather Pringle,57,"Summerside, PE",CAN,,8:32.3,No,F,512.3,128.075,166.59998221365055
992,Paula Griffin,61,,FRA,,8:32.5,No,F,512.5,128.125,166.40501443681902
993,Beth Raymond,39,"Winnipeg, MB",CAN,Royal Canadian Air Force,8:32.6,Yes,F,512.6,128.15,166.30764462393697
994,Riley Hogan,19,"Atlanta, GA",USA,Georgia Tech Rowing Club,8:32.7,Race,F,512.7,128.175,166.21035076254475
994,Zouhour Chammakhi,19,,TUN,,8:32.7,Yes,F,512.7,128.175,166.21035076254475
994,Cassandra Walsh,34,"Columbus, OH",USA,,8:32.7,Yes,F,512.7,128.175,166.21035076254475
994,Ella Tesone,14,,USA,,8:32.7,No,F,512.7,128.175,166.21035076254475
998,Marissa Albright,48,"Cincinnati, OH",USA,,8:33.0,Yes,F,513.0,128.25,165.9189241473269
998,Linda Andersen,55,,DEN,,8:33.0,Yes,F,513.0,128.25,165.9189241473269
998,Penny Kemish,46,,GBR,,8:33.0,Yes,F,513.0,128.25,165.9189241473269
998,Delwyn Oliver,56,,AUS,,8:33.0,Yes,F,513.0,128.25,165.9189241473269
998,Ancola Pépite,55,,GER,,8:33.0,Yes,F,513.0,128.25,165.9189241473269
998,Valerie Schulte,53,"Piqua, OH",USA,,8:33.0,No,F,513.0,128.25,165.9189241473269
998,Ariel Shneer,33,"Toronto, ON",CAN,,8:33.0,No,F,513.0,128.25,165.9189241473269
1005,Lei Zhong,44,,HKG,,8:33.1,Race,F,513.1,128.275,165.8219333523466
1005,Gill Evans,38,"St. John's, NL",CAN,,8:33.1,Yes,F,513.1,128.275,165.8219333523466
1005,Jeanne Perantoni,69,"Princeton, NJ",USA,Carnegie Lake Rowing Association,8:33.1,Yes,F,513.1,128.275,165.8219333523466
1008,Amy Smith,44,CO,USA,Street Parking,8:33.2,Yes,F,513.2,128.3,165.72501813951462
1009,Giovanna Cardillo,52,,ITA,Sport Life,8:33.3,Race,F,513.3,128.325,165.6281784352218
1010,Chloe Farmer,31,Peterborough,GBR,Peterborough City Rowing Club - Peterborough (UK),8:33.7,Yes,F,513.7,128.425,165.24157323425928
1010,Sybille Heibel,58,,GER,,8:33.7,Yes,F,513.7,128.425,165.24157323425928
1012,Amanda Munkeby,44,,USA,Unaffiliated (USA),8:33.9,Race,F,513.9,128.475,165.04872177747777
1012,Julia Fritz,36,,GER,Forum Flyers,8:33.9,Yes,F,513.9,128.475,165.04872177747777
1014,Anya Cole,16,,GBR,,8:34.0,No,F,514.0,128.5,164.95240857910406
1014,VALERIE PEYON,52,,FRA,,8:34.0,No,F,514.0,128.5,164.95240857910406
1016,Lisa Brown,32,"Aberglasslyn, NSW",AUS,,8:34.2,Race,F,514.2,128.55,164.7600068777676
1016,Kate Haglin,19,,USA,St. Cloud State University Crew,8:34.2,Race,F,514.2,128.55,164.7600068777676
1016,Theresa Searles,65,"Dallas, TX",USA,Dallas Rowing Club,8:34.2,Yes,F,514.2,128.55,164.7600068777676
1016,Amanda Yates,55,"Northleach, Cotswolds",GBR,Fitness Matters,8:34.2,Yes,F,514.2,128.55,164.7600068777676
1020,Leann Crall,47,"Glasford, IL",USA,,8:34.3,Yes,F,514.3,128.575,164.66391822921076
1021,Julia Heslop,45,VIC,AUS,,8:34.5,Yes,F,514.5,128.625,164.47196497297102
1022,Claire Sabitt,32,"Lawrenceville, NJ",USA,Carnegie Lake Rowing Association,8:34.6,Yes,F,514.6,128.65,164.37610022020263
1022,Lillian Peck,16,,USA,,8:34.6,No,F,514.6,128.65,164.37610022020263
1024,Elizabeth Misch,60,,USA,,8:34.7,Yes,F,514.7,128.675,164.2803099544194
1024,Dayana Restrepo,42,,VEN,,8:34.7,Yes,F,514.7,128.675,164.2803099544194
1024,Alona Williams,51,,GBR,,8:34.7,Yes,F,514.7,128.675,164.2803099544194
1027,Georgia Carmichael,22,,GBR,Maidenhead Rowing Club,8:34.8,Race,F,514.8,128.7,164.18459410328984
1028,Simona Anitori,42,,ITA,Italiana Fitness,8:34.9,Race,F,514.9,128.725,164.08895259456634
1029,Sharon JONES,64,WA,AUS,,8:35.0,Race,F,515.0,128.75,163.99338535608618
1030,Esther Kiehl,52,,GBR,,8:35.1,Yes,F,515.1,128.775,163.8978923157702
1031,Stacey Adam,45,,NZL,New Zealand Defence Force,8:35.2,Yes,F,515.2,128.8,163.8024734016233
1032,Francesca Santone,46,,ITA,Roman Sport City,8:35.3,Race,F,515.3,128.825,163.70712854173422
1032,Anne-Lise S. Blomeid,42,NORDBY,NOR,,8:35.3,Yes,F,515.3,128.825,163.70712854173422
1032,Stephanie Stewart-Masoud,40,"Oklahoma City , OK",USA,mERGmaids,8:35.3,Yes,F,515.3,128.825,163.70712854173422
1035,Marjan Huizing,56,"Lake Oswego, OR",USA,Lake Oswego Community Rowing (LOCR),8:35.4,Yes,F,515.4,128.85,163.6118576642753
1035,Mara Winokur,54,,ESP,,8:35.4,Yes,F,515.4,128.85,163.6118576642753
1035,Emma Cox,61,Wadebridge,GBR,,8:35.4,No,F,515.4,128.85,163.6118576642753
1038,Sarah Fitts-Romig,68,"Rochester, NY",USA,The Diamonds (Over Sixties Erging Group),8:35.6,Yes,F,515.6,128.9,163.42153756975534
1039,Anne Hird,65,"Providence, RI",USA,Narragansett Boat Club,8:35.8,Race,F,515.8,128.95,163.23151254511257
1039,Sara Propes,43,"Atlanta, GA",USA,"Atlanta Rowing Club, Inc.",8:35.8,Race,F,515.8,128.95,163.23151254511257
1039,Ava Whitcomb,54,,USA,,8:35.8,Yes,F,515.8,128.95,163.23151254511257
1039,Gwen Hardy,37,"Harlem, GA",USA,Street Parking,8:35.8,No,F,515.8,128.95,163.23151254511257
1043,Chiara Brogni,42,,ITA,Canottieri Tritium,8:35.9,Race,F,515.9,128.975,163.13661050531198
1043,Caroline Lightner,17,"Atlanta, GA",USA,"Augusta Rowing Club, Inc.",8:35.9,Race,F,515.9,128.975,163.13661050531198
1045,Gabriela Garcia,46,,BRA,Club Athletico Paulistano,8:36.0,Yes,F,516.0,129.0,163.04178201872742
1045,Nina Thölking,42,,SUI,,8:36.0,Yes,F,516.0,129.0,163.04178201872742
1045,Kathy Waters,62,"Portland, OR",USA,,8:36.0,No,F,516.0,129.0,163.04178201872742
1048,Nadia Olijar,17,,GBR,Cheltenham Ladies College,8:36.3,Race,F,516.3,129.075,162.75773716623428
1048,Tannaz Toosi Maraghi,38,,ITA,Cc Roma,8:36.3,Race,F,516.3,129.075,162.75773716623428
1048,Heidi Corthout,47,,BEL,Crossfit Ambrosius,8:36.3,Yes,F,516.3,129.075,162.75773716623428
1051,Brielle Hutchison,42,"Burnaby, BC",CAN,Nicomekl Rowing Club,8:36.4,Race,F,516.4,129.1,162.66320218089194
1052,Anna Cordelia Palomba,60,,ITA,Cc 3Ponti,8:36.5,Race,F,516.5,129.125,162.56874039336796
1052,DELPHINE CACLARD,50,,FRA,,8:36.5,Yes,F,516.5,129.125,162.56874039336796
1052,Véronique WILST,63,DUNKERQUE,FRA,Sporting Dunkerquois,8:36.5,Yes,F,516.5,129.125,162.56874039336796
1052,Susan Young,59,Birmingham,GBR,SUB-7 IRC,8:36.5,Yes,F,516.5,129.125,162.56874039336796
1056,Niaomi Allen,47,,GBR,,8:36.6,Yes,F,516.6,129.15,162.4743517328302
1056,Erin Broccolo,45,,USA,Corvallis Rowing Club,8:36.6,Yes,F,516.6,129.15,162.4743517328302
1058,Ivey Dyer,18,"Atlanta, GA",USA,Allatoona Rowing Association,8:36.7,Race,F,516.7,129.175,162.38003612852904
1058,Francesca Preskett,17,,GBR,Guildford High School,8:36.7,Race,F,516.7,129.175,162.38003612852904
1060,Cathy Acquaviva Green,57,"Franklin, TN",USA,Rowfit,8:36.8,Yes,F,516.8,129.2,162.28579350979686
1061,Katherine Cortez,36,FL,USA,Pensacola Rowing Club,8:36.9,Yes,F,516.9,129.225,162.1916238060477
1061,sarah woodcock,60,,GBR,,8:36.9,Yes,F,516.9,129.225,162.1916238060477
1063,Sharon Handel,63,,USA,,8:37.0,Yes,F,517.0,129.25,162.09752694677806
1064,Haydn House,18,"Atlanta, GA",USA,Auburn University Rowing Club,8:37.1,Race,F,517.1,129.275,162.00350286156592
1064,Lisa Richardson,38,London,GBR,London Otters (LORC),8:37.1,No,F,517.1,129.275,162.00350286156592
1066,AnneMarie Cowling,56,"Ardingly RC,",GBR,SUB-7 IRC,8:37.4,Yes,F,517.4,129.35,161.72186654727943
1067,Natacha Thompson,47,,GBR,SUB-7 IRC,8:37.5,Yes,F,517.5,129.375,161.6281328557096
1068,Chloe Rousseau,19,,USA,St. Olaf Rowing Club,8:37.6,Race,F,517.6,129.4,161.53447158731038
1069,Ann Lechelt,65,WI,USA,The Diamonds (Over Sixties Erging Group),8:37.7,Yes,F,517.7,129.425,161.44088267214835
1070,Louise Robinson,56,,GBR,,8:37.8,Race,F,517.8,129.45,161.3473660403711
1070,Elvira Yultaeva,39,,USA,Street Parking,8:37.8,Yes,F,517.8,129.45,161.3473660403711
1072,Memoona Khalid,35,,GBR,,8:37.9,Race,F,517.9,129.475,161.25392162220666
1072,Helle Kruse Nielsen,42,,DEN,,8:37.9,Yes,F,517.9,129.475,161.25392162220666
1072,Sandra Sondershausen,45,,GER,,8:37.9,Yes,F,517.9,129.475,161.25392162220666
1075,Marie Ulsh,69,"Oakmont, PA",USA,Three Rivers Rowing Association,8:38.0,No,F,518.0,129.5,161.16054934796455
1076,Leeann Mcleod,42,"Perthshire, Scotland",GBR,,8:38.1,Yes,F,518.1,129.525,161.06724914803453
1077,Gillian Brewer,19,,USA,,8:38.2,Yes,F,518.2,129.55,160.97402095288714
1078,Melissa Hanson,42,"Dubbo, NSW",AUS,,8:38.3,Race,F,518.3,129.575,160.88086469307322
1078,Gwen Deflaoui Basille,46,,FRA,,8:38.3,Yes,F,518.3,129.575,160.88086469307322
1080,Pandora Holladay,24,,GBR,Holistic Strength Coaching,8:38.4,Race,F,518.4,129.6,160.7877802992242
1080,Theresa Marshall,58,"Saint Charles, IL",USA,,8:38.4,No,F,518.4,129.6,160.7877802992242
1080,Marissa Patti,39,,USA,,8:38.4,No,F,518.4,129.6,160.7877802992242
1083,Viktoria Amarilli,43,Exeter,GBR,,8:38.5,Yes,F,518.5,129.625,160.69476770205156
1084,Emma Bennett,44,,NZL,,8:38.6,Yes,F,518.6,129.65,160.60182683234694
1084,Mariya Hortashka,35,,FIN,,8:38.6,Yes,F,518.6,129.65,160.60182683234694
1086,Lucy K,37,,NOR,,8:38.8,Yes,F,518.8,129.7,160.4161599989094
1086,mollie pitrone,43,,USA,Golden Ores,8:38.8,Yes,F,518.8,129.7,160.4161599989094
1088,Marja Liedes-Kauppila,63,Helsinki,FIN,The Diamonds (Over Sixties Erging Group),8:38.9,Yes,F,518.9,129.725,160.32343389715928
1089,Helen Hughes,44,,GBR,Trentham Boat Club,8:39.0,Race,F,519.0,129.75,160.23077924684364
1089,Rose Lopez,59,"San Jose, CA",USA,The Diamonds (Over Sixties Erging Group),8:39.0,Yes,F,519.0,129.75,160.23077924684364
1091,Alexandra Herzan,65,,USA,,8:39.1,Yes,F,519.1,129.775,160.13819597915312
1091,Katja Opitz,37,"Seattle, WA",GER,,8:39.1,No,F,519.1,129.775,160.13819597915312
1093,Samantha Mirabal,44,,USA,RowAlong,8:39.2,Yes,F,519.2,129.8,160.04568402535813
1094,Kim Batterson,55,,USA,"Rochester Rowing Club, Minnesota",8:39.4,Race,F,519.4,129.85,159.86087378493283
1094,Shauna Hill,36,,GBR,,8:39.4,Yes,F,519.4,129.85,159.86087378493283
1096,Abbey Cullen,42,"Chicago, IL",USA,Darkhorse Rowing,8:39.6,Yes,F,519.6,129.9,159.67634797731637
1096,Christen Heinsohn,34,,USA,,8:39.6,No,F,519.6,129.9,159.67634797731637
1096,Tracey Moys,50,TN,USA,,8:39.6,No,F,519.6,129.9,159.67634797731637
1099,Lolly Carter,52,,GBR,London Otters (LORC),8:39.7,Yes,F,519.7,129.925,159.58419156482907
1099,Julia Francesca Engel,26,"Chattanooga, TN",GER,Akademischer Ruderverein Kiel e.V.,8:39.7,Yes,F,519.7,129.925,159.58419156482907
1101,Munirah Alatas,61,Kuala Lumpur,MAS,RowAlong,8:39.8,Race,F,519.8,129.95,159.49210605552298
1102,Gloria Martorelli,62,,ITA,Cc 3Ponti,8:40.0,Race,F,520.0,130.0,159.30814747382792
1102,Pauline PREVOST,17,,FRA,,8:40.0,Yes,F,520.0,130.0,159.30814747382792
1102,Deb Arenberg,63,,USA,,8:40.0,No,F,520.0,130.0,159.30814747382792
1102,Dilany Calvo Garita,46,,CRC,Rowing Studio Pinares,8:40.0,No,F,520.0,130.0,159.30814747382792
1106,Alessandra Prato,28,,ITA,Rowing Team Catania,8:40.1,Race,F,520.1,130.025,159.21627426532277
1106,(愛知東郷BC)藤本 真,14,,JPN,,8:40.1,Race,F,520.1,130.025,159.21627426532277
1106,Rachel Roberts,53,Ely,GBR,Fetch Everyone Rowing Team,8:40.1,Yes,F,520.1,130.025,159.21627426532277
1106,Olivia Schad,15,,USA,,8:40.1,No,F,520.1,130.025,159.21627426532277
1110,Giovanna D'Innella,51,,ITA,Cc Roma,8:40.2,Race,F,520.2,130.05,159.1244716877656
1110,Patty Stricker,52,"Medford , MA",USA,,8:40.2,Yes,F,520.2,130.05,159.1244716877656
1112,Elizabeth Stengell,20,"Atlanta, GA",USA,Georgia Tech Rowing Club,8:40.4,Race,F,520.4,130.1,158.94107815412505
1112,Diane Healey,62,,USA,"Canal Dock Boathouse, New Haven",8:40.4,Yes,F,520.4,130.1,158.94107815412505
1114,K Champion,34,WI,USA,,8:40.6,Yes,F,520.6,130.15,158.75796633094689
1114,Alicia Crawford,37,,USA,,8:40.6,Yes,F,520.6,130.15,158.75796633094689
1114,Jenny Landström,63,Lidköping,SWE,Rowfit,8:40.6,Yes,F,520.6,130.15,158.75796633094689
1114,Megan Gold,62,,USA,Three Rivers Rowing Association,8:40.6,No,F,520.6,130.15,158.75796633094689
1118,Crista Alarcon-Suarez,17,"Atlanta, GA",USA,Row Georgia,8:40.7,Race,F,520.7,130.175,158.66651589176044
1118,Sofie Brörmann,37,Breda,NED,,8:40.7,Yes,F,520.7,130.175,158.66651589176044
1120,Harata Wilson,46,"Ashtonfield, NSW",AUS,,8:40.8,Race,F,520.8,130.2,158.57513567752045
1121,Sauken Abarca Pizarro,35,SAN JOSE,CRC,Rowing Studio Pinares,8:41.1,Yes,F,521.1,130.275,158.30141571092219
1121,Joanne Dunning,60,Le Passage,FRA,,8:41.1,Yes,F,521.1,130.275,158.30141571092219
1123,Becky Howard,37,OH,USA,,8:41.2,Yes,F,521.2,130.3,158.21031572329915
1123,Jess Gonzalez,32,,USA,,8:41.2,No,F,521.2,130.3,158.21031572329915
1125,Shanna Dutton,55,"Tulsa, OK",USA,Ready 2 Row,8:41.3,Yes,F,521.3,130.325,158.11928562442546
1125,Siv Howard,61,"Montgomery, TX",USA,The Diamonds (Over Sixties Erging Group),8:41.3,Yes,F,521.3,130.325,158.11928562442546
1125,Yvette Tam,47,,AUS,,8:41.3,Yes,F,521.3,130.325,158.11928562442546
1125,Ella Wolf,48,,GER,,8:41.3,Yes,F,521.3,130.325,158.11928562442546
1129,Sonja Yoerg,65,VA,USA,,8:41.5,Yes,F,521.5,130.375,157.93743482497368
1130,Ollie Swales,21,,GBR,Lions RC,8:41.6,Race,F,521.6,130.4,157.8466139906117
1130,dominique poulain,61,,FRA,,8:41.6,No,F,521.6,130.4,157.8466139906117
1132,Kira Heermann,28,,GER,,8:41.8,Race,F,521.8,130.45,157.6651811187336
1133,Lesley Allaway,57,,GBR,,8:41.9,Yes,F,521.9,130.475,157.57456894789436
1133,Heidi Huhtala,30,,FIN,,8:41.9,Yes,F,521.9,130.475,157.57456894789436
1135,Amy Morrissey,41,CO,USA,,8:42.0,Yes,F,522.0,130.5,157.48402619836764
1135,Alicia Waxler,43,,USA,,8:42.0,Yes,F,522.0,130.5,157.48402619836764
1135,Morgan Marino,37,,USA,,8:42.0,No,F,522.0,130.5,157.48402619836764
1138,Emma Youlden,48,,GBR,,8:42.1,Yes,F,522.1,130.525,157.39355280368335
1139,Sharon Lo,42,"Port Moody, BC",CAN,Gravity Laboratory,8:42.2,Yes,F,522.2,130.55,157.30314869744774
1139,Anna Neish,54,,GBR,Weymouth Rowing Club,8:42.2,Yes,F,522.2,130.55,157.30314869744774
1141,Susan Grieve,61,"Richmond, CA",USA,The Diamonds (Over Sixties Erging Group),8:42.3,Yes,F,522.3,130.575,157.21281381334347
1142,Sasha Ting,16,,USA,"Rochester Rowing Club, Minnesota",8:42.4,Race,F,522.4,130.6,157.1225480851292
1143,Sarah Coldicott,57,Worcester,GBR,,8:42.5,No,F,522.5,130.625,157.03235144663975
1144,Ingrid Stuenæs,50,Oslo,NOR,,8:42.6,Yes,F,522.6,130.65,156.94222383178575
1145,Joyce James,66,,GBR,The Diamonds (Over Sixties Erging Group),8:42.7,Race,F,522.7,130.675,156.85216517455393
1145,christy sullenberger,45,,USA,,8:42.7,Yes,F,522.7,130.675,156.85216517455393
1147,Susie Auty,54,,AUS,,8:42.8,Yes,F,522.8,130.7,156.7621754090067
1148,Jane McElroy,46,,GBR,,8:42.9,Yes,F,522.9,130.725,156.67225446928163
1148,Kristin Naber,36,"Batavia, IL",USA,Crossfit Kokua,8:42.9,Yes,F,522.9,130.725,156.67225446928163
1150,Kelli Reardon,43,GA,USA,CrossFit Linchpin,8:43.0,Yes,F,523.0,130.75,156.58240228959258
1150,Lauren S,33,,CHN,,8:43.0,Yes,F,523.0,130.75,156.58240228959258
1150,Mary Jackson,61,,USA,The Diamonds (Over Sixties Erging Group),8:43.0,No,F,523.0,130.75,156.58240228959258
1153,Emanuela Origlia,55,,ITA,Heaven,8:43.1,Race,F,523.1,130.775,156.49261880422847
1154,Paola Baruchelli,53,,ITA,A.S.D. Prosport,8:43.2,Race,F,523.2,130.8,156.40290394755354
1154,Arianna Vicari,67,,ITA,Cc Roma,8:43.2,Race,F,523.2,130.8,156.40290394755354
1156,Kristina Svensson,42,"Grand Bay-Westfield , NB",CAN,Canadian Army,8:43.3,Yes,F,523.3,130.825,156.31325765400732
1157,Rebekah Northcott,57,,GBR,,8:43.5,Yes,F,523.5,130.875,156.13417049443484
1158,Corinne Forshaw,44,,CAN,,8:43.6,No,F,523.6,130.9,156.04472949766287
1159,A K,31,,GBR,,8:43.7,Yes,F,523.7,130.925,155.95535680252834
1159,Lindsey Campbell,40,,CAN,,8:43.7,No,F,523.7,130.925,155.95535680252834
1161,Karen Lindley,61,,GBR,,8:43.8,Race,F,523.8,130.95,155.86605234384544
1162,Catherine Toniatti-Yanulavich,39,"Troy, NY",USA,TEAM OARSOME IRC,8:43.9,Yes,F,523.9,130.975,155.77681605650278
1162,Wendi Zeng,36,"New Castle, DE",USA,亦可赛艇,8:43.9,Yes,F,523.9,130.975,155.77681605650278
1164,Lucy Russell,42,,GBR,,8:44.1,Yes,F,524.1,131.025,155.59854773576714
1165,Damelza Snelders,43,"Melbourne, VIC",AUS,,8:44.2,Yes,F,524.2,131.05,155.50951557252407
1166,Francesca Bernabei,56,,ITA,Cc Roma,8:44.3,Race,F,524.3,131.075,155.42055132092142
1166,Elizabeth Feldman,76,,AUS,,8:44.3,Race,F,524.3,131.075,155.42055132092142
1168,Marcelle Bleker,48,George,RSA,,8:44.4,Yes,F,524.4,131.1,155.33165491621975
1168,Kathleen Tarr,55,"Oakland, CA",USA,Crufit Oakland,8:44.4,Yes,F,524.4,131.1,155.33165491621975
1170,Jaimie Hilton,48,San Diego,GBR,Community Rowing of San Diego,8:44.6,Yes,F,524.6,131.15,155.1540653889317
1171,Kim Batterson,56,"Rochester, MN",USA,"Rochester Rowing Club, Minnesota",8:44.7,Race,F,524.7,131.175,155.0653721372365
1171,Janet Doyle,64,,AUS,,8:44.7,Race,F,524.7,131.175,155.0653721372365
1171,Shreeya Simha,20,"Atlanta, GA",USA,Georgia Tech Rowing Club,8:44.7,Race,F,524.7,131.175,155.0653721372365
1171,Vreni Henderson,28,"Commerce City, CO",USA,,8:44.7,No,F,524.7,131.175,155.0653721372365
1175,Emily Milnor,46,"Catonsville, MD",USA,Street Parking,8:44.8,Yes,F,524.8,131.2,154.97674647422417
1175,Eileen Ryan,75,"Arlington , VA",USA,Narragansett Boat Club,8:44.8,Yes,F,524.8,131.2,154.97674647422417
1178,Eva Kushnir,20,"Atlanta, GA",USA,Georgia Tech Rowing Club,8:45.0,Race,F,525.0,131.25,154.7996976568405
1179,Anneke Hallebeek,60,,NED,The Diamonds (Over Sixties Erging Group),8:45.1,Yes,F,525.1,131.275,154.71127437394955
1180,Frances Quinn,26,,GBR,Bristol Ariel Rowing Club,8:45.2,Race,F,525.2,131.3,154.62291842270167
1180,Jessica Routley,38,"Dayton, OH",USA,,8:45.2,Yes,F,525.2,131.3,154.62291842270167
1180,Stacie Clark,49,"San Antonio, TX",USA,,8:45.2,No,F,525.2,131.3,154.62291842270167
1183,Annelies Wouters,36,,BEL,,8:45.3,Yes,F,525.3,131.325,154.53462973902023
1184,Viviana Del Toro,59,,ITA,Canottieri La Pescara,8:45.4,Race,F,525.4,131.35,154.44640825890193
1184,Cally Hammond,59,,GBR,Gym Mostyn,8:45.4,Race,F,525.4,131.35,154.44640825890193
1186,Mandy Foster,45,,USA,,8:45.5,No,F,525.5,131.375,154.35825391841638
1186,Janette Misic,54,"Lake Forest Park, WA",USA,,8:45.5,No,F,525.5,131.375,154.35825391841638
1188,Sarah Vakilpour,43,,GBR,,8:45.6,Race,F,525.6,131.4,154.27016665370613
1188,Elizabeth Bramhall,65,"Bothell, WA",USA,Lake Stevens Rowing Club,8:45.6,Yes,F,525.6,131.4,154.27016665370613
1188,Nichola Hamilton,36,,GBR,,8:45.6,Yes,F,525.6,131.4,154.27016665370613
1191,Caitlyn Livingston,35,"Atlanta, GA",USA,,8:45.7,Race,F,525.7,131.425,154.1821464009869
1192,Gill Knights,41,,GBR,,8:45.8,Yes,F,525.8,131.45,154.09419309654697
1192,Jenny Rowe,58,Taunton,GBR,Lyme Regis Gig Club,8:45.8,Yes,F,525.8,131.45,154.09419309654697
1194,Ursula Gneiting-Nentwig,70,Köln 🇩🇪,GER,Kölner Ruderverein von 1877 e.V.,8:45.9,Yes,F,525.9,131.475,154.00630667674707
1195,Tanja Kurtz,56,Pforzheim,GER,,8:46.0,Yes,F,526.0,131.5,153.91848707802075
1196,Samantha Curtis,15,,USA,,8:46.1,Yes,F,526.1,131.525,153.83073423687424
1197,Rosie Mcgorry,32,,GBR,,8:46.2,Race,F,526.2,131.55,153.74304808988578
1197,Grace Blackhall,24,,GBR,Trent Rowing Club,8:46.2,Yes,F,526.2,131.55,153.74304808988578
1199,Karen Nissen-Boryczka,47,,USA,Catalyst Rowing Fitness,8:46.3,Yes,F,526.3,131.575,153.65542857370613
1199,Angela Rhodes,38,"Hood River, OR",USA,,8:46.3,Yes,F,526.3,131.575,153.65542857370613
1201,Antonietta Tomasulo,57,,ITA,A.S.D. Prosport,8:46.4,Race,F,526.4,131.6,153.5678756250581
1202,Heidi Wilson,48,,FIJ,,8:46.5,Yes,F,526.5,131.625,153.48038918073675
1203,Mariana Melet,26,Valencia,VEN,,8:46.7,Yes,F,526.7,131.675,153.30561555261363
1203,Starr Moran,58,,USA,,8:46.7,Yes,F,526.7,131.675,153.30561555261363
1203,Julie Bailey,56,"Yendon, VIC",AUS,TEAM OARSOME IRC,8:46.7,No,F,526.7,131.675,153.30561555261363
1206,Erica Villi,59,,ITA,Canottieri Saturnia,8:46.8,Race,F,526.8,131.7,153.2183282427617
1206,Michelle Vogl,42,,USA,"Rochester Rowing Club, Minnesota",8:46.8,Race,F,526.8,131.7,153.2183282427617
1206,Dawn Friesen,46,,CAN,,8:46.8,Yes,F,526.8,131.7,153.2183282427617
1206,Stephanie Bernier,33,,CAN,Street Parking,8:46.8,No,F,526.8,131.7,153.2183282427617
1210,Micah Mazurek,47,"Crozet, VA",USA,,8:47.0,Yes,F,527.0,131.75,153.0439523168883
1210,Susan O'Brien,61,,GBR,,8:47.0,Yes,F,527.0,131.75,153.0439523168883
1210,Stefanie Zuber,43,Nürnberg,GER,,8:47.0,Yes,F,527.0,131.75,153.0439523168883
1210,Polk Prud’homme,52,"Seattle, WA",USA,Lake Union Crew,8:47.0,No,F,527.0,131.75,153.0439523168883
1214,Rosaria Paolino,55,,ITA,Rowing Club Marzamemi,8:47.1,Race,F,527.1,131.775,152.95686357524664
1214,서연 최,32,,KOR,,8:47.1,Yes,F,527.1,131.775,152.95686357524664
1216,June Carter,46,,GBR,,8:47.2,Race,F,527.2,131.8,152.86984089750717
1217,Cristel Craig,49,,NZL,,8:47.3,Yes,F,527.3,131.825,152.78288422103816
1218,Min S,45,,GBR,,8:47.6,Yes,F,527.6,131.9,152.5224095740052
1219,Kerry Pottinger,64,,GBR,,8:47.7,Race,F,527.7,131.925,152.43571627772468
1220,Antonia Forstpointner,53,QLD,AUS,,8:47.8,Yes,F,527.8,131.95,152.34908867062302
1220,Sylvia Pille-Steppat,57,Hamburg,GER,,8:47.8,Yes,F,527.8,131.95,152.34908867062302
1220,Diane Stewart,68,"Oakland, CA",USA,Crufit Oakland,8:47.8,No,F,527.8,131.95,152.34908867062302
1223,Rachel Bullen,41,,GBR,,8:47.9,Yes,F,527.9,131.975,152.26252669049438
1224,Gail Cort,68,"Sidney, BC",CAN,,8:48.0,No,F,528.0,132.0,152.1760302752038
1225,Karan Protheroe,61,Windsor,GBR,Maidenhead Rowing Club,8:48.1,Yes,F,528.1,132.025,152.089599362687
1226,Cherie Bell,55,QLD,AUS,,8:48.2,Yes,F,528.2,132.05,152.00323389095004
1227,Nicole Seddon,37,"NOBLE PARK NORTH, VIC",AUS,,8:48.5,Yes,F,528.5,132.125,151.74452950153423
1228,Ingvill Karine Velde,40,,NOR,,8:48.7,Yes,F,528.7,132.175,151.57238597909765
1228,Ann Ponnet,51,Heist-op-den-Berg,BEL,Actarus Rowing Crew,8:48.7,No,F,528.7,132.175,151.57238597909765
1230,Jennifer Boland,56,"Trumbull , CT",USA,,8:48.9,Yes,F,528.9,132.225,151.40050273789643
1231,Hilary Penrod,41,"Bixby, OK",USA,,8:49.0,Yes,F,529.0,132.25,151.31465856904467
1231,Abby De Jesus,36,NY,USA,,8:49.0,No,F,529.0,132.25,151.31465856904467
1233,Ilonka Buwalda,48,Rangiora,NZL,Adaptive Rowers with Attitude,8:49.1,Yes,F,529.1,132.275,151.22887928618414
1233,Rosanna Cousins,63,Southport,GBR,The Diamonds (Over Sixties Erging Group),8:49.1,Yes,F,529.1,132.275,151.22887928618414
1233,Kate Maier,54,"Atlanta, GA",USA,,8:49.1,Yes,F,529.1,132.275,151.22887928618414
1236,Anouschka Holten,53,,NED,,8:49.2,Yes,F,529.2,132.3,151.14316482802064
1237,Keu Macdonald,46,,AUS,,8:49.3,Yes,F,529.3,132.325,151.05751513332945
1237,Cadence Forster,14,,USA,,8:49.3,No,F,529.3,132.325,151.05751513332945
1239,Alicia Rodríguez-Pla,54,"Fresno, CA",USA,Warrior Fitness,8:49.4,Yes,F,529.4,132.35,150.97193014095527
1239,Nicole Savin,42,,USA,Street Parking,8:49.4,Yes,F,529.4,132.35,150.97193014095527
1241,Carrie Brown,44,,USA,,8:49.5,No,F,529.5,132.375,150.88640978981203
1242,Vivian Sweatt,18,"Atlanta, GA",USA,Row Georgia,8:49.6,Race,F,529.6,132.4,150.80095401888292
1242,Rachael Bell,31,,GBR,,8:49.6,Yes,F,529.6,132.4,150.80095401888292
1242,Verónica Muñana,44,Reus,ESP,,8:49.6,Yes,F,529.6,132.4,150.80095401888292
1242,Jenn Rowley-Gillard,18,,GBR,,8:49.6,Yes,F,529.6,132.4,150.80095401888292
1246,Shrestha Jain,19,"Atlanta, GA",USA,Georgia Tech Rowing Club,8:49.7,Race,F,529.7,132.425,150.71556276722032
1247,Alexia Reina,16,Cambrils,ESP,,8:49.8,Yes,F,529.8,132.45,150.63023597394553
1248,Katinka Jeffs,46,"Cambridge, MA",USA,Community Rowing (CRI),8:49.9,Yes,F,529.9,132.475,150.54497357824857
1249,Christine Cox,40,,GBR,"St Ives Rowing Club, Cambridgeshire, UK",8:50.0,Yes,F,530.0,132.5,150.45977551938847
1249,Annapaola Frisina,58,roma,ITA,,8:50.0,Yes,F,530.0,132.5,150.45977551938847
1249,Emily Ryzak,45,,USA,,8:50.0,Yes,F,530.0,132.5,150.45977551938847
1252,Isadora Bokas,19,"Atlanta, GA",USA,Georgia Tech Rowing Club,8:50.1,Race,F,530.1,132.525,150.37464173669315
1253,Alison Carney,56,,GBR,Atlantic Angels,8:50.3,Race,F,530.3,132.575,150.20456675745092
1253,Lynds Walsh,37,,GBR,,8:50.3,Yes,F,530.3,132.575,150.20456675745092
1253,Karen Mole,46,"Stoneham, MA",USA,,8:50.3,No,F,530.3,132.575,150.20456675745092
1256,Cecilia Blomq,58,,SWE,,8:50.4,Yes,F,530.4,132.6,150.11962543990242
1256,Samantha Fratus,57,"Boston, MA",USA,,8:50.4,Yes,F,530.4,132.6,150.11962543990242
1258,Esther Steier,35,,USA,"Rochester Rowing Club, Minnesota",8:50.5,Race,F,530.5,132.625,150.03474815651523
1258,Denise Romeo,53,"Cortlandt, NY",USA,Cortlandt Community Rowing Association,8:50.5,Yes,F,530.5,132.625,150.03474815651523
1260,Kiran Jassal,45,,GBR,Seal Personal Training,8:50.6,Race,F,530.6,132.65,149.94993484695942
1261,Jen Wrazin,54,"Meridian , ID",USA,U.S. Navy Veteran,8:50.7,Yes,F,530.7,132.675,149.86518545097343
1262,Katherine Collard,65,"Wilmington, DE",USA,The Diamonds (Over Sixties Erging Group),8:50.8,Yes,F,530.8,132.7,149.78049990836368
1263,Colleen Chapman,57,ACT,AUS,,8:50.9,Race,F,530.9,132.725,149.6958781590044
1263,Tamara Stevens,54,"Seattle, WA",USA,Sammamish Rowing,8:50.9,Yes,F,530.9,132.725,149.6958781590044
1265,Sarah Court,49,Tunbridge Wells,GBR,,8:51.1,No,F,531.1,132.775,149.52682579987456
1265,Judith Snell,42,,GBR,,8:51.1,No,F,531.1,132.775,149.52682579987456
1268,Ann Taylor,52,"Issaquah, WA",USA,Sammamish Rowing,8:51.2,No,F,531.2,132.8,149.4423950701922
1270,Julie Lewis,48,,GBR,,8:51.3,Yes,F,531.3,132.825,149.35802789393642
1271,Eleanor Chang,47,,GBR,,8:51.4,Yes,F,531.4,132.85,149.27372421132034
1271,Arra Lin,24,,NED,,8:51.4,Yes,F,531.4,132.85,149.27372421132034
1271,Stephanie Sürth,36,Köln,GER,STRONGMOVE® Athletic Club - Cologne,8:51.4,Yes,F,531.4,132.85,149.27372421132034
1274,Geanne Darke,51,,RSA,,8:51.6,Yes,F,531.6,132.9,149.10530708819712
1274,Alejandra Rodriguez,34,,VEN,,8:51.6,Yes,F,531.6,132.9,149.10530708819712
1276,Zane Stavra,49,,LAT,,8:51.8,Yes,F,531.8,132.95,148.93714322387598
1276,WH Zhao,36,MD,USA,,8:51.8,Yes,F,531.8,132.95,148.93714322387598
1278,Jan Primmer,62,"Mount Duneed, VIC",AUS,,8:51.9,Race,F,531.9,132.975,148.85315611501437
1278,Marianne Dawson,37,"Port Moody, BC Canada, BC",CAN,Gravity Laboratory,8:51.9,Yes,F,531.9,132.975,148.85315611501437
1280,Angela May,60,,USA,,8:52.1,Yes,F,532.1,133.025,148.6853712469723
1280,Hilary Spring,41,,USA,,8:52.1,Yes,F,532.1,133.025,148.6853712469723
1282,Miranda Cheng,18,,USA,,8:52.2,Yes,F,532.2,133.05,148.60157336922614
1282,Heather McCallum,29,,GBR,,8:52.2,Yes,F,532.2,133.05,148.60157336922614
1284,L Franco,62,,USA,,8:52.3,Yes,F,532.3,133.075,148.51783845006398
1284,Dionne Tuplin,49,"Tyne Valley, PE",CAN,TEAM MELALEUCA,8:52.3,Yes,F,532.3,133.075,148.51783845006398
1286,Grace Lindsay,33,,USA,,8:52.4,Yes,F,532.4,133.1,148.43416643036971
1287,Barbara Seaward,56,QLD,AUS,,8:52.5,Race,F,532.5,133.125,148.350557251094
1287,Elizabeth Burgess,40,,GBR,,8:52.5,Yes,F,532.5,133.125,148.350557251094
1287,J1 Zhan,29,,CHN,亦可赛艇,8:52.5,Yes,F,532.5,133.125,148.350557251094
1290,Sabrina LeBleu,19,"Atlanta, GA",USA,Georgia Tech Rowing Club,8:52.6,Race,F,532.6,133.15,148.26701085325374
1290,Amy Lewer,28,,GBR,Royal Army Physical Training Corps,8:52.6,Race,F,532.6,133.15,148.26701085325374
1290,Claire Sammut,41,,MLT,Siggiewi Rowing Club,8:52.6,Race,F,532.6,133.15,148.26701085325374
1290,Lisa Wade,33,,GBR,Peterborough City Rowing Club - Peterborough (UK),8:52.6,Yes,F,532.6,133.15,148.26701085325374
1294,Raelene Charlwood,50,"Perth, WA",AUS,,8:52.7,Yes,F,532.7,133.175,148.18352717793263
1294,Patty Miller,64,"Fairport, NY",USA,The Diamonds (Over Sixties Erging Group),8:52.7,Yes,F,532.7,133.175,148.18352717793263
1294,Melanie Novak,43,,USA,,8:52.7,No,F,532.7,133.175,148.18352717793263
1297,Clotilde Averlant,41,Sedan,FRA,,8:52.8,Yes,F,532.8,133.2,148.10010616628048
1297,Natalie Ormond,43,"Denver, CO",USA,PEAK Rowing Club,8:52.8,Yes,F,532.8,133.2,148.10010616628048
1299,Anne-Marie Patist,72,Wageningen,NED,The Diamonds (Over Sixties Erging Group),8:53.1,Race,F,533.1,133.275,147.85021852582847
1299,Maddie Sorum,27,,USA,Unaffiliated (USA),8:53.1,Race,F,533.1,133.275,147.85021852582847
1299,Angela McGavisk,47,Greensboro,USA,RowAlong,8:53.1,Yes,F,533.1,133.275,147.85021852582847
1299,Diane Press,66,MA,USA,Community Rowing Inc.,8:53.1,Yes,F,533.1,133.275,147.85021852582847
1303,Tracey Wyse,53,NSW,AUS,Street Parking,8:53.7,Yes,F,533.7,133.425,147.35212724895504
1304,Allison Peck,23,,USA,St. Cloud State University Crew,8:53.9,Race,F,533.9,133.475,147.18659407524245
1305,Tracy Macdonald,44,,USA,Street Parking,8:54.0,No,F,534.0,133.5,147.10392046133046
1305,Bernadette Nichols,44,NSW,AUS,,8:54.0,No,F,534.0,133.5,147.10392046133046
1307,Casey Boyd,51,CO,USA,,8:54.1,Yes,F,534.1,133.525,147.02130875203218
1308,Liz Hackett,58,,USA,,8:54.3,Yes,F,534.3,133.575,146.8562708156193
1309,Aidith Carrera,47,"San Diego, CA",USA,Street Parking,8:54.4,Yes,F,534.4,133.6,146.77384447283853
1309,Esther Clutton,50,,GBR,,8:54.4,Yes,F,534.4,133.6,146.77384447283853
1309,Terry Filicko,60,"Columbus, OH",USA,Greater Columbus Rowing Association,8:54.4,No,F,534.4,133.6,146.77384447283853
1312,Nisha Watters,52,"Fort Myer, VA",USA,,8:54.5,Yes,F,534.5,133.625,146.691479803339
1313,Gaelle Dolon,47,,FRA,,8:54.6,Yes,F,534.6,133.65,146.60917674944974
1313,Sally Windsor,41,,GBR,,8:54.6,Yes,F,534.6,133.65,146.60917674944974
1313,Coryn Berkbigler (Poole),51,"Madison, WI",USA,Mendota Rowing Club,8:54.6,No,F,534.6,133.65,146.60917674944974
1316,Emma Wolff,35,PA,USA,,8:54.7,Yes,F,534.7,133.675,146.52693525356466
1317,Donna Ross,49,"Atlanta, GA",USA,Allatoona Rowing Association,8:54.8,Race,F,534.8,133.7,146.44475525814218
1317,Amelia Marshall,19,,GBR,,8:54.8,Yes,F,534.8,133.7,146.44475525814218
1317,Lisa Hagen,50,"Montrose, NY",USA,,8:54.8,No,F,534.8,133.7,146.44475525814218
1320,Laura Schirrmacher,48,,GBR,Worcester Rowing Club,8:54.9,Race,F,534.9,133.725,146.36263670570503
1320,J K,68,MA,USA,,8:54.9,Yes,F,534.9,133.725,146.36263670570503
1322,Jan Primmer,62,,AUS,,8:55.1,Race,F,535.1,133.775,146.1985837002009
1322,Bethany Remmers,46,VT,USA,Deep Roots Fitness,8:55.1,Yes,F,535.1,133.775,146.1985837002009
1324,Eloise Bones,27,,GBR,,8:55.2,Yes,F,535.2,133.8,146.11664913250175
1324,Ann DeBrouwer,64,"Orillia, ON",CAN,Orillia Rowing Club,8:55.2,Yes,F,535.2,133.8,146.11664913250175
1324,Heidi Franklin,47,Utrecht,NED,,8:55.2,Yes,F,535.2,133.8,146.11664913250175
1324,Patrice Glover,73,"Lambertville, NJ",USA,Swan Creek Rowing Club,8:55.2,Yes,F,535.2,133.8,146.11664913250175
1328,Mary Heu,60,"Columbus, NE",USA,Age Without Limits,8:55.3,Yes,F,535.3,133.825,146.03477577852345
1329,Helen Hogan,56,"King’s Lynn, Norfolk",GBR,RowAlong,8:55.5,Yes,F,535.5,133.875,145.8712124831706
1329,Tara Prole,17,,CAN,,8:55.5,Yes,F,535.5,133.875,145.8712124831706
1329,Julie Robson,41,,GBR,,8:55.5,Yes,F,535.5,133.875,145.8712124831706
1332,Susan Kemp,74,"Newcastle, NSW",AUS,Newcastle Rowing Club,8:55.6,Race,F,535.6,133.9,145.7895224276767
1332,Tanya Venables,41,"Dapto, NSW",AUS,,8:55.6,Yes,F,535.6,133.9,145.7895224276767
1332,Kerstin Bonnard,44,,GER,,8:55.6,No,F,535.6,133.9,145.7895224276767
1332,Anabelle Copeland,15,,USA,Triad United Rowing Association,8:55.6,No,F,535.6,133.9,145.7895224276767
1336,Amanda Alexan,37,,USA,,8:55.8,Yes,F,535.8,133.95,145.62632521623502
1336,Jane Leonard,70,"Tobermory, Isle of Mull",GBR,,8:55.8,Yes,F,535.8,133.95,145.62632521623502
1338,Lucy Carter,17,,GBR,Berkhamsted School,8:55.9,Race,F,535.9,133.975,145.54481794655067
1339,Monica Pfeifer,54,Wien 🇦🇹,AUT,GERMAN Rowers and FRIENDS United,8:56.0,Race,F,536.0,134.0,145.46337149183904
1339,Rebecca Davis,34,,USA,,8:56.0,No,F,536.0,134.0,145.46337149183904
1339,Shelby Stangl,32,,USA,,8:56.0,No,F,536.0,134.0,145.46337149183904
1342,Alison McCoy,64,,GBR,,8:56.1,No,F,536.1,134.025,145.38198579539113
1343,Tina Bryson,45,"Atlanta, GA",USA,,8:56.4,Race,F,536.4,134.1,145.13819268948785
1343,Christine Dougherty,56,,USA,,8:56.4,Yes,F,536.4,134.1,145.13819268948785
1345,Louise Bartlett,52,,GBR,,8:56.6,Yes,F,536.6,134.15,144.97596670671902
1345,Staci Leonard,59,CT,USA,,8:56.6,Yes,F,536.6,134.15,144.97596670671902
1347,Romina Vannicelli,48,,ITA,Italiana Fitness,8:56.7,Race,F,536.7,134.175,144.8949443725061
1348,Elaine Li,18,"Atlanta, GA",USA,Georgia Tech Rowing Club,8:56.9,Race,F,536.9,134.225,144.73308073708898
1348,K Anthony,55,"Mesa, AZ",USA,Everett Rowing Association,8:56.9,Yes,F,536.9,134.225,144.73308073708898
1348,Priscilla Geldenhuys,53,,NED,,8:56.9,Yes,F,536.9,134.225,144.73308073708898
1348,Alison Vandyke,59,,GBR,,8:56.9,Yes,F,536.9,134.225,144.73308073708898
1348,Jerry Ye,40,HFE,CHN,亦可赛艇,8:56.9,Yes,F,536.9,134.225,144.73308073708898
1348,R B,56,"Atlanta, GA",USA,,8:56.9,No,F,536.9,134.225,144.73308073708898
1354,Jane Ainslie,54,,GBR,,8:57.0,Race,F,537.0,134.25,144.65223932353945
1355,Rhonda Betts,63,"DUBBO, NSW",AUS,The Diamonds (Over Sixties Erging Group),8:57.1,Yes,F,537.1,134.275,144.57145810463723
1356,Lisa Johnson,64,"Littleton, CO",USA,The Diamonds (Over Sixties Erging Group),8:57.2,Yes,F,537.2,134.3,144.49073702436633
1356,Anne Roberts,68,Cambridge,GBR,Chesterton Rowing Club,8:57.2,Yes,F,537.2,134.3,144.49073702436633
1358,Sarah Pratt,41,,GBR,,8:57.3,Yes,F,537.3,134.325,144.4100760267735
1358,Dawn Barbe,57,"Frederick, MD",USA,,8:57.3,No,F,537.3,134.325,144.4100760267735
1358,Hilary McNally,57,Dundee,GBR,,8:57.3,No,F,537.3,134.325,144.4100760267735
1361,El Rutherford,43,Cymru,GBR,,8:57.5,Yes,F,537.5,134.375,144.24893405612085
1362,Sylvia B,60,Fairfax 🇩🇪,USA,,8:57.7,Yes,F,537.7,134.425,144.08803174630035
1363,Kelly Gibson,56,,USA,,8:57.9,Yes,F,537.9,134.475,143.92736865192887
1363,Karelis Vasquez,35,,VEN,,8:57.9,Yes,F,537.9,134.475,143.92736865192887
1365,Abigail Barr,19,,AUS,,8:58.0,Race,F,538.0,134.5,143.84712667162557
1365,Mallory Unwin,16,"Buffalo, NY",USA,,8:58.0,Yes,F,538.0,134.5,143.84712667162557
1367,Monica Bovett,55,ON,CAN,Orillia Rowing Club,8:58.1,Yes,F,538.1,134.525,143.76694432861558
1368,Jana Redman,51,"Atlanta, GA",USA,Allatoona Rowing Association,8:58.2,Race,F,538.2,134.55,143.68682156750467
1368,Diane Granger,67,"Lakewood, CO",USA,,8:58.2,Yes,F,538.2,134.55,143.68682156750467
1368,Heather Rish,38,,USA,,8:58.2,Yes,F,538.2,134.55,143.68682156750467
1368,Maria Sok,52,DC,USA,mERGmaids,8:58.2,Yes,F,538.2,134.55,143.68682156750467
1372,Evie Harrison,16,,GBR,Guildford High School,8:58.4,Race,F,538.4,134.6,143.52675456971224
1372,Anne Dickès,53,Lille,FRA,Sporting Dunkerquois,8:58.4,Yes,F,538.4,134.6,143.52675456971224
1372,Tracy Organ,54,,GBR,,8:58.4,Yes,F,538.4,134.6,143.52675456971224
1372,Marta Ubaldini,47,,ESP,,8:58.4,Yes,F,538.4,134.6,143.52675456971224
1376,Annemarie Mücke,36,,GER,Darkhorse Rowing,8:58.5,Yes,F,538.5,134.625,143.4468102225509
1377,Stephanie Moran,53,"Topeka, KS",USA,Topeka Rowing Association,8:58.6,Yes,F,538.6,134.65,143.36692523632877
1378,Jobana Arroyo,46,Castro Urdiales,ESP,,8:58.7,Yes,F,538.7,134.675,143.2870995559595
1378,Rab Willis,45,,GBR,,8:58.7,No,F,538.7,134.675,143.2870995559595
1380,Jane Denley,69,,CAN,,8:58.8,Yes,F,538.8,134.7,143.2073331264184
1380,MT Ward,60,MA,USA,Community Rowing Inc.,8:58.8,Yes,F,538.8,134.7,143.2073331264184
1380,Katka Bubíková,36,Prague,CZE,,8:58.8,No,F,538.8,134.7,143.2073331264184
1383,Jane Branson,55,"Melbourne, VIC",AUS,Crufit Oakland,8:58.9,Yes,F,538.9,134.725,143.12762589274163
1383,Laura Gourlay,65,"Wetaskiwin, AB",CAN,TEAM MELALEUCA,8:58.9,Yes,F,538.9,134.725,143.12762589274163
1383,Valerie Stucker,40,,NZL,,8:58.9,Yes,F,538.9,134.725,143.12762589274163
1386,Sue Bezani,59,,GBR,,8:59.0,Race,F,539.0,134.75,143.04797780002667
1386,Lucy Elson,49,,GBR,,8:59.0,Yes,F,539.0,134.75,143.04797780002667
1386,Jean Hopkins,70,"Austin, TX",USA,Texas Rowing Center,8:59.0,Yes,F,539.0,134.75,143.04797780002667
1386,ellie wattenberg,16,"Larchmont, NY",USA,,8:59.0,Yes,F,539.0,134.75,143.04797780002667
1386,Jutta Lommatzsch,60,Hamm,GER,,8:59.0,No,F,539.0,134.75,143.04797780002667
1391,Francesca Tranchina,56,,ITA,Heaven,8:59.1,Race,F,539.1,134.775,142.96838879343227
1392,Szilvia Szollosi,53,,GBR,,8:59.2,Yes,F,539.2,134.8,142.88885881817802
1393,Chrysta Castaneda,61,,USA,,8:59.3,Yes,F,539.3,134.825,142.8093878195444
1393,eva Choudhna,33,,BEL,,8:59.3,Yes,F,539.3,134.825,142.8093878195444
1395,Sarah Lamb,41,Wellington,NZL,,8:59.4,Yes,F,539.4,134.85,142.72997574287294
1396,Alyssa Gary,20,"Atlanta, GA",USA,Berry College Viking Crew,8:59.7,Race,F,539.7,134.925,142.49209249895605
1396,Martha Owen,64,,GBR,,8:59.7,Race,F,539.7,134.925,142.49209249895605
1398,Lindsey Baker,40,,USA,Community Rowing Inc.,8:59.8,Yes,F,539.8,134.95,142.41291556476142
1398,Deb Sarhan,58,"Egg Harbor Township, NJ",USA,The Diamonds (Over Sixties Erging Group),8:59.8,No,F,539.8,134.95,142.41291556476142
1400,Teresa Harrison,64,"Tucson, AZ",USA,USAF Veterans,9:00.0,No,F,540.0,135.0,142.2547375908144
1401,Carol Lofthouse,59,"Ourimbah, NSW",AUS,Royal Navy (UK),9:00.5,Yes,F,540.5,135.125,141.8603161773069
1402,Kavya Kataria,18,"Atlanta, GA",USA,Georgia Tech Rowing Club,9:00.6,Race,F,540.6,135.15,141.78160692285442
1402,Sin Addams,33,MI,USA,RowAlong,9:00.6,Yes,F,540.6,135.15,141.78160692285442
1404,Polina Liu,48,,GBR,#TeamFox,9:00.7,Yes,F,540.7,135.175,141.7029558853044
1404,Peta Robinson,66,"🐨 Bribie Island 🦘 🐳 , QLD",AUS,Team Diamonds,9:00.7,Yes,F,540.7,135.175,141.7029558853044
1406,Polli Schildge,71,"ASBURY PARK, NJ",USA,The Diamonds (Over Sixties Erging Group),9:00.9,Yes,F,540.9,135.225,141.5458282457124
1406,Fiona Simcox,50,Napier,NZL,,9:00.9,Yes,F,540.9,135.225,141.5458282457124
1406,natividad aragón rodríguez,63,,ESP,,9:00.9,No,F,540.9,135.225,141.5458282457124
1410,Nancy Park,59,,USA,River City Rowing Club,9:01.3,Yes,F,541.3,135.325,141.2322692054997
1411,Courtney Hassett,14,QLD,AUS,,9:01.5,Yes,F,541.5,135.375,141.07583694812809
1412,Clelia Giorno,51,,ITA,Heaven,9:01.7,Race,F,541.7,135.425,140.91963562965964
1413,Monica Bortolotto,61,,ITA,Canottieri Tritium,9:02.0,Race,F,542.0,135.5,140.6857657307663
1413,Helen Albee,57,"Jacksonville, FL",USA,Row House San Marco,9:02.0,Yes,F,542.0,135.5,140.6857657307663
1413,K Anderson,59,CA,USA,,9:02.0,Yes,F,542.0,135.5,140.6857657307663
1416,Lauren M,16,VA,USA,,9:02.1,Yes,F,542.1,135.525,140.60792410634386
1417,Luz Rubello,63,"Ottawa, ON",CAN,TEAM MELALEUCA,9:02.4,Yes,F,542.4,135.6,140.37474351689434
1418,Jo Jillings,63,Farnham,GBR,,9:02.5,No,F,542.5,135.625,140.29713123878668
1419,Carolyn Klassen,65,"Bainbridge Island, WA",USA,WYSIWYG,9:02.7,Yes,F,542.7,135.675,140.1420782435333
1419,Nina Paninnguaq Skydsbjerg,38,,GRL,,9:02.7,Yes,F,542.7,135.675,140.1420782435333
1419,Mary Lovas,51,,CAN,,9:02.7,No,F,542.7,135.675,140.1420782435333
1422,Covington Smith,38,,USA,CrossFit Apex,9:02.8,Yes,F,542.8,135.7,140.06463742105808
1422,Stephanie Sue,42,CA,USA,,9:02.8,Yes,F,542.8,135.7,140.06463742105808
1424,Dinorah Lopez,29,,AUS,,9:02.9,Yes,F,542.9,135.725,139.98725364522755
1424,Carol Hall,65,"Richmond, VA",USA,The Diamonds (Over Sixties Erging Group),9:02.9,No,F,542.9,135.725,139.98725364522755
1426,Kate Walch,50,,GBR,,9:03.2,No,F,543.2,135.8,139.7554440726999
1427,Mia Anderson,33,,USA,,9:03.3,Yes,F,543.3,135.825,139.67828795883358
1427,Anna Giannopoulou,57,Piraeus,GRE,OMILOS ERETON 1885,9:03.3,Yes,F,543.3,135.825,139.67828795883358
1427,Carolina Haselbacher,49,,VEN,,9:03.3,Yes,F,543.3,135.825,139.67828795883358
1427,Wendy Roncolato,54,"Sydney, NSW",AUS,Drummoyne Rowing Club Australia,9:03.3,Yes,F,543.3,135.825,139.67828795883358
1431,Hailey Weitzel,19,"Atlanta, GA",USA,Georgia Tech Rowing Club,9:03.5,Race,F,543.5,135.875,139.52414603275125
1431,Aimee Richmond Kirkland,41,,CAN,,9:03.5,No,F,543.5,135.875,139.52414603275125
1433,Christina Gault,43,,USA,,9:03.6,Yes,F,543.6,135.9,139.44716011613255
1433,Macy Muellner,18,,USA,,9:03.6,Yes,F,543.6,135.9,139.44716011613255
1435,Laura Ashdown,47,,GBR,,9:03.8,Yes,F,543.8,135.95,139.29335811516526
1435,Gracilia Portela,57,,BRA,,9:03.8,Yes,F,543.8,135.95,139.29335811516526
1435,Lea Dighello,29,"Upton, MA",USA,,9:03.8,No,F,543.8,135.95,139.29335811516526
1438,Laura Powers,38,,USA,Havoc City Fitness,9:04.0,Yes,F,544.0,136.0,139.139782210462
1438,Sophie Quinton,20,,GBR,,9:04.0,No,F,544.0,136.0,139.139782210462
1440,Gaetana Rampley,48,"Atlanta, GA",USA,Allatoona Rowing Association,9:04.1,Race,F,544.1,136.025,139.06307891438846
1441,Carol Alker,69,,GBR,,9:04.2,Race,F,544.2,136.05,138.9864319867102
1441,Jo-Anne Taylor,55,,GBR,Joleetoms,9:04.2,Race,F,544.2,136.05,138.9864319867102
1443,Kristin Devor,42,"Upper Arlington, OH",USA,,9:04.4,Yes,F,544.4,136.1,138.8333070295122
1444,Katherine Harman,65,"Bridgewater, NS",CAN,Treehouse Village Rowers,9:04.5,No,F,544.5,136.125,138.75682889662127
1445,Stefanie Ooms,36,,BEL,,9:04.7,Yes,F,544.7,136.175,138.60404106425452
1446,Heidi Kjærbæk Djurhuus,47,,FRO,,9:04.8,Yes,F,544.8,136.2,138.52773126174884
1447,Sophia Ryzhkov,18,"Atlanta, GA",USA,Georgia Tech Rowing Club,9:04.9,Race,F,544.9,136.225,138.451477466436
1447,Kerstin Hundhausen,45,,GER,,9:04.9,Yes,F,544.9,136.225,138.451477466436
1449,Judith De la Asunción,56,Strasbourg,CRC,Rowing Club Strasbourg,9:05.0,Yes,F,545.0,136.25,138.3752796269427
1450,Nahoko KawakyuOConnor,48,,USA,Rochester Boat Club,9:05.4,Yes,F,545.4,136.35,138.0710468016768
1451,Aleksandra Koshcheeva,36,,AIN,,9:05.8,Race,F,545.8,136.45,137.76770517432843
1451,Catherine Lightner,15,"Atlanta, GA",USA,"Augusta Rowing Club, Inc.",9:05.8,Race,F,545.8,136.45,137.76770517432843
1453,Melissa Sharp,35,Dublin,IRL,Flyefit,9:05.9,No,F,545.9,136.475,137.69200863471713
1454,Susan Bezani,58,,GBR,Monmouth Rowing Club,9:06.0,Race,F,546.0,136.5,137.61636754028973
1454,Suzanne Briggs,68,,GBR,,9:06.0,Race,F,546.0,136.5,137.61636754028973
1454,Holly Kuzmich,49,,USA,,9:06.0,No,F,546.0,136.5,137.61636754028973
1457,Snikitha Chelluri,21,"Atlanta, GA",USA,Georgia Tech Rowing Club,9:06.1,Race,F,546.1,136.525,137.5407818402911
1458,Simone Seybicke,52,,GER,,9:06.4,Yes,F,546.4,136.6,137.31435660014887
1459,Sally Vine,60,Sevenoaks,GBR,,9:06.5,Yes,F,546.5,136.625,137.23899197142478
1460,Elizabeth Hale,55,"San Diego, CA",USA,,9:06.9,Yes,F,546.9,136.725,136.93808436744965
1460,Christine Shoup,56,"Steilacoom, WA",USA,,9:06.9,Yes,F,546.9,136.725,136.93808436744965
1462,Irina Pinjaeva,38,"Wilmington, DE",USA,,9:07.0,Yes,F,547.0,136.75,136.8629949424907
1462,Rosalyn Tubb,47,,GBR,,9:07.0,No,F,547.0,136.75,136.8629949424907
1464,Annie H,54,,USA,,9:07.1,Yes,F,547.1,136.775,136.78796040746087
1464,Pat Richards,63,"Lakewood, CA",USA,Long Beach Rowing Association,9:07.1,Yes,F,547.1,136.775,136.78796040746087
1466,Rachel Hyman,54,,USA,Capital Rowing Club,9:07.3,Yes,F,547.3,136.825,136.6380558066587
1467,Gabi Bradley,34,"Indianapolis, IN",USA,Street Parking,9:07.6,Yes,F,547.6,136.9,136.41360932805523
1468,Kirstie Philpott,35,,GBR,,9:07.7,Yes,F,547.7,136.925,136.33890308145237
1468,Dee Marrara,61,"Alexandria, VA",USA,WeCanRow DC,9:07.7,No,F,547.7,136.925,136.33890308145237
1471,Jane Rigler-Faircloth,62,Vienna,AUT,The Diamonds (Over Sixties Erging Group),9:07.8,Yes,F,547.8,136.95,136.26425137490773
1472,Madeline Cronin,60,"Belmont, MA",USA,Gentle Giant Rowing Club,9:08.2,Yes,F,548.2,137.05,135.96618895486966
1473,Yvonne Dobson,39,,GBR,,9:08.3,Yes,F,548.3,137.075,135.89180920326132
1474,Lise De Grace,59,"Katy, TX",USA,,9:08.4,Yes,F,548.4,137.1,135.81748369394984
1474,Lydia Hoffman,38,,USA,,9:08.4,Yes,F,548.4,137.1,135.81748369394984
1476,Florence Carin,52,,FRA,CERCLE NAUTIQUE DU PAYS D’AIX CNPA,9:08.5,Yes,F,548.5,137.125,135.74321237749817
1476,TRACY LAMMERS,38,,USA,,9:08.5,Yes,F,548.5,137.125,135.74321237749817
1478,Gail Edie,76,"Bethesda, MD",USA,,9:08.8,No,F,548.8,137.2,135.52072309174247
1478,Caz Woodruff,55,,GBR,Mounts Bay Pilot Gig club,9:08.8,No,F,548.8,137.2,135.52072309174247
1480,Sarah Baird,34,,USA,,9:09.0,No,F,549.0,137.25,135.37266696162192
1481,Ela Luetteke,49,Ingelheim,GER,Mainzer Ruderverein von 1878,9:09.1,Yes,F,549.1,137.275,135.29871976717436
1481,Adina Luft,50,,GER,Free Spirits,9:09.1,Yes,F,549.1,137.275,135.29871976717436
1483,Hanne Fransson,72,,DEN,Svendborg RoKlub,9:09.2,No,F,549.2,137.3,135.22482642103728
1484,Phyllis Lin,19,,USA,St. Olaf Rowing Club,9:09.3,Race,F,549.3,137.325,135.15098687420436
1484,Floor Meesters,26,,NED,,9:09.3,Yes,F,549.3,137.325,135.15098687420436
1484,Mairead O’Neill,61,,IRL,The Unit Health & Fitness,9:09.3,Yes,F,549.3,137.325,135.15098687420436
1487,Ching fang Chi,46,,TPE,mERGmaids,9:09.4,Yes,F,549.4,137.35,135.07720107772235
1487,Lottie Jones,20,,GBR,,9:09.4,Yes,F,549.4,137.35,135.07720107772235
1487,Anke Lüdde,55,Herrenberg,GER,GERMAN Rowers and FRIENDS United,9:09.4,Yes,F,549.4,137.35,135.07720107772235
1487,Geraldine Taylor-Baynham,50,"Locks Heath, Hampshire",GBR,,9:09.4,Yes,F,549.4,137.35,135.07720107772235
1491,Sofiia Biloshytska,16,,UKR,Berkhamsted School,9:09.5,Race,F,549.5,137.375,135.00346898269194
1491,Jill R,56,,USA,,9:09.5,Yes,F,549.5,137.375,135.00346898269194
1493,Jen Harding,51,"Toronto, ON",CAN,Hanlan Boat Club,9:09.6,Yes,F,549.6,137.4,134.929790540267
1494,KIMBERLY EARNEST,57,"READING, PA",USA,,9:09.7,No,F,549.7,137.425,134.85616570165453
1495,Karen Boyd,61,"Canmore, AB",CAN,,9:09.8,Yes,F,549.8,137.45,134.78259441811522
1495,Becky Cherek,44,WI,USA,TEAM MELALEUCA,9:09.8,Yes,F,549.8,137.45,134.78259441811522
1497,Holly Kepas,37,UT,USA,,9:09.9,Yes,F,549.9,137.475,134.7090766409624
1498,Piera Pennelli,58,,ITA,Trevignano Rowing,9:10.0,Race,F,550.0,137.5,134.6356123215627
1498,Arabella Simpson,17,NSW,AUS,,9:10.0,Yes,F,550.0,137.5,134.6356123215627
1498,Amanda Baker,45,,USA,,9:10.0,No,F,550.0,137.5,134.6356123215627
1498,dena hirschberg,64,,USA,,9:10.0,No,F,550.0,137.5,134.6356123215627
1502,Mali Raman,48,,USA,,9:10.2,Yes,F,550.2,137.55,134.488843861755
1503,Saleema Manzoor,18,"Atlanta, GA",USA,Georgia Tech Rowing Club,9:10.3,Race,F,550.3,137.575,134.41553962434517
1503,Gilda Accibal,57,"Manchester, CT",USA,,9:10.3,Yes,F,550.3,137.575,134.41553962434517
1505,Leslie Buchannan,54,,USA,,9:10.4,Yes,F,550.4,137.6,134.34228865068485
1506,Vicky Barreiro,54,,ARG,,9:10.5,Yes,F,550.5,137.625,134.26909089240536
1506,Carol Hoover,49,OH,USA,,9:10.5,Yes,F,550.5,137.625,134.26909089240536
1506,Virginia Martínez,47,Fuengirola,ESP,,9:10.5,Yes,F,550.5,137.625,134.26909089240536
1506,Lisa Poje,36,"Los Angeles, CA",USA,,9:10.5,Yes,F,550.5,137.625,134.26909089240536
1510,Stephany Amador,33,,MEX,,9:10.6,Yes,F,550.6,137.65,134.19594630119053
1510,Angela Greynolds,40,"Oro Valley, AZ",USA,Tucson Indoor Rowing Club,9:10.6,Yes,F,550.6,137.65,134.19594630119053
1510,Jane O'Connor,62,,GBR,The Diamonds (Over Sixties Erging Group),9:10.6,Yes,F,550.6,137.65,134.19594630119053
1513,Lisa Marie Van Dommelen,65,"Crystal Coast, NC",USA,U.S. Marines,9:10.7,Yes,F,550.7,137.675,134.1228548287768
1514,Patricia Thompson,62,,USA,The Diamonds (Over Sixties Erging Group),9:10.8,Yes,F,550.8,137.7,134.04981642695347
1515,Liesel Bennett,22,,GBR,,9:10.9,Yes,F,550.9,137.725,133.97683104756186
1516,Sandra Osborn,58,,GBR,,9:11.0,Yes,F,551.0,137.75,133.903898642496
1517,Moniqa 8503,40,Szczecin,POL,,9:11.1,Yes,F,551.1,137.775,133.83101916370236
1517,Olga Kulbackaya,40,,AIN,,9:11.1,Yes,F,551.1,137.775,133.83101916370236
1517,HuiYeon Park,38,,NOR,,9:11.1,Yes,F,551.1,137.775,133.83101916370236
1520,Chris Reece,71,"Woodinville, WA",USA,Sammamish Rowing,9:11.2,Yes,F,551.2,137.8,133.7581925631796
1520,Rowena Smith,47,,GBR,,9:11.2,Yes,F,551.2,137.8,133.7581925631796
1520,Michelle Weigel,48,"Littleton, CO",USA,,9:11.2,No,F,551.2,137.8,133.7581925631796
1523,Helen Kettle,50,Flintshire,GBR,,9:11.3,Yes,F,551.3,137.825,133.68541879297865
1524,Christine Hodges,53,South Wales,GBR,mERGmaids,9:11.4,Yes,F,551.4,137.85,133.61269780520237
1524,Christina Park,41,,KOR,,9:11.4,Yes,F,551.4,137.85,133.61269780520237
1526,Monika Johannessen,49,,NOR,,9:11.6,Yes,F,551.6,137.9,133.46741398559706
1526,wendy derjue-holzer,49,,USA,Gentle Giant Rowing Club,9:11.6,No,F,551.6,137.9,133.46741398559706
1528,Eleanor Andrews,66,MA,USA,Community Rowing Inc.,9:11.7,Yes,F,551.7,137.925,133.39485105823425
1528,Margaret H,42,,USA,,9:11.7,Yes,F,551.7,137.925,133.39485105823425
1530,Angelika baumeister,73,NSW,AUS,,9:11.8,Race,F,551.8,137.95,133.322340722229
1531,Sade Johnson,51,,GBR,Cool Rowings,9:12.1,Race,F,552.1,138.025,133.10512478624517
1531,Karen Natterstad,63,"Pewaukee, WI",USA,,9:12.1,Yes,F,552.1,138.025,133.10512478624517
1531,Maria Elena Secci,42,"New Orleans , LA",USA,,9:12.1,Yes,F,552.1,138.025,133.10512478624517
1531,Heather Ingram,59,,GBR,,9:12.1,No,F,552.1,138.025,133.10512478624517
1535,Barb Flosdorf,72,"Lititz, PA",USA,,9:12.2,Yes,F,552.2,138.05,133.03282433981585
1535,Mary Onorati,39,"Kent, WA",USA,LUNA-TICS,9:12.2,Yes,F,552.2,138.05,133.03282433981585
1537,jacqueline vreijdenberger,50,,NED,,9:12.3,Yes,F,552.3,138.075,132.96057624707558
1538,Anke Drohberg,52,Kassel,GER,"Ruderverein Kurhessen-Cassel, Kassel",9:12.4,Yes,F,552.4,138.1,132.88838046064518
1540,Vanessa Ng,29,NY,USA,,9:12.5,No,F,552.5,138.125,132.81623693319747
1541,Birgit Funke,57,,USA,,9:12.6,Yes,F,552.6,138.15,132.7441456174563
1542,Laura Starrs,50,,GBR,,9:12.7,Yes,F,552.7,138.175,132.67210646619677
1543,Jan Arrison,69,ME,USA,,9:12.8,Yes,F,552.8,138.2,132.60011943224563
1543,Leslye Robinson,68,"Lake Leelanau , MI",USA,,9:12.8,Yes,F,552.8,138.2,132.60011943224563
1545,Robyn Munsch,50,,USA,Crossfit Progression Rowing,9:12.9,Race,F,552.9,138.225,132.52818446848033
1546,Chelsey Newsom,40,,GBR,,9:13.0,Yes,F,553.0,138.25,132.4563015278296
1546,Vanja van Eisden,43,,NED,,9:13.0,Yes,F,553.0,138.25,132.4563015278296
1548,Jill Saunders,47,MA,USA,,9:13.1,Yes,F,553.1,138.275,132.38447056327342
1548,Christina Wascher,44,Stafford,USA,,9:13.1,Yes,F,553.1,138.275,132.38447056327342
1550,Cate Duke,14,,USA,,9:13.2,No,F,553.2,138.3,132.3126915278426
1552,Lori Smiles,58,FL,USA,,9:13.3,Yes,F,553.3,138.325,132.2409643746189
1552,Teddy E,52,,GER,,9:13.3,No,F,553.3,138.325,132.2409643746189
1554,Anwen Rosser,50,,GBR,,9:13.5,Race,F,553.5,138.375,132.0976655273737
1555,Soline Holmes,44,,USA,New Orleans Rowing Club,9:13.6,Yes,F,553.6,138.4,132.02609373976986
1555,Kathy Pittinger,65,"Plano, TX",USA,The Diamonds (Over Sixties Erging Group),9:13.6,Yes,F,553.6,138.4,132.02609373976986
1555,caroline breitbach,43,,USA,,9:13.6,No,F,553.6,138.4,132.02609373976986
1555,Christy Holland,67,"Saratoga Springs, NY",USA,Saratoga Springs Rowing Club,9:13.6,No,F,553.6,138.4,132.02609373976986
1559,Tracy Clason,48,"Linthicum Heights, MD",USA,,9:13.8,Yes,F,553.8,138.45,131.88310520302366
1559,Kathleen Woods-Smith,66,"Port Townsend, WA",USA,"Rat Island Rowing & Sculling Club, Port Townsend, WA",9:13.8,Yes,F,553.8,138.45,131.88310520302366
1561,Leslie Cramp,40,"Oklahoma City, OK",USA,,9:13.9,Yes,F,553.9,138.475,131.8116883606026
1561,Suz Davies,62,QLD,AUS,The Diamonds (Over Sixties Erging Group),9:13.9,Yes,F,553.9,138.475,131.8116883606026
1561,Kristie Leiser,52,,USA,,9:13.9,Yes,F,553.9,138.475,131.8116883606026
1564,Laura Ensing,46,Almere,NED,,9:14.0,No,F,554.0,138.5,131.74032307338123
1565,Erin Berglund,25,,USA,"Rochester Rowing Club, Minnesota",9:14.2,Race,F,554.2,138.55,131.59774697853567
1565,Julie Price,36,,USA,,9:14.2,Yes,F,554.2,138.55,131.59774697853567
1567,Nicolette Diets,47,,NED,,9:14.3,Yes,F,554.3,138.575,131.5265360780361
1568,Angie Griffin,39,,USA,,9:14.4,Yes,F,554.4,138.6,131.45537654698526
1568,Mary Patterson,63,Figueira da Foz,POR,Associação desportiva Naval Remo,9:14.4,No,F,554.4,138.6,131.45537654698526
1570,Carol Evans,60,"Bethesda, MD",USA,Washington Rowing School,9:14.8,No,F,554.8,138.7,131.17125119177936
1571,Ting Zhang,18,,GBR,Berkhamsted School,9:14.9,Race,F,554.9,138.725,131.10034781429178
1571,C Patterson,42,,GBR,,9:14.9,Yes,F,554.9,138.725,131.10034781429178
1571,Lili Rada,26,,HUN,,9:14.9,Yes,F,554.9,138.725,131.10034781429178
1571,Lani Gholston,40,"Baton Rouge , LA",USA,Greenville Indoor Rowing,9:14.9,No,F,554.9,138.725,131.10034781429178
1575,Mara Fortunato,51,,ITA,,9:15.0,Yes,F,555.0,138.75,131.02949552913026
1576,Shannon Belgarde,45,"Nashville, TN",USA,Row House Sylvan Park,9:15.1,Yes,F,555.1,138.775,130.95869429028238
1577,Louise Birk Hansen,42,Køge,DEN,Køge Roklub,9:15.2,Yes,F,555.2,138.8,130.88794405178524
1578,Lori Ambrose,63,IL,USA,Team Diamonds,9:15.3,Yes,F,555.3,138.825,130.81724476772578
1580,Ann-Margaret Somers,43,"Atlanta, GA",USA,Allatoona Rowing Association,9:15.5,Race,F,555.5,138.875,130.67599887951457
1580,Charlotte James,40,,GBR,,9:15.5,Yes,F,555.5,138.875,130.67599887951457
1582,Birgitte Ekmann,53,,DEN,,9:15.6,Yes,F,555.6,138.9,130.60545218378434
1583,inge ferguson,62,,GBR,The Diamonds (Over Sixties Erging Group),9:15.8,No,F,555.8,138.95,130.46451106049867
1584,Evelyn Huang,24,,USA,,9:16.0,Yes,F,556.0,139.0,130.32377265725327
1585,Margaret Folz,61,"Long Island, NY",USA,The Diamonds (Over Sixties Erging Group),9:16.1,Yes,F,556.1,139.025,130.25347936175814
1585,Jennifer Kotski,43,"Owego, NY",USA,Hiawatha Island Boat Club,9:16.1,Yes,F,556.1,139.025,130.25347936175814
1587,Samantha Scanlen,38,Knysna,RSA,,9:16.2,Yes,F,556.2,139.05,130.18323660970614
1588,Kaitlin Baumann,29,,USA,U.S. Navy,9:16.3,Yes,F,556.3,139.075,130.1130443556774
1588,Karen Parmar,46,"Warman, SK",CAN,Not A Gym SK,9:16.3,Yes,F,556.3,139.075,130.1130443556774
1590,Gina Dillon,55,,GBR,,9:16.5,No,F,556.5,139.125,129.9728111602535
1591,Maria Mazzola,53,,ITA,Canottieri Tritium,9:16.7,Race,F,556.7,139.175,129.8327794131045
1591,Géraldine Cruminian,52,,FRA,AVMC (Viviers Rowing Club),9:16.7,Yes,F,556.7,139.175,129.8327794131045
1591,Rhian Kenny,56,"Oakmont, PA",USA,Sylvan Scullers,9:16.7,Yes,F,556.7,139.175,129.8327794131045
1594,Joanna Shepherd,52,,GBR,,9:16.8,Race,F,556.8,139.2,129.76283896960229
1594,Bec Marshall,46,,AUS,Wentworth District Rowing Club,9:16.8,No,F,556.8,139.2,129.76283896960229
1596,Jill Barker,65,"Arlington, VA",USA,Capital Rowing Club,9:16.9,Yes,F,556.9,139.225,129.69294875262895
1596,K K,34,,USA,Binghamton University,9:16.9,Yes,F,556.9,139.225,129.69294875262895
1596,Pat Tuz,68,,USA,,9:16.9,No,F,556.9,139.225,129.69294875262895
1599,Mara Marajudo,47,Buenos Aires,ARG,,9:17.0,Yes,F,557.0,139.25,129.623108717106
1600,Janet Engelson,72,"Belchertown, MA",USA,The Diamonds (Over Sixties Erging Group),9:17.3,Yes,F,557.3,139.325,129.4138892491822
1601,Leigh W,57,"Asheville , NC",USA,mERGmaids,9:17.4,Yes,F,557.4,139.35,129.34424948964534
1602,Maeve McNerney,15,"Chicago, IL",USA,,9:17.7,Yes,F,557.7,139.425,129.1356297726375
1602,Cathy Zack,65,"Durham, CT",USA,Team Diamonds,9:17.7,Yes,F,557.7,139.425,129.1356297726375
1604,Janis Vander Ploeg,41,"Bellingham, WA",USA,Street Parking,9:17.8,Yes,F,557.8,139.45,129.0661895717023
1605,Louisa Arnold,18,,GBR,Berkhamsted School,9:17.9,Race,F,557.9,139.475,128.9967991486875
1605,Mia King,19,"Atlanta, GA",USA,Auburn University Rowing Club,9:17.9,Race,F,557.9,139.475,128.9967991486875
1607,Nancy Hovanes,64,"Minneapolis , MN",USA,,9:18.0,No,F,558.0,139.5,128.92745845899725
1608,Maaike van Gulik-Rijlaarsdam,45,Utrecht,NED,URV Viking,9:18.2,Yes,F,558.2,139.55,128.78892610144686
1609,Sonjia Bradley,50,,GBR,50Plus,9:18.4,Yes,F,558.4,139.6,128.65059214324157
1609,Allison Saward,53,,AUS,,9:18.4,No,F,558.4,139.6,128.65059214324157
1609,Karen Shusterman,62,"Hull, MA",USA,Cohasset Maritime Institute (CMI),9:18.4,No,F,558.4,139.6,128.65059214324157
1612,Rebecca Jackson,42,Newquay,GBR,Royal Air Force (UK),9:18.5,Yes,F,558.5,139.625,128.5814994529119
1613,Rowanne Joyner,70,"Charlotte, NC",USA,The Diamonds (Over Sixties Erging Group),9:18.6,Yes,F,558.6,139.65,128.51245622933612
1613,Iva Krisakova,47,Bratislava,SVK,,9:18.6,Yes,F,558.6,139.65,128.51245622933612
1615,Ariel Linton,18,"Atlanta, GA",USA,Auburn University Rowing Club,9:18.8,Race,F,558.8,139.7,128.37451800544736
1616,Marian Mitchell,74,Fremantle,AUS,,9:19.0,Race,F,559.0,139.75,128.2367771180523
1617,Maria Elena Leon,32,,MEX,,9:19.1,Yes,F,559.1,139.775,128.16798056527153
1618,Ivy Seibert,18,,USA,St. Olaf Rowing Club,9:19.2,Race,F,559.2,139.8,128.09923321438666
1619,Nina de Goede,49,SA,AUS,,9:19.4,Race,F,559.4,139.85,127.96188594244224
1619,Beverley Laundry,78,"Yeppoon, QLD",AUS,Team Diamonds,9:19.4,Race,F,559.4,139.85,127.96188594244224
1621,Christine Kisor,56,,USA,,9:19.5,Yes,F,559.5,139.875,127.89328593356937
1622,Kathryn Herzog,63,"Richmond, VA",USA,The Diamonds (Over Sixties Erging Group),9:19.6,Yes,F,559.6,139.9,127.8247349509656
1623,Marion Walker,70,Benhall,GBR,Team Diamonds,9:19.8,Yes,F,559.8,139.95,127.68777988945595
1624,Amanda Lynch,33,IA,USA,TEAM MELALEUCA,9:19.9,Yes,F,559.9,139.975,127.61937572311258
1625,claudia giacomazzi,60,SGT nautica Trieste,ITA,,9:20.0,Yes,F,560.0,140.0,127.55102040816323
1625,Glenda Howard,62,"Rocky Point, NC",USA,Cape Fear River Rowing Club,9:20.0,No,F,560.0,140.0,127.55102040816323
1627,Kathy Obrecht,68,MI,USA,The Diamonds (Over Sixties Erging Group),9:20.1,Yes,F,560.1,140.025,127.48271390100625
1627,Laura Thompson,62,"Winnsboro, LA",USA,,9:20.1,Yes,F,560.1,140.025,127.48271390100625
1629,Letizia Sonzio,56,,ITA,Trevignano Rowing,9:20.2,Race,F,560.2,140.05,127.4144561580865
1630,Debbie Harrison,62,"Midlothian, VA",USA,,9:20.4,Yes,F,560.4,140.1,127.27808679097173
1630,Yoka Verhoeven,63,Almere,NED,RV Pampus,9:20.4,Yes,F,560.4,140.1,127.27808679097173
1632,Issica Baron,42,,GBR,,9:20.5,Yes,F,560.5,140.125,127.20997507989952
1633,Megan Evans,35,"Shoreview, MN",USA,University Of Minnesota - Twin Cities,9:20.6,Yes,F,560.6,140.15,127.1419119593101
1634,Kristene Keevers,64,"Lennox Head, NSW",AUS,Ballina Dragon Boat Racing Club,9:20.8,Yes,F,560.8,140.2,127.00593131633613
1635,Amy Boone,43,,USA,,9:20.9,Yes,F,560.9,140.225,126.93801370744563
1636,Jodi Colbert,55,,USA,,9:21.0,No,F,561.0,140.25,126.87014451602579
1637,Sari Kolatch,63,"New York, NY",USA,,9:21.1,Yes,F,561.1,140.275,126.80232369893932
1638,Barbara Hogan,79,"Hillsborough, NJ",USA,The Diamonds (Over Sixties Erging Group),9:21.2,Race,F,561.2,140.3,126.73455121309483
1639,Sydney Lambert,14,,USA,,9:21.3,Yes,F,561.3,140.325,126.66682701544708
1639,Dana Smith,47,,USA,,9:21.3,Yes,F,561.3,140.325,126.66682701544708
1639,Michele Weiland,46,,GBR,,9:21.3,Yes,F,561.3,140.325,126.66682701544708
1642,Dawn Burrows,44,,GBR,,9:21.5,Yes,F,561.5,140.375,126.53152331279026
1643,Tina Ege,52,,NOR,,9:21.6,Yes,F,561.6,140.4,126.46394372192051
1643,Briana Patterson,47,"Atlanta, GA",USA,LUNA-TICS,9:21.6,Yes,F,561.6,140.4,126.46394372192051
1643,Cécile Simon,52,,FRA,,9:21.6,Yes,F,561.6,140.4,126.46394372192051
1646,Judith Pimperl,49,,AUT,,9:21.7,Yes,F,561.7,140.425,126.39641224752566
1647,Birgit BALANA CAP MARARA TAHITI,62,SAINT AVERTIN,PYF,FRENCH INDOOR ROWERS TEAM,9:21.8,Yes,F,561.8,140.45,126.32892884679006
1648,Marian Van Oorschot,68,Tunbridge Wells,GBR,,9:21.9,Yes,F,561.9,140.475,126.2614934769433
1649,Annika Ylitervo,39,,FIN,,9:22.0,No,F,562.0,140.5,126.19410609526092
1650,Astrid Lesser,56,Deister,GER,,9:22.1,Yes,F,562.1,140.525,126.12676665906412
1650,kat herrera,59,"Boston, MA",USA,Age Without Limits,9:22.1,No,F,562.1,140.525,126.12676665906412
1652,Josemy Ledezma,39,,VEN,,9:22.2,Yes,F,562.2,140.55,126.05947512571949
1653,Sue Lo,53,,GBR,Cool Rowings,9:22.3,Race,F,562.3,140.575,125.9922314526392
1653,Rebecca Inglis,60,,USA,,9:22.3,Yes,F,562.3,140.575,125.9922314526392
1653,Meghan M,37,TX,USA,U.S. Army Veterans,9:22.3,Yes,F,562.3,140.575,125.9922314526392
1656,Renate de Kruijff,50,St. Georgen,AUT,,9:22.5,Yes,F,562.5,140.625,125.85788751714676
1656,Amy Treadwell,67,Carmel,USA,iRowing,9:22.5,Yes,F,562.5,140.625,125.85788751714676
1658,Maria Weekes,66,,AUS,,9:22.9,Race,F,562.9,140.725,125.58977210050197
1658,Melissa Blayman,45,FL,USA,CrossFit OKM,9:22.9,Yes,F,562.9,140.725,125.58977210050197
1658,SUZANN Burgess,62,"Oakwood , GA",USA,The Diamonds (Over Sixties Erging Group),9:22.9,Yes,F,562.9,140.725,125.58977210050197
1658,Stefanie McAllister,57,,USA,,9:22.9,No,F,562.9,140.725,125.58977210050197
1662,Traci Chamberlain,40,,USA,,9:23.0,Yes,F,563.0,140.75,125.5228622606196
1663,Daphne Scott,63,"Bellingham, WA",USA,The Diamonds (Over Sixties Erging Group),9:23.1,Yes,F,563.1,140.775,125.45599994192897
1664,Alessandra Lucidi,55,,ITA,Heaven,9:23.2,Race,F,563.2,140.8,125.38918510224921
1664,Tracy Fogus,51,,USA,,9:23.2,Yes,F,563.2,140.8,125.38918510224921
1666,Tatiana Spizuoco,55,Valencia,VEN,,9:23.3,Yes,F,563.3,140.825,125.32241769944417
1667,Melissa Bowns,58,,GBR,,9:23.4,Yes,F,563.4,140.85,125.25569769142233
1667,Kate Rudolph,46,,AUS,,9:23.4,Yes,F,563.4,140.85,125.25569769142233
1669,Gel forder,71,Broadstone,GBR,The Diamonds (Over Sixties Erging Group),9:23.7,Yes,F,563.7,140.925,125.05582161581609
1669,Kim Price,41,,USA,,9:23.7,Yes,F,563.7,140.925,125.05582161581609
1669,Elise Skora,64,"Vancouver, WA",USA,The Diamonds (Over Sixties Erging Group),9:23.7,Yes,F,563.7,140.925,125.05582161581609
1672,Donna Clarke,63,,GBR,,9:23.9,Yes,F,563.9,140.975,124.92280710300257
1673,Robin Hassani,69,"Falls Church, VA",USA,,9:24.0,No,F,564.0,141.0,124.85637058226949
1674,Sue Burton,52,"PATASKALA, OH",USA,Street Parking,9:24.2,Yes,F,564.2,141.05,124.72363880325678
1674,Héloïse THOREL,42,LE VERGER,FRA,Coach-Rameur.com,9:24.2,Yes,F,564.2,141.05,124.72363880325678
1676,Cecelia Linder,52,"Cocoa Beach, FL",USA,Row Brevard,9:24.3,Yes,F,564.3,141.075,124.65734346155294
1677,Sharon Lee,54,,GBR,,9:24.4,Yes,F,564.4,141.1,124.5910950961749
1678,Ashley Snider,41,"Midlothian, VA",USA,Row House Midlothian,9:24.7,Yes,F,564.7,141.175,124.3926314422032
1679,Angie Armstrong,48,SK,CAN,,9:24.8,Yes,F,564.8,141.2,124.32657056655655
1679,Elizabeth Kaufman,42,"Westerville, OH",USA,,9:24.8,No,F,564.8,141.2,124.32657056655655
1681,Rhona Bordones,43,,VEN,,9:24.9,Yes,F,564.9,141.225,124.26055645967014
1682,Kate Lemon,52,,GBR,CrossFit Eaher,9:25.3,Race,F,565.3,141.325,123.99696689276689
1683,Kathy Campbell,65,"Madison, WI",USA,Mendota Rowing Club,9:25.4,Yes,F,565.4,141.35,123.93118600984528
1683,Kathy Smith,58,"Knoxville, TN",USA,Age Without Limits,9:25.4,Yes,F,565.4,141.35,123.93118600984528
1685,Isidora Pancic,33,,SRB,,9:25.5,Yes,F,565.5,141.375,123.86545164805612
1686,Kathy Pile,61,"Harrisville, QLD",AUS,,9:25.6,Yes,F,565.6,141.4,123.79976376628117
1687,Cheryl Judkins,54,TX,USA,,9:25.8,Yes,F,565.8,141.45,123.66852727851904
1687,Natalia Ydina,42,,MDA,,9:25.8,Yes,F,565.8,141.45,123.66852727851904
1689,Dimitra Kiotsekoglou,47,,GRE,The Scullers,9:25.9,Race,F,565.9,141.475,123.60297859051325
1690,Jill Stephen,51,,CAN,,9:26.3,Yes,F,566.3,141.575,123.34124658946844
1691,Bec Page,55,SA,AUS,,9:26.4,Yes,F,566.4,141.6,123.27592907277294
1692,Robyn Meikle,54,"Beaconsfield, VIC",AUS,,9:26.6,Race,F,566.6,141.65,123.1454323344158
1693,Beverley Laundry,77,QLD,AUS,,9:26.8,Race,F,566.8,141.7,123.01511971842172
1693,Madelyn Waltzing,20,,USA,St. Cloud State University Crew,9:26.8,Race,F,566.8,141.7,123.01511971842172
1693,Helene C Osborne,57,Dorchester,GBR,,9:26.8,Yes,F,566.8,141.7,123.01511971842172
1693,Chris Tesla,63,"Pittsburgh, PA",USA,"Steel City Rowing - Pittsburgh, PA",9:26.8,No,F,566.8,141.7,123.01511971842172
1697,Riane Doumaux,14,,USA,Simsbury High School,9:26.9,Yes,F,566.9,141.725,122.95003235484141
1697,Melissa Kremers,52,"San Francisco, CA",USA,,9:26.9,Yes,F,566.9,141.725,122.95003235484141
1697,Annie Verhoeven,68,Nispen,NED,Dutch RowPros,9:26.9,No,F,566.9,141.725,122.95003235484141
1700,Emily Johnston-Searle,39,Wilderness,RSA,,9:27.0,Yes,F,567.0,141.75,122.88499090017444
1700,Liza van Dijk,58,Bleiswijk,NED,,9:27.0,Yes,F,567.0,141.75,122.88499090017444
1700,Nihan Gürel,41,,TUR,,9:27.0,No,F,567.0,141.75,122.88499090017444
1700,Tia Vesser,56,"Coeur dAlene, ID",USA,,9:27.0,No,F,567.0,141.75,122.88499090017444
1704,Angela Hooker,41,TX,USA,Street Parking,9:27.1,Yes,F,567.1,141.775,122.81999531395097
1704,Allison Lancaster,50,IN,USA,Street Parking,9:27.1,Yes,F,567.1,141.775,122.81999531395097
1704,Jen P,49,"Waterloo, ON",CAN,Darkhorse Rowing,9:27.1,Yes,F,567.1,141.775,122.81999531395097
1708,Diane Durr,57,IL,USA,,9:27.4,Yes,F,567.4,141.85,122.62528336188618
1708,Ines Furio-Angel,65,Mons,BEL,,9:27.4,Yes,F,567.4,141.85,122.62528336188618
1710,Cathy Welsh,59,IL,USA,RowAlong,9:27.5,Yes,F,567.5,141.875,122.56047084559457
1711,Stephanie Bednarek,28,,USA,,9:27.7,Yes,F,567.7,141.925,122.43098277300459
1711,Robyn Maguire,70,VIC,AUS,,9:27.7,Yes,F,567.7,141.925,122.43098277300459
1713,Taryn Berge,45,,CAN,Not A Gym SK,9:27.8,Yes,F,567.8,141.95,122.36630713632134
1714,Simone C,27,,CAN,,9:28.0,No,F,568.0,142.0,122.23709246153375
1714,Lisa Gibson,37,"Williamsburg, VA",USA,Street Parking,9:28.0,No,F,568.0,142.0,122.23709246153375
1714,Paola KING,62,,GBR,,9:28.0,No,F,568.0,142.0,122.23709246153375
1717,Patricia Taylor,72,,GBR,Mercian Fitness,9:28.1,Race,F,568.1,142.025,122.17255334329887
1718,Danielle Neill,35,,GBR,,9:28.4,Yes,F,568.4,142.1,121.97920838533477
1719,Mari Friend,81,"Port Townsend, WA",USA,"Rat Island Rowing & Sculling Club, Port Townsend, WA",9:28.5,Yes,F,568.5,142.125,121.91485073186867
1720,Carole Jackson,61,,GBR,,9:28.6,Yes,F,568.6,142.15,121.8505383449064
1721,Farah Aida Yusniza,30,,MAS,,9:28.8,Yes,F,568.8,142.2,121.72204921137038
1722,Michelle DeWind,45,,USA,TEAM MELALEUCA,9:29.0,Yes,F,569.0,142.25,121.5937406669001
1722,Shar Lunny,34,,USA,,9:29.0,Yes,F,569.0,142.25,121.5937406669001
1724,Anittah Patrick,47,"Media, PA",USA,Yale Alumni,9:29.3,Yes,F,569.3,142.325,121.40161576109547
1725,ML G,49,Grenoble,FRA,Coach-Rameur.com,9:29.5,Yes,F,569.5,142.375,121.27375730319008
1725,Philippa Hanson,49,London,GBR,,9:29.5,No,F,569.5,142.375,121.27375730319008
1727,Sarah Adee,16,"Atlanta, GA",USA,"Augusta Rowing Club, Inc.",9:29.6,Race,F,569.6,142.4,121.20989539965586
1728,Mary Green,44,,NED,,9:29.8,Yes,F,569.8,142.45,121.0823060465549
1729,Maria Grazia Barberi,68,,ITA,Cc 3Ponti,9:29.9,Race,F,569.9,142.475,121.01857851836469
1730,Niki Heinecke,45,Berlin🚣,GER,Team Ruderathlet,9:30.0,Yes,F,570.0,142.5,120.95489570340135
1730,Réka Kiss,43,,HUN,,9:30.0,Yes,F,570.0,142.5,120.95489570340135
1730,Liza Savage-Katz,53,"Rochester, NY",USA,Rochester Boat Club,9:30.0,Yes,F,570.0,142.5,120.95489570340135
1730,Marianne Gram,74,Hedehusene,DEN,,9:30.0,No,F,570.0,142.5,120.95489570340135
1734,Patricia Kiewel,46,,USA,,9:30.1,Yes,F,570.1,142.525,120.89125756245639
1736,Ingrid Berling,43,,AUS,,9:30.3,Yes,F,570.3,142.575,120.76411514599481
1737,Lynn Dale,66,Portsmouth,GBR,,9:30.4,No,F,570.4,142.6,120.70061079226728
1737,Annie Lloyd,39,,GBR,,9:30.4,No,F,570.4,142.6,120.70061079226728
1739,Renee LaJoie,40,,CAN,,9:30.9,Yes,F,570.9,142.725,120.38375600814702
1740,April Larcher,42,NM,USA,,9:31.1,No,F,571.1,142.775,120.25732462761077
1741,AC Buckner-Caraballo,48,"Glen Ridge, NJ",USA,Passaic River Rowing Association,9:31.2,Yes,F,571.2,142.8,120.1941753248781
1742,Victoria Roberts,57,,GBR,,9:31.5,Yes,F,571.5,142.875,120.0049925023432
1743,Avril Acres,57,,GBR,,9:31.6,Yes,F,571.6,142.9,119.94201979460107
1744,Laura Molina,65,"Bakersfield, CA",USA,,9:31.9,Yes,F,571.9,142.975,119.75336583092125
1745,Sandy Heiser,61,"Niagara, NY",USA,,9:32.1,Yes,F,572.1,143.025,119.6278162701219
1745,Bri McDonald,15,"wyandotte, MI",USA,Wyandotte Roosevelt,9:32.1,Yes,F,572.1,143.025,119.6278162701219
1745,Donna Moore,65,"Bremerton, WA",USA,Clam Island Rowing,9:32.1,Yes,F,572.1,143.025,119.6278162701219
1748,Deb Gillham,62,"North Mackay, QLD",AUS,,9:32.3,Race,F,572.3,143.075,119.50244214973917
1749,Beth McCready,46,,USA,Street Parking,9:32.4,Yes,F,572.4,143.1,119.43982078394781
1750,Suzi Morris,67,"Solana Beach, CA",USA,,9:32.6,Yes,F,572.6,143.15,119.31470925000446
1751,Nienke Wiersema,43,,NED,,9:32.9,Yes,F,572.9,143.225,119.12736937090521
1752,Erika Wood,40,NS,CAN,TEAM MELALEUCA,9:33.0,Yes,F,573.0,143.25,119.06500990469397
1752,Rory FitzGerald,14,,USA,,9:33.0,No,F,573.0,143.25,119.06500990469397
1754,Blanca Palomino,47,"San Diego, CA",USA,TEAM MELALEUCA,9:33.1,Yes,F,573.1,143.275,119.00269395520603
1755,Lisa Rogers,43,"Chapin, SC",USA,,9:33.5,Yes,F,573.5,143.375,118.75386456602725
1756,Alex Woodhouse,49,,USA,,9:33.7,Yes,F,573.7,143.425,118.62970998688854
1757,Nicola Stafford,52,,GBR,,9:33.8,Yes,F,573.8,143.45,118.5676975940057
1758,Marjorie Elliott,77,"Bridgewater, MA",USA,Community Rowing Inc.,9:34.2,Yes,F,574.2,143.55,118.32007978840542
1759,Natalie White,41,ND,USA,,9:34.3,Yes,F,574.3,143.575,118.25828309060066
1760,Adelya Shakhaidar,22,"Atlanta, GA",USA,Georgia Tech Rowing Club,9:34.4,Race,F,574.4,143.6,118.1965294192161
1760,Stacey Alexander,45,"St. John's, NL",CAN,,9:34.4,Yes,F,574.4,143.6,118.1965294192161
1762,Sara Alger,62,VIC,AUS,,9:34.5,Race,F,574.5,143.625,118.13481873681167
1763,Olenka Ciz,30,"Toronto, ON",CAN,,9:34.9,Yes,F,574.9,143.725,117.88840514955496
1763,Joanne Jongsma,46,,USA,,9:34.9,Yes,F,574.9,143.725,117.88840514955496
1763,Jean French,70,"Pittsford, NY",USA,,9:34.9,No,F,574.9,143.725,117.88840514955496
1766,Elin Söderberg,31,Gothenburg,SWE,,9:35.0,No,F,575.0,143.75,117.82690885181229
1767,KY Burnet,49,,GBR,,9:35.1,Yes,F,575.1,143.775,117.76545531922687
1767,Jacque Neumann,36,,USA,,9:35.1,Yes,F,575.1,143.775,117.76545531922687
1769,Annelies Ranson,44,,BEL,,9:35.2,Yes,F,575.2,143.8,117.70404451463112
1769,Lucy Sánchez,59,,VEN,,9:35.2,Yes,F,575.2,143.8,117.70404451463112
1771,Dana Perrone,77,"Washington, DC",USA,Potomac Boat Club,9:35.3,Yes,F,575.3,143.825,117.64267640089606
1772,Berit Johne,73,Oslo,NOR,The Diamonds (Over Sixties Erging Group),9:35.5,Yes,F,575.5,143.875,117.52006809768548
1772,Susan Waters,64,Milton Keynes,GBR,The Diamonds (Over Sixties Erging Group),9:35.5,No,F,575.5,143.875,117.52006809768548
1774,Tonja Brown,42,,USA,Spokane River Rowing Association,9:35.6,Yes,F,575.6,143.9,117.45882783414554
1774,Linda Powers,72,"Colona, IL",USA,,9:35.6,Yes,F,575.6,143.9,117.45882783414554
1774,Amanda Sproule,35,NSW,AUS,,9:35.6,Yes,F,575.6,143.9,117.45882783414554
1777,Corinne White,71,,GBR,Mercian Team,9:35.8,Race,F,575.8,143.95,117.33647489832428
1778,Wendy Hoven,64,"Alstonville, NSW",AUS,,9:36.0,Race,F,576.0,144.0,117.21429183813446
1778,Arianna Tabellini,43,,ITA,Trevignano Rowing,9:36.0,Race,F,576.0,144.0,117.21429183813446
1778,Doris Matlok,55,QLD,AUS,,9:36.0,No,F,576.0,144.0,117.21429183813446
1781,Tanya Bosch,68,"Sydney, NSW",AUS,The Diamonds (Over Sixties Erging Group),9:36.1,Race,F,576.1,144.025,117.15326391927782
1782,Silje Olsen Nicolaysen,38,,NOR,,9:36.4,Yes,F,576.4,144.1,116.97043416638924
1782,Julie Seery,18,,IRL,,9:36.4,Yes,F,576.4,144.1,116.97043416638924
1784,Katherine Penrod,52,"Woodbridge, VA",USA,U.S. Navy Veteran,9:36.6,Yes,F,576.6,144.15,116.848758967236
1785,Nathalie Grandcolas,49,,SWE,,9:36.7,Yes,F,576.7,144.175,116.78798464860292
1786,AJ Houlihan,55,VIC,AUS,,9:36.8,Yes,F,576.8,144.2,116.72725246851526
1787,Krista Pike,51,"Victor, NY",USA,,9:36.9,Yes,F,576.9,144.225,116.6665623904578
1787,Barb Round,73,"Campbell River, BC",CAN,,9:36.9,Yes,F,576.9,144.225,116.6665623904578
1787,Constanze Steinmeyer,59,Leipzig,GER,,9:36.9,Yes,F,576.9,144.225,116.6665623904578
1790,Sarah Blizzard,52,"Port Moody, BC Canada, BC",CAN,Gravity Laboratory,9:37.0,Yes,F,577.0,144.25,116.60591437795331
1791,Elaine Turner,51,"Amstelveen, NH",NED,,9:37.2,Yes,F,577.2,144.3,116.48474440388371
1792,Maria King,60,Melbourne,USA,The Diamonds (Over Sixties Erging Group),9:37.3,Yes,F,577.3,144.325,116.4242223695537
1793,Cynthia Barth,72,"Cherry Hill, NJ",USA,Philadelphia Flying Phoenix Dragonboat,9:37.4,No,F,577.4,144.35,116.36374225524628
1793,caroline duncombe,61,,GBR,,9:37.4,No,F,577.4,144.35,116.36374225524628
1793,Marisa Freedman,65,"Ottawa, ON",CAN,The Diamonds (Over Sixties Erging Group),9:37.4,No,F,577.4,144.35,116.36374225524628
1796,Kayla Holland,18,"Atlanta, GA",USA,Georgia Tech Rowing Club,9:37.5,Race,F,577.5,144.375,116.30330402467355
1797,Jannike Nordensson,52,Stockholm,SWE,,9:37.6,Yes,F,577.6,144.4,116.24290764158503
1798,Becky Gaensbauer,51,"Rochester, MN",USA,"Rochester Rowing Club, Minnesota",9:37.7,Race,F,577.7,144.425,116.18255306976793
1799,Amanda Shields,33,,USA,,9:37.8,Yes,F,577.8,144.45,116.12224027304707
1800,Zaynab Ul-Haq,17,,GBR,Berkhamsted School,9:37.9,Race,F,577.9,144.475,116.06196921528486
1800,Abby Katt,65,,USA,RowAlong,9:37.9,Yes,F,577.9,144.475,116.06196921528486
1800,Bonnie Schollema,38,,NED,,9:37.9,Yes,F,577.9,144.475,116.06196921528486
1803,Camilla Juul Kvist,29,,DEN,,9:38.0,No,F,578.0,144.5,116.00173986038115
1804,Daisy Putman,17,,GBR,,9:38.2,No,F,578.2,144.55,115.88140611493598
1805,Mary Fitzsimons,69,"Walnut Creek, CA",USA,NDames,9:38.3,Yes,F,578.3,144.575,115.82130165238154
1806,Elies de Jong,68,Lisse,NED,"Roeivereniging Iris, Lisse",9:38.6,Yes,F,578.6,144.65,115.64123747409525
1806,Catherine Rocca,79,"Evanston, IL",USA,"Recovery on Water - Chicago, IL",9:38.6,Yes,F,578.6,144.65,115.64123747409525
1806,Danijela Varga,47,Vrbovec,CRO,Age Without Limits,9:38.6,Yes,F,578.6,144.65,115.64123747409525
1809,Sharon Deyle,39,,USA,,9:38.8,Yes,F,578.8,144.7,115.52140200438473
1809,Angela Holroyd,73,"Redmond, WA",USA,"Marthas Moms, Seattle, WA",9:38.8,Yes,F,578.8,144.7,115.52140200438473
1811,Madaleine Mountford-Smith,19,,GBR,,9:39.0,Yes,F,579.0,144.75,115.40173205326231
1811,Hanna Sch,36,,GER,,9:39.0,Yes,F,579.0,144.75,115.40173205326231
1813,Tania Cunningham,58,"Hope, AK",USA,,9:39.1,No,F,579.1,144.775,115.34195905787584
1814,Melanie Grey,57,,GBR,,9:39.2,Yes,F,579.2,144.8,115.28222733505558
1814,Aubrey Broome,18,"East Lansing, MI",USA,Michigan State University Crew Club,9:39.2,No,F,579.2,144.8,115.28222733505558
1816,Giulia La Neve,44,,ITA,Asd The Core Canottaggio Sabaudia,9:39.4,Race,F,579.4,144.85,115.16288756468376
1817,Moushumi Paul,47,"Washington, DC",USA,,9:39.5,Yes,F,579.5,144.875,115.10327944600948
1818,Rachel Cashmore,54,,GBR,Malvern Active,9:39.8,Race,F,579.8,144.95,114.92470173006967
1818,Paula Sandquist Nicander,53,Ytterby,SWE,,9:39.8,Yes,F,579.8,144.95,114.92470173006967
1820,Rebecca Baranowski,66,"Philadelphia, PA",USA,Philadelphia Flying Phoenix Dragonboat,9:39.9,Yes,F,579.9,144.975,114.86525792000835
1821,Cate Copenhaver,69,Kolbnitz,AUT,The Diamonds (Over Sixties Erging Group),9:40.0,Yes,F,580.0,145.0,114.80585509861005
1821,Jill Hugessen,63,"Montreal, QC",CAN,Team Diamonds,9:40.0,Yes,F,580.0,145.0,114.80585509861005
1821,Katharina Mrotzek,58,Hamburg,GER,Team Ruderathlet,9:40.0,Yes,F,580.0,145.0,114.80585509861005
1821,Lynn Parkins,79,Dereham,GBR,Age Without Limits,9:40.0,Yes,F,580.0,145.0,114.80585509861005
1821,Eszter Koczkas,28,,USA,,9:40.0,No,F,580.0,145.0,114.80585509861005
1826,Farrah Crubaugh,47,,USA,,9:40.1,Yes,F,580.1,145.025,114.74649323055186
1826,Fi Cu,56,London,GBR,RowAlong,9:40.1,Yes,F,580.1,145.025,114.74649323055186
1826,Hannah Hunt,26,,USA,,9:40.1,Yes,F,580.1,145.025,114.74649323055186
1826,Hayley Middleton,52,,GBR,,9:40.1,Yes,F,580.1,145.025,114.74649323055186
1830,Tina Hoeben,62,"Penticton, BC",CAN,The Diamonds (Over Sixties Erging Group),9:40.8,Yes,F,580.8,145.2,114.33210388820724
1831,Paula Moorhouse,75,"Gold Coast, QLD",AUS,,9:40.9,Race,F,580.9,145.225,114.27306837962051
1831,Lily Yip,63,"Ottawa, ON",CAN,Team Canada,9:40.9,Yes,F,580.9,145.225,114.27306837962051
1833,Jessica Perkins,67,"St. Louis, MO",USA,,9:41.0,Yes,F,581.0,145.25,114.21407350810634
1833,Alison Small,54,,AUS,,9:41.0,No,F,581.0,145.25,114.21407350810634
1836,Laura Herrin,62,"Allegheny Township, PA",USA,The Diamonds (Over Sixties Erging Group),9:41.2,Yes,F,581.2,145.3,114.0962055364931
1837,Noelle Rodgers,45,"New Braunfels, TX",USA,,9:41.3,Yes,F,581.3,145.325,114.03733236658313
1838,Yvonne Day,69,,GBR,Cool Rowings,9:41.5,Race,F,581.5,145.375,113.91970748429851
1839,Jessica Galvan,45,,MEX,,9:41.7,Yes,F,581.7,145.425,113.8022443134705
1840,Madelyn Muraoka,21,"Atlanta, GA",USA,Berry College Viking Crew,9:41.8,Race,F,581.8,145.45,113.74357328301562
1841,Carol Marks,57,"Huntsville, AL",USA,GARAGEATHLETE,9:41.9,Yes,F,581.9,145.475,113.68494257629204
1841,Brigitte van de Pas,65,Rijsbergen,NED,Team Diamonds,9:41.9,No,F,581.9,145.475,113.68494257629204
1843,Valena Kisner,49,"Rigby, ID",USA,TEAM MELALEUCA,9:42.1,Yes,F,582.1,145.525,113.56780199552863
1843,Avery Redman,15,,USA,,9:42.1,No,F,582.1,145.525,113.56780199552863
1845,Kirsten Cannatella,59,"Sooke, BC",CAN,Team Canada,9:42.2,No,F,582.2,145.55,113.50929205232303
1846,Julie Usala,39,,USA,,9:42.5,Yes,F,582.5,145.625,113.3340031971636
1847,Christine Muser,63,,USA,,9:42.6,Yes,F,582.6,145.65,113.27565378873491
1848,Wendy Hutton,61,,RSA,The Diamonds (Over Sixties Erging Group),9:43.1,Yes,F,583.1,145.775,112.98450677463401
1849,Anna Jensen,47,"Tacoma, WA",USA,University of Michigan,9:43.2,Yes,F,583.2,145.8,112.92639713745234
1849,Kerstin Doell,69,"Seattle, WA",USA,Age Without Limits,9:43.2,No,F,583.2,145.8,112.92639713745234
1849,Ellen Strong,67,"Keyport, WA",USA,Clam Island Rowing,9:43.2,No,F,583.2,145.8,112.92639713745234
1852,Susan Wang,50,CA,USA,mERGmaids,9:43.3,Yes,F,583.3,145.825,112.86832734232473
1853,Elizabeth Santoli-johnson,32,,USA,,9:43.6,Yes,F,583.6,145.9,112.69435666803534
1853,Dietlinde Schneider,59,,GER,,9:43.6,Yes,F,583.6,145.9,112.69435666803534
1855,Claudia Belnap,46,,USA,,9:43.7,Yes,F,583.7,145.925,112.63644590006871
1855,Yadranka McAulay,61,"Richmond, BC",CAN,TEAM MELALEUCA,9:43.7,Yes,F,583.7,145.925,112.63644590006871
1855,Zoe ZUO,46,,CHN,,9:43.7,Yes,F,583.7,145.925,112.63644590006871
1858,Sue McCormick,73,QLD,AUS,,9:43.9,Race,F,583.9,145.975,112.520743345275
1858,Zixuan Pan,18,"Atlanta, GA",USA,Georgia Tech Rowing Club,9:43.9,Race,F,583.9,145.975,112.520743345275
1860,Elena BERTUZZI,65,,FRA,ACVP - association club villennes poissy,9:44.0,Yes,F,584.0,146.0,112.46295149055184
1861,jacimara cardoso lopes,69,São paulo,BRA,Esporte Clube Pinheiros,9:44.2,Yes,F,584.2,146.05,112.347486456974
1861,Racsek Zsóka,48,Budapest,HUN,Free Spirits,9:44.2,Yes,F,584.2,146.05,112.347486456974
1863,Elizabeth Eldeiry,19,"Atlanta, GA",USA,Georgia Tech Rowing Club,9:44.3,Race,F,584.3,146.075,112.28981321043233
1864,Caroline Richings,54,,GBR,Bristol Ariel Rowing Club,9:44.5,Race,F,584.5,146.125,112.17458508888565
1865,Veronica Schmidt,55,Bremen,GER,,9:45.0,Yes,F,585.0,146.25,111.88720371275708
1866,Patricia Pinkerton,73,,USA,The Diamonds (Over Sixties Erging Group),9:45.2,Yes,F,585.2,146.3,111.77252602741186
1867,Gael Hayoun,43,,PYF,,9:45.3,Yes,F,585.3,146.325,111.71524595027536
1867,Samantha Romero,26,FL,USA,,9:45.3,Yes,F,585.3,146.325,111.71524595027536
1869,Meredith Alcock,64,"San Diego, CA",USA,"ZLAC Rowing, Ltd., San Diego, CA",9:45.4,Yes,F,585.4,146.35,111.658005005556
1869,Claire Jacobs,58,,GBR,,9:45.4,Yes,F,585.4,146.35,111.658005005556
1871,Rena Zurn,62,"Tiburon, CA",USA,The Diamonds (Over Sixties Erging Group),9:45.6,Yes,F,585.6,146.4,111.54364037975441
1872,Ashley Freeman,40,,USA,,9:45.9,Yes,F,585.9,146.475,111.37238609998688
1872,Daisy Li,24,,USA,,9:45.9,Yes,F,585.9,146.475,111.37238609998688
1874,Bett Osborne,79,,GBR,David Lloyd Bromsgrove,9:46.0,Race,F,586.0,146.5,111.31537924931057
1875,Pamela Volz,60,MI,USA,TEAM MELALEUCA,9:46.3,Yes,F,586.3,146.575,111.14459196011505
1875,Sue McCormick,73,"Brisbane, QLD",AUS,Team Diamonds,9:46.3,No,F,586.3,146.575,111.14459196011505
1877,Caroline Ferraris-Besso,45,"Gettysburg, PA",USA,,9:46.4,Yes,F,586.4,146.6,111.08774050752906
1877,Cynthia Morin,73,"Oakland, CA",USA,Crufit Oakland,9:46.4,Yes,F,586.4,146.6,111.08774050752906
1879,Tracy Harter,55,VA,USA,,9:46.5,Yes,F,586.5,146.625,111.03092782170155
1879,Susan Laird,64,Royal Leamington Spa,GBR,The Diamonds (Over Sixties Erging Group),9:46.5,Yes,F,586.5,146.625,111.03092782170155
1881,Nancy McMahon,68,"Ottawa, ON",CAN,,9:46.7,No,F,586.7,146.675,110.91741861820366
1882,Ysis Doitteau-Cofresí,42,,PUR,,9:46.8,Yes,F,586.8,146.7,110.86072203455862
1883,Carla Santucci,62,,ITA,Heaven,9:47.3,Race,F,587.3,146.825,110.5778179809114
1884,Paula Ardel,59,,USA,,9:47.5,No,F,587.5,146.875,110.46492588347475
1885,Shelley Schipper,63,"Clinton, IA",USA,The Diamonds (Over Sixties Erging Group),9:47.6,Yes,F,587.6,146.9,110.4085374588955
1886,Mary Jane Carey,66,,GBR,,9:47.9,Race,F,587.9,146.975,110.2396022897908
1886,Amanda Arz,37,,USA,,9:47.9,Yes,F,587.9,146.975,110.2396022897908
1888,Debbie Foxford,46,,GBR,,9:48.2,Yes,F,588.2,147.05,110.07101159334361
1889,Moira Maloney,58,ACT,AUS,,9:48.4,Race,F,588.4,147.1,109.95880873593622
1890,Marcia Mueller,70,"Portland, OR",USA,50Plus,9:48.6,Yes,F,588.6,147.15,109.84675832804855
1891,Alison Hope,74,Oswaldtwistle,GBR,The Diamonds (Over Sixties Erging Group),9:48.7,Yes,F,588.7,147.175,109.79079021177044
1892,Kimberly Nethercot,42,,USA,,9:48.8,No,F,588.8,147.2,109.73486011085313
1893,Debra Gillett,72,"Edmonton, AB",CAN,The Diamonds (Over Sixties Erging Group),9:48.9,Yes,F,588.9,147.225,109.67896799302551
1893,Anne Kaylor,42,KY,USA,reddit /r/ rowing,9:48.9,Yes,F,588.9,147.225,109.67896799302551
1895,Shannon Dado,36,,USA,Street Parking,9:49.0,Yes,F,589.0,147.25,109.62311382604933
1895,Alison Niklewicz,59,,GBR,The Diamonds (Over Sixties Erging Group),9:49.0,Yes,F,589.0,147.25,109.62311382604933
1895,Emma Slabb,27,ACT,AUS,,9:49.0,No,F,589.0,147.25,109.62311382604933
1898,Siân Rearden,39,,GBR,,9:49.4,Yes,F,589.4,147.35,109.40007602304276
1899,Tarley Taylor,46,"Biddeford, ME",USA,,9:49.5,Yes,F,589.5,147.375,109.34441112789796
1899,Sharon Prouty,68,"Cortlandt Manor, NY",USA,Cortlandt Community Rowing Association,9:49.5,No,F,589.5,147.375,109.34441112789796
1901,Francesca Kaganzi,33,,UGA,Street Parking,9:49.7,Yes,F,589.7,147.425,109.23319457992952
1901,Heather Kitts,59,,GBR,,9:49.7,Yes,F,589.7,147.425,109.23319457992952
1903,Asu Ak,45,İstanbul,TUR,,9:49.8,Yes,F,589.8,147.45,109.17764286311989
1903,Gaynor Kelleher,66,Caerphilly,GBR,,9:49.8,No,F,589.8,147.45,109.17764286311989
1905,Lan Li,41,,CHN,,9:50.0,Yes,F,590.0,147.5,109.06665238412886
1906,Dyanna Benny,73,"Marrickville, NSW",AUS,,9:50.1,Race,F,590.1,147.525,109.01121355815648
1907,Christine Lück,39,,GER,,9:50.2,Yes,F,590.2,147.55,108.95581229872637
1908,Tippy Peirce,74,"Woodbridge, VA",USA,Virginia Boat Club,9:50.3,Yes,F,590.3,147.575,108.90044857402403
1909,Debbie Boettner,69,TX,USA,The Diamonds (Over Sixties Erging Group),9:50.7,Yes,F,590.7,147.675,108.67936838733243
1909,Catherine Wyse,69,Bristol,GBR,The Diamonds (Over Sixties Erging Group),9:50.7,Yes,F,590.7,147.675,108.67936838733243
1911,Katrina Trivers,49,"Atlanta, GA",USA,FitWit,9:50.9,Race,F,590.9,147.725,108.56905267754877
1911,Louise Shennard,53,"Rembert, SC",USA,CrossFit Linchpin,9:50.9,Yes,F,590.9,147.725,108.56905267754877
1913,Heather Havre,56,,USA,,9:51.0,No,F,591.0,147.75,108.51395080784545
1913,Kathleen Palmer,61,Wellington,NZL,,9:51.0,No,F,591.0,147.75,108.51395080784545
1915,Nina Lehrhaupt,58,NJ,USA,,9:51.1,Yes,F,591.1,147.775,108.45888621951443
1916,Christiane Kloos,58,,GER,Team Ruderathlet,9:51.2,Yes,F,591.2,147.8,108.40385888103094
1917,Susan Hansen,62,,USA,,9:51.3,Yes,F,591.3,147.825,108.34886876090205
1918,Luciana Cardi,71,,ITA,Heaven,9:51.4,Race,F,591.4,147.85,108.29391582766664
1919,Kristi Turner,46,"Durham, NC",USA,,9:51.5,No,F,591.5,147.875,108.23900004989562
1920,Bianka Hernandez,30,VA,USA,U.S. Navy Veteran,9:51.6,Yes,F,591.6,147.9,108.1841213961919
1920,Sarah K,39,,USA,,9:51.6,Yes,F,591.6,147.9,108.1841213961919
1920,sara utecht,42,,CAN,,9:51.6,Yes,F,591.6,147.9,108.1841213961919
1923,Luanne Mills,85,"Seattle, WA",USA,Age Without Limits,9:51.8,Yes,F,591.8,147.95,108.07447533555644
1924,Louise Desmarais,62,"Montréal , QC",CAN,The Diamonds (Over Sixties Erging Group),9:51.9,Yes,F,591.9,147.975,108.01970786598928
1924,Katie Kermode,45,,GBR,,9:51.9,Yes,F,591.9,147.975,108.01970786598928
1924,Renee Wilson,54,,USA,,9:51.9,Yes,F,591.9,147.975,108.01970786598928
1927,Toni Quimby,50,,USA,,9:52.3,Yes,F,592.3,148.075,107.80100766345784
1928,ld paulson,61,"Portland, OR",USA,,9:52.4,No,F,592.4,148.1,107.74642487580428
1929,Jennifer DeLaMater,60,"Traverse City, MI",USA,Traverse Area Community Rowing (TACR),9:52.6,Yes,F,592.6,148.15,107.63736979817732
1930,Lori Golden,67,,USA,The Diamonds (Over Sixties Erging Group),9:52.8,Yes,F,592.8,148.2,107.52846184374405
1930,R Hover,45,,NED,,9:52.8,Yes,F,592.8,148.2,107.52846184374405
1930,Willow Weisblum,14,,USA,,9:52.8,Yes,F,592.8,148.2,107.52846184374405
1933,Daeun Park,30,,KOR,,9:52.9,Yes,F,592.9,148.225,107.47406296020037
1933,Lieve Verheyden,45,,BEL,,9:52.9,Yes,F,592.9,148.225,107.47406296020037
1935,June Haviland,67,"Woodbridge, VA",USA,Street Parking,9:53.0,No,F,593.0,148.25,107.41970076448827
1936,Maxine Jongerden,65,"Thornton, NSW",AUS,,9:53.2,Race,F,593.2,148.3,107.31108631289533
1937,Stacy Caffrey,62,"New Orleans, LA",USA,New Orleans Rowing Club,9:53.3,Yes,F,593.3,148.325,107.25683399526108
1938,Patricia Herrera,66,"West Linn, OR",USA,TEAM MELALEUCA,9:53.5,Yes,F,593.5,148.375,107.14843902216684
1938,Kate Wagner,50,"Charlotte, NC",USA,,9:53.5,Yes,F,593.5,148.375,107.14843902216684
1938,Kathleen Lhost,72,"Appleton, WI",USA,University of Wisconsin,9:53.5,No,F,593.5,148.375,107.14843902216684
1938,Isabelle RABDEAU,50,Brion (Yonne),FRA,Villeneuve-sur-Yonne Aviron,9:53.5,No,F,593.5,148.375,107.14843902216684
1942,Amanda Souza,40,"Fall River , MA",USA,,9:53.6,Yes,F,593.6,148.4,107.09429630514053
1943,Nicole Gullickson,39,,USA,,9:53.8,Yes,F,593.8,148.45,106.98612025644653
1944,Jan Zilm,75,"Gold Coast, QLD",AUS,The Diamonds (Over Sixties Erging Group),9:53.9,Race,F,593.9,148.475,106.93208686339881
1944,Helen King,69,"St. Catharines, ON",CAN,Team Canada,9:53.9,Yes,F,593.9,148.475,106.93208686339881
1946,Martha Hrobak,50,,USA,,9:54.0,Yes,F,594.0,148.5,106.87808985034893
1946,Diane Dietrich,60,PA,USA,,9:54.0,No,F,594.0,148.5,106.87808985034893
1948,Catherine Holden,65,,FRA,The Diamonds (Over Sixties Erging Group),9:54.1,Yes,F,594.1,148.525,106.82412918668422
1949,Carla Dilsner,54,"Saskatoon, SK",CAN,,9:54.3,Yes,F,594.3,148.575,106.71631678521486
1949,Kaitlyn Jaber,40,"Cape May , NJ",USA,,9:54.3,Yes,F,594.3,148.575,106.71631678521486
1949,Nic Peters,38,,GBR,,9:54.3,Yes,F,594.3,148.575,106.71631678521486
1952,Monika Molloy,68,,GBR,,9:54.4,Race,F,594.4,148.6,106.6624649863393
1952,Karen Morris,64,"West Valley City, UT",USA,TEAM MELALEUCA,9:54.4,Yes,F,594.4,148.6,106.6624649863393
1954,Angie Pyle,57,"Canton, MI",USA,Lookout Rowing Club,9:54.9,Yes,F,594.9,148.725,106.39374879190768
1955,Abby DeMoss,26,,USA,,9:55.0,Yes,F,595.0,148.75,106.34011390023137
1956,Genny LeMoine,65,ME,USA,,9:55.2,Yes,F,595.2,148.8,106.2329522214638
1956,Emma SAVORIT TORRES,21,,MTQ,,9:55.2,Yes,F,595.2,148.8,106.2329522214638
1956,marion frampton,64,,GBR,,9:55.2,No,F,595.2,148.8,106.2329522214638
1959,Julie Zimmerman,51,"Edgewater, MD",USA,TEAM MELALEUCA,9:55.5,Yes,F,595.5,148.875,106.07247951111353
1960,Anett Stepan,49,,GER,Rudergesellschaft Niederkassel von 1978 e.V.,9:55.7,Yes,F,595.7,148.925,105.96567722394316
1960,Dana Stewart,61,,USA,,9:55.7,No,F,595.7,148.925,105.96567722394316
1962,Angela Martin,56,ON,CAN,,9:55.8,Yes,F,595.8,148.95,105.91232984590958
1962,Nicole Schott,45,,USA,,9:55.8,Yes,F,595.8,148.95,105.91232984590958
1964,Rachel Abraham,32,,GBR,,9:55.9,Yes,F,595.9,148.975,105.8590182714846
1964,Kimberly Lawrence,58,FL,USA,,9:55.9,Yes,F,595.9,148.975,105.8590182714846
1966,Effie Chen,33,,CHN,,9:56.2,Yes,F,596.2,149.05,105.69929806969668
1966,Tabitha Trudeau,42,,USA,,9:56.2,Yes,F,596.2,149.05,105.69929806969668
1968,Carol Sharratt,65,,GBR,,9:56.3,Race,F,596.3,149.075,105.64612940969266
1969,Sadie Roberts,48,,GBR,,9:56.4,Yes,F,596.4,149.1,105.59299640344133
1970,Sharon Bieda,69,"Sterling Heights, MI",USA,Polish Indoor Rowing Team,9:56.5,Yes,F,596.5,149.125,105.53989902106188
1971,Aimee Molien,44,TX,USA,TEAM MELALEUCA,9:56.7,Yes,F,596.7,149.175,105.43381100854599
1971,Trini Mur,72,,FRA,,9:56.7,Yes,F,596.7,149.175,105.43381100854599
1973,Linda Sudhoff,65,"Alexandria, VA",USA,The Diamonds (Over Sixties Erging Group),9:56.8,Yes,F,596.8,149.2,105.38082031879802
1974,Lara Appleby,37,,NZL,mERGmaids,9:56.9,Yes,F,596.9,149.225,105.32786513369895
1975,Janet Norwood,52,PA,USA,,9:57.0,Yes,F,597.0,149.25,105.27494542351789
1975,Anna Kauhola,35,,USA,,9:57.0,No,F,597.0,149.25,105.27494542351789
1977,Elisabetta Cannas,60,,ITA,Heaven,9:57.3,Race,F,597.3,149.325,105.11639884562159
1977,Mathilde B,14,WA,USA,,9:57.3,Yes,F,597.3,149.325,105.11639884562159
1979,Helen Potterton,41,,GBR,,9:57.5,Yes,F,597.5,149.375,105.01087795789
1979,Nancy Wilson,71,"Springfield, MO",USA,,9:57.5,Yes,F,597.5,149.375,105.01087795789
1981,Anneli Dahl,40,Harestua,NOR,,9:57.7,Yes,F,597.7,149.425,104.90549825882265
1981,M J,60,IL,USA,,9:57.7,Yes,F,597.7,149.425,104.90549825882265
1983,Victoria Jenkins,41,,USA,,9:58.0,Yes,F,598.0,149.5,104.74769292271091
1983,Sarah Pavlick,43,"Cameron Park, CA",USA,"Capital Crew, Sacramento",9:58.0,Yes,F,598.0,149.5,104.74769292271091
1983,Cassandra Poulin,21,QC,CAN,,9:58.0,Yes,F,598.0,149.5,104.74769292271091
1983,MaryBeth Wicker,54,,USA,,9:58.0,Yes,F,598.0,149.5,104.74769292271091
1987,Suzanne Taylor,33,,GBR,,9:58.1,Yes,F,598.1,149.525,104.69516148290607
1988,Natalie Pangburn,60,,USA,,9:58.2,Yes,F,598.2,149.55,104.64266516356832
1989,Angelika Winter,67,Wuppertal,GER,,9:58.3,Yes,F,598.3,149.575,104.59020393535236
1990,Mariany Battista,39,,VEN,,9:58.4,Yes,F,598.4,149.6,104.5377777689422
1991,Sophie Galand,38,,BEL,Crossfit Asterion,9:58.7,Yes,F,598.7,149.675,104.38070934782839
1991,Monica Kientz,53,,USA,Street Parking,9:58.7,Yes,F,598.7,149.675,104.38070934782839
1991,Therese Zeitz,69,"Cherry Hill, NJ",USA,Philadelphia Flying Phoenix Dragonboat,9:58.7,Yes,F,598.7,149.675,104.38070934782839
1994,Carolyn Newton,76,Kelso,GBR,,9:58.8,Yes,F,598.8,149.7,104.32842313606986
1995,S D,61,"Winnipeg, MB",CAN,,9:59.5,Yes,F,599.5,149.875,103.96339566261659
1996,Sherry Searing,44,,USA,,10:00.0,No,F,600.0,150.0,103.70370370370371
1997,Cindy Preston,56,Piqua,USA,Street Parking,10:00.1,Yes,F,600.1,150.025,103.65186913100253
1998,Simone Cliff,48,Hamburg,GER,,10:00.3,Yes,F,600.3,150.075,103.54830357417124
1998,Erin Reinhackel,49,,USA,CrossFit Mastodon,10:00.3,Yes,F,600.3,150.075,103.54830357417124
1998,Evie Sawatzky,41,"Regina, SK",CAN,TEAM MELALEUCA,10:00.3,Yes,F,600.3,150.075,103.54830357417124
2001,Kellan Lamb,36,,USA,,10:00.4,Yes,F,600.4,150.1,103.49657253254296
2001,Juliette Tyler,56,,GBR,,10:00.4,Yes,F,600.4,150.1,103.49657253254296
2001,Jennifer Winter,48,"Comox, BC",CAN,,10:00.4,Yes,F,600.4,150.1,103.49657253254296
2001,Inge Linderoos,79,St Pee sur Nivelle,FRA,,10:00.4,No,F,600.4,150.1,103.49657253254296
2005,RE Mason,54,"Seattle metro, WA",USA,Bryn Mawr College,10:00.6,Yes,F,600.6,150.15,103.39321377933113
2006,Celia Shadbolt,75,Storrington,GBR,,10:00.7,No,F,600.7,150.175,103.34158601042174
2008,gaelle Pelliet,48,,FRA,,10:01.5,Yes,F,601.5,150.375,102.92979867166301
2009,Anna Hast,29,,KEN,,10:02.0,No,F,602.0,150.5,102.6735420292861
2010,Linda Berry,62,Birmingham,GBR,,10:02.4,Yes,F,602.4,150.6,102.46914884044848
2010,Liz McQuilkin,35,NH,USA,,10:02.4,Yes,F,602.4,150.6,102.46914884044848
2012,Jennifer Ellis,61,,USA,Community Rowing Inc.,10:02.7,Yes,F,602.7,150.675,102.31620983758405
2012,Samantha McNeilly,39,,USA,TEAM MELALEUCA,10:02.7,Yes,F,602.7,150.675,102.31620983758405
2012,Marcia Oliver,55,,USA,,10:02.7,Yes,F,602.7,150.675,102.31620983758405
2015,Lynette Sleight,70,,AUS,Coastal Rowing Western Australia,10:03.7,Yes,F,603.7,150.925,101.808605953839
2015,Valerie Wartman,77,"Edmonton, AB",CAN,TEAM MELALEUCA,10:03.7,Yes,F,603.7,150.925,101.808605953839
2015,Lillian Brown,69,"Sterling, VA",USA,,10:03.7,No,F,603.7,150.925,101.808605953839
2018,Pearl Thomas,40,Cape Town,RSA,,10:04.0,Yes,F,604.0,151.0,101.65697972466062
2019,Jodie Playford,58,"Berowra Heights, NSW",AUS,,10:04.1,Race,F,604.1,151.025,101.6065045618663
2020,Deborrah Pilon,70,"Cedar City, UT",USA,,10:04.5,Yes,F,604.5,151.125,101.40493774107752
2021,Diana Delgado,36,,VEN,,10:04.6,Yes,F,604.6,151.15,101.35462935548541
2022,Marabeth Madsen,45,,USA,Humboldt Bay Rowing Association,10:04.8,Yes,F,604.8,151.2,101.25411237502163
2023,Shanzae Mirza,18,,GBR,Berkhamsted School,10:04.9,Race,F,604.9,151.225,101.20390372517188
2023,Barb Pidgen,68,Orillia,CAN,,10:04.9,Yes,F,604.9,151.225,101.20390372517188
2025,Cheryl Warrior,76,"Geelong, VIC",AUS,,10:05.0,Race,F,605.0,151.25,101.15372826563691
2026,Kylie Young,42,"Perth, WA",AUS,RowAlong,10:05.1,Yes,F,605.1,151.275,101.1035859689958
2027,bev sandalack,71,"Calgary, AB",CAN,The Diamonds (Over Sixties Erging Group),10:05.3,Yes,F,605.3,151.325,101.00340075484722
2027,Ann Weinmann,80,"Port Townsend, WA",USA,"Rat Island Rowing & Sculling Club, Port Townsend, WA",10:05.3,Yes,F,605.3,151.325,101.00340075484722
2027,Caroline Wilson,44,Leicestershire,GBR,RowPro Rowers,10:05.3,Yes,F,605.3,151.325,101.00340075484722
2027,Tanya Falbel,64,WI,USA,The Diamonds (Over Sixties Erging Group),10:05.3,No,F,605.3,151.325,101.00340075484722
2031,Lucille Bouthillier,75,"Ottawa, ON",CAN,TEAM MELALEUCA,10:05.8,Yes,F,605.8,151.45,100.75351615587627
2031,Becky Gullage,44,"McKinney, TX",USA,Row House Stonebridge,10:05.8,Yes,F,605.8,151.45,100.75351615587627
2033,Chelmin Lim,34,,CAN,,10:05.9,Yes,F,605.9,151.475,100.70363817848698
2034,Elena Milisich,56,Trieste,ITA,,10:06.0,No,F,606.0,151.5,100.65379311842239
2035,Emily Earle,50,,GBR,,10:06.1,Yes,F,606.1,151.525,100.60398094853196
2036,Elena Barbieri,32,Padova,ITA,,10:06.3,Yes,F,606.3,151.575,100.50445517080568
2037,Valérie Martin,58,"Cognac, France",FRA,,10:06.5,Yes,F,606.5,151.625,100.40506062864053
2038,Simone Eiffe,62,"Runaway Bay, QLD",AUS,,10:06.7,Yes,F,606.7,151.675,100.30579710579745
2039,Pamela Dias,63,"ROYAL OAKS, CA",USA,TEAM MELALEUCA,10:06.8,Yes,F,606.8,151.7,100.25621440916383
2039,Alison Fernandes,59,"Brantford, ON",CAN,TEAM MELALEUCA,10:06.8,Yes,F,606.8,151.7,100.25621440916383
2039,Tiffany Gaul,47,,USA,,10:06.8,Yes,F,606.8,151.7,100.25621440916383
2042,Diane Conrad,61,"Wichita, KS",USA,TEAM MELALEUCA,10:07.3,Yes,F,607.3,151.825,100.00879049721408
2042,Andrea Fellows,40,,USA,,10:07.3,Yes,F,607.3,151.825,100.00879049721408
2044,Sejin Jang,40,"Newcastle, ON",CAN,,10:07.4,Yes,F,607.4,151.85,99.95940344107078
2044,Ethan Shen,42,,THA,,10:07.4,Yes,F,607.4,151.85,99.95940344107078
2046,Assunta Mariani,74,,ITA,Trevignano Rowing,10:07.9,Race,F,607.9,151.975,99.71295531883925
2046,Holly Scott,77,"The Villages , FL",USA,The Diamonds (Over Sixties Erging Group),10:07.9,Yes,F,607.9,151.975,99.71295531883925
2048,Kim Fox,49,,USA,,10:08.0,Yes,F,608.0,152.0,99.66376293920396
2049,Christelle Corvaisier,45,,FRA,,10:08.2,Yes,F,608.2,152.05,99.5654752116343
2050,June Butler,75,,GBR,,10:08.3,Yes,F,608.3,152.075,99.51637981054068
2051,Teresa Robertson,68,"Olympia, WA",USA,LUNA-TICS,10:08.6,No,F,608.6,152.15,99.36928713961849
2052,Angela Maria Sambataro,44,,ITA,O2 Sport Club,10:08.7,Race,F,608.7,152.175,99.32032067180387
2053,Rachel Miranda,50,,BRA,Esporte Clube Pinheiros,10:08.8,Yes,F,608.8,152.2,99.27138637115412
2054,Megan Cooke,52,,USA,,10:08.9,Yes,F,608.9,152.225,99.2224842112594
2055,Kristel Leonard,45,NY,USA,,10:09.0,Yes,F,609.0,152.25,99.17361416573591
2056,Suzi Distelberg,64,FL,USA,Old and Get Out of Our Way,10:09.3,Yes,F,609.3,152.325,99.02719645194439
2057,Stephenie Ezzy,71,"Castaways Beach, QLD",AUS,The Diamonds (Over Sixties Erging Group),10:09.4,Yes,F,609.4,152.35,98.97845460058701
2057,CA Nicholson,60,,USA,CROSSFIT,10:09.4,Yes,F,609.4,152.35,98.97845460058701
2059,Caroline D,49,Bordeaux,FRA,,10:09.5,Yes,F,609.5,152.375,98.92974473207097
2060,Tracey Thompson,58,,GBR,,10:09.9,Yes,F,609.9,152.475,98.73522456224093
2061,Angéline GK,51,,FRA,,10:10.0,Yes,F,610.0,152.5,98.6866742150224
2061,Maria Herrada,64,"Carlisle , PA",USA,Team Diamonds,10:10.0,Yes,F,610.0,152.5,98.6866742150224
2063,Bhavani Polvino,48,AZ,USA,TEAM MELALEUCA,10:10.4,Yes,F,610.4,152.6,98.49279082411536
2064,Kimberly Henrie,57,"Glenwood Springs, CO",USA,TEAM MELALEUCA,10:10.5,Yes,F,610.5,152.625,98.44439934570268
2064,Mary Mietlicki,67,"Scotch Plains, NJ",USA,The Diamonds (Over Sixties Erging Group),10:10.5,Yes,F,610.5,152.625,98.44439934570268
2066,Margit Schmöltz,52,,HUN,,10:11.9,Yes,F,611.9,152.975,97.77023493028426
2067,Migeena Riggs,33,,CAN,,10:12.1,Yes,F,612.1,153.025,97.67442872942912
2068,Betty Menzies,80,"St Lucia, QLD",AUS,,10:12.9,Race,F,612.9,153.225,97.29245323184551
2069,Vicki Humphries,64,"Millbank, NSW",AUS,c2TweetCrew.com,10:13.0,No,F,613.0,153.25,97.24484642145282
2070,Oro Chen,23,,TPE,,10:13.7,Yes,F,613.7,153.425,96.91246686340976
2071,Ronda Wilson,61,WY,USA,,10:13.9,No,F,613.9,153.475,96.81777955514673
2072,Chelsey Yenny,36,,USA,Street Parking,10:14.0,Yes,F,614.0,153.5,96.77048215512565
2073,Patricia Bedard,60,"Montréal , QC",CAN,The Diamonds (Over Sixties Erging Group),10:14.2,Yes,F,614.2,153.55,96.67597973782513
2074,Carrie Donatelli,49,"Littleton, CO",USA,,10:14.5,Yes,F,614.5,153.625,96.53445669302633
2075,Martina Hartl,52,,AUT,,10:14.8,Yes,F,614.8,153.7,96.39320974580532
2075,Cheryl Knight,71,"St. Petersburg, FL",USA,,10:14.8,Yes,F,614.8,153.7,96.39320974580532
2077,Karen Rutan,59,"Chillicothe, IL",USA,,10:15.0,Yes,F,615.0,153.75,96.29919816945542
2078,Denise Byrne,65,ON,CAN,mERGmaids,10:15.2,Yes,F,615.2,153.8,96.2053088050887
2078,Erin O’Donnell,49,,AUS,,10:15.2,Yes,F,615.2,153.8,96.2053088050887
2080,Sarah Millington,43,,GBR,,10:15.4,Race,F,615.4,153.85,96.11154145418031
2080,Paran Quigley,40,,USA,,10:15.4,Yes,F,615.4,153.85,96.11154145418031
2080,Vanessa Webster,43,"Wodonga, VIC",AUS,,10:15.4,No,F,615.4,153.85,96.11154145418031
2083,Olenka Snell,72,,GBR,,10:15.9,Yes,F,615.9,153.975,95.87765558645722
2084,Dorothea Farquhar,67,,FRA,,10:16.2,Yes,F,616.2,154.05,95.73768822815106
2085,Kate Williams,42,,GBR,,10:16.3,Yes,F,616.3,154.075,95.69109298810508
2085,Agnes Agius,23,,MLT,,10:16.3,No,F,616.3,154.075,95.69109298810508
2087,Leila S,40,TX,USA,,10:16.6,Yes,F,616.6,154.15,95.55148856258813
2088,Ellie Funk,38,"Reinfeld, MB",CAN,TEAM MELALEUCA,10:16.9,Yes,F,616.9,154.225,95.41215556493513
2088,Nicole Furtak,40,ON,CAN,RowAlong,10:16.9,Yes,F,616.9,154.225,95.41215556493513
2088,Robyn Stoney,70,"Canton, OH",USA,,10:16.9,Yes,F,616.9,154.225,95.41215556493513
2088,Bridget McCrate Protus,56,"Galena, OH",USA,,10:16.9,No,F,616.9,154.225,95.41215556493513
2092,Jessi T,34,,USA,University of Maryland Baltimore County,10:17.9,Yes,F,617.9,154.475,94.94966410056607
2093,C G,36,CA,USA,,10:18.3,Yes,F,618.3,154.575,94.76550446723829
2094,Michelle Balsillie,54,,CAN,,10:18.4,Yes,F,618.4,154.6,94.7195389848703
2095,Bonnie Duran,68,"Pueblo, CO",USA,The Diamonds (Over Sixties Erging Group),10:18.7,Yes,F,618.7,154.675,94.58182077529422
2095,Kaya I,41,Hockley,GBR,Red Line Rowers,10:18.7,Yes,F,618.7,154.675,94.58182077529422
2097,Kathleen Brooks,63,"Yulee, FL",USA,,10:18.8,No,F,618.8,154.7,94.53597403795607
2099,Gaby McKinney,53,,USA,,10:19.3,Yes,F,619.3,154.825,94.30718426793358
2099,Leanne Ellis,58,"Cairns, QLD",AUS,The Diamonds (Over Sixties Erging Group),10:19.3,No,F,619.3,154.825,94.30718426793358
2101,Tammy Englund,41,Champlin,USA,,10:19.9,Yes,F,619.9,154.975,94.03361001214917
2101,Heidi Kecskemethy,60,"Wallingford, PA",USA,,10:19.9,Yes,F,619.9,154.975,94.03361001214917
2103,Christy Ramthun,70,"Rockwell City, IA",USA,TEAM MELALEUCA,10:20.0,Yes,F,620.0,155.0,93.98811721660904
2103,Kate Williams,47,,GBR,,10:20.0,No,F,620.0,155.0,93.98811721660904
2105,Val Harper,57,,GBR,,10:20.2,Yes,F,620.2,155.05,93.89721962405416
2106,Leeanne Hart,65,QLD,AUS,,10:20.4,Race,F,620.4,155.1,93.8064392053114
2107,Susan Bissett,48,,GBR,Whitehead Coastal Rowing Club,10:20.5,Yes,F,620.5,155.125,93.76109287712195
2109,Colette Jahr,66,,USA,Frisco YMCA,10:20.9,No,F,620.9,155.225,93.57999955613076
2110,Gladys Amestoy,69,NSW,AUS,,10:21.0,Race,F,621.0,155.25,93.5347991063134
2110,louise longbottom,51,"spring, TX",USA,,10:21.0,No,F,621.0,155.25,93.5347991063134
2112,Cristin Smith,65,QLD,AUS,,10:21.3,Race,F,621.3,155.325,93.3993722946755
2112,Julie Broom,51,,GBR,,10:21.3,Yes,F,621.3,155.325,93.3993722946755
2114,Ann Powell,75,"Seattle, WA",USA,Lake Union Crew,10:22.0,No,F,622.0,155.5,93.08439153941337
2115,Monique Francesca,61,,FRA,Age Without Limits,10:22.4,Yes,F,622.4,155.6,92.9050382332157
2116,Lisa Doerr,58,"GERMANTOWN HILLS, IL",USA,,10:22.5,Yes,F,622.5,155.625,92.86027191296108
2117,Cecilia Hoyt,54,"Bedford, NH",USA,,10:22.8,Yes,F,622.8,155.7,92.726145397479
2118,Maggie Speirs,75,Sevenoaks Kent,GBR,The Diamonds (Over Sixties Erging Group),10:23.5,Yes,F,623.5,155.875,92.41418650321405
2119,Denise Tisdale,62,"Austin, TX",USA,,10:23.6,Yes,F,623.6,155.9,92.36973523581672
2120,Zhangjing Zhou,28,,SGP,,10:23.8,Yes,F,623.8,155.95,92.28091818879103
2121,Aybike C.,46,,USA,,10:24.1,Yes,F,624.1,156.025,92.14790599535851
2122,Ellen Donohue-Saltman,69,,USA,,10:24.3,Yes,F,624.3,156.075,92.0593731854066
2123,Ladimeji-Taiwo Dayo,66,,GBR,Cool Rowings,10:24.5,Race,F,624.5,156.125,91.97095375186237
2124,Bron B,47,,AUS,,10:24.8,Yes,F,624.8,156.2,91.838536785525
2125,laura cumming,36,,GBR,,10:25.3,Yes,F,625.3,156.325,91.61840615835737
2126,Rose Day,31,,USA,Litchfield Hills Rowing Club,10:25.8,Yes,F,625.8,156.45,91.3989784866746
2127,Meeri Vaakanainen,77,,FIN,,10:26.0,Race,F,626.0,156.5,91.31140361704688
2128,Helen Smethurst,59,,SUI,,10:26.2,Yes,F,626.2,156.55,91.22394059270931
2129,Judy Allen,59,"Jackson, MN",USA,TEAM MELALEUCA,10:26.7,Yes,F,626.7,156.675,91.00577118447397
2130,Ashley Amarante,24,,USA,,10:26.9,Yes,F,626.9,156.725,90.91869821524062
2131,Natalia Acosta,39,El paso,MEX,,10:27.1,Yes,F,627.1,156.775,90.83173629075378
2131,Laura Andriolo,58,"Lexington , MA",USA,,10:27.1,No,F,627.1,156.775,90.83173629075378
2133,Jenny Doak,76,QLD,AUS,,10:28.6,Race,F,628.6,157.15,90.18304360147627
2133,Jessie Nance,44,,USA,Gorge Canoe Club,10:28.6,Yes,F,628.6,157.15,90.18304360147627
2135,Pam Harrington,49,,USA,Darkhorse Rowing,10:28.7,Yes,F,628.7,157.175,90.14001734094167
2135,Kelsey Rogers,40,,USA,,10:28.7,Yes,F,628.7,157.175,90.14001734094167
2137,Yvonne Woodhall,51,,GBR,CrossFit Fareham,10:28.9,No,F,628.9,157.225,90.05404689624504
2138,Christine Williams,63,QLD,AUS,,10:29.2,Race,F,629.2,157.3,89.92529609413837
2138,Lyn Lintern,71,Denmead,GBR,The Diamonds (Over Sixties Erging Group),10:29.2,Yes,F,629.2,157.3,89.92529609413837
2140,Jan McGinn,59,Auckland,NZL,The Diamonds (Over Sixties Erging Group),10:29.6,Yes,F,629.6,157.4,89.7540098619408
2141,Jingjing Wang,34,,CHN,,10:29.7,Yes,F,629.7,157.425,89.71125628539919
2142,Melissa Roets,36,,GBR,,10:30.0,No,F,630.0,157.5,89.58315836622714
2143,Claire Mac,43,,GBR,,10:30.3,Yes,F,630.3,157.575,89.45530421088952
2144,Cristina Oasi,66,,ITA,Heaven,10:30.6,Race,F,630.6,157.65,89.32769323982426
2144,Theresa Rogerson,70,"Angleton, TX",USA,The Diamonds (Over Sixties Erging Group),10:30.6,Yes,F,630.6,157.65,89.32769323982426
2146,Jo Harris,60,Stourbridge,GBR,,10:30.8,Yes,F,630.8,157.7,89.2427540760326
2147,Irene Lysons,77,,GBR,Gym Mostyn,10:30.9,Race,F,630.9,157.725,89.2003248751222
2147,Alysa Wiyrick,54,"Spokane , WA",USA,,10:30.9,Yes,F,630.9,157.725,89.2003248751222
2149,R B,67,CA,USA,,10:31.0,Yes,F,631.0,157.75,89.15792256643182
2150,Lorena Chavez,46,,USA,,10:31.6,Yes,F,631.6,157.9,88.9040722593868
2150,Christine Janus,54,,USA,,10:31.6,Yes,F,631.6,157.9,88.9040722593868
2150,Sophie Tanti,49,NSW,AUS,,10:31.6,Yes,F,631.6,157.9,88.9040722593868
2153,J B,53,VIC,AUS,,10:31.8,Yes,F,631.8,157.95,88.81966966477823
2154,Irene Lysons,77,,GBR,,10:31.9,Race,F,631.9,157.975,88.77750842988169
2155,Melissa Wieser,57,"New Glarus, WI",DEN,Team Lucky Dragon,10:32.3,Yes,F,632.3,158.075,88.60913008042371
2156,Brittany Patrick,37,AZ,USA,,10:33.0,Yes,F,633.0,158.25,88.31549110054456
2156,Karen McCarthy,67,"Bluffton, SC",USA,,10:33.0,No,F,633.0,158.25,88.31549110054456
2158,Kelly Nelson,50,KY,USA,,10:33.2,Yes,F,633.2,158.3,88.23183260490737
2158,Carol Janik,71,"Murrysville, PA",USA,Three Rivers Rowing Association,10:33.2,No,F,633.2,158.3,88.23183260490737
2160,Margaret Ishihara,70,"Wareham, MA",USA,Black Sheep Rowing Club,10:33.3,No,F,633.3,158.325,88.19004297853937
2161,CINTYA Valencia,40,Ciudad de México,MEX,,10:33.4,Yes,F,633.4,158.35,88.14827973867519
2162,Brenda Armstrong,59,,USA,Row House West Frisco,10:33.9,Yes,F,633.9,158.475,87.93985860880795
2163,Kristen Moore,41,"San Marcos, CA",USA,Kansas State University,10:34.9,Yes,F,634.9,158.725,87.52498340854054
2164,June Johnson,80,Leamington Spa,GBR,,10:35.5,Race,F,635.5,158.875,87.27731028079947
2165,Anna Rae Green,59,"Medicine Hat, AB",CAN,Forum Flyers,10:35.6,Yes,F,635.6,158.9,87.23612231060562
2165,Teresa Knott,66,,GBR,The Diamonds (Over Sixties Erging Group),10:35.6,Yes,F,635.6,158.9,87.23612231060562
2165,Thea M,20,,FRA,,10:35.6,Yes,F,635.6,158.9,87.23612231060562
2168,Jennifer Seaman,54,Tucson,USA,,10:36.0,No,F,636.0,159.0,87.07162935149796
2169,Michelle Simmonds,40,"Toronto, ON",CAN,Royal Canadian Navy,10:36.4,Yes,F,636.4,159.1,86.90754969114647
2170,Kate M-C,48,,USA,,10:36.7,Yes,F,636.7,159.175,86.7847603926407
2171,Jean Horney,74,"Greenville, SC",USA,Greenville Indoor Rowing,10:36.8,Yes,F,636.8,159.2,86.74388203231761
2172,Jay Marshall,69,,USA,,10:36.9,No,F,636.9,159.225,86.70302934129397
2173,Elaine Campion,60,,GBR,,10:37.0,Yes,F,637.0,159.25,86.66220229942445
2174,Sharon Ferguson,58,,GBR,,10:37.4,Yes,F,637.4,159.35,86.49915022124236
2175,Amber Shaffer,46,"KENSINGTON, MD",USA,,10:38.2,Yes,F,638.2,159.55,86.17427112390607
2176,Katharina Prinz,42,,GER,,10:38.3,Yes,F,638.3,159.575,86.13377569640895
2177,Corinna Drexler,48,Althengstett,GER,Team Ruderathlet,10:39.0,Yes,F,639.0,159.75,85.8510169277164
2179,Giovanna Nani,40,,VEN,,10:39.5,Yes,F,639.5,159.875,85.64980368876203
2180,Lucy Sharp,77,"Atlanta, GA",USA,,10:39.6,Race,F,639.6,159.9,85.60963651557466
2181,deanna crawford,62,"Port Townsend, WA",USA,Knotty Knitters,10:39.8,No,F,639.8,159.95,85.52937748656902
2182,Cheryl Pinette,64,"Berlin, NH",USA,Darkhorse Rowing,10:40.0,Yes,F,640.0,160.0,85.44921874999999
2182,Sue Taylor,69,Hoylake,GBR,The Diamonds (Over Sixties Erging Group),10:40.0,No,F,640.0,160.0,85.44921874999999
2184,Melanie Brown,47,"Sydney, NSW",AUS,,10:40.2,No,F,640.2,160.05,85.36916014925868
2185,Dara Picard,57,"Teaneck, NJ",USA,,10:40.6,Yes,F,640.6,160.15,85.20934273028905
2186,Jessica Kerckhove,43,WI,USA,TEAM MELALEUCA,10:41.2,Yes,F,641.2,160.3,84.97036372215065
2186,lyn L,61,,GBR,,10:41.2,Yes,F,641.2,160.3,84.97036372215065
2186,Marina Stock,68,Cardiff,GBR,Team Diamonds,10:41.2,Yes,F,641.2,160.3,84.97036372215065
2189,Cathleen Rossman,46,OH,USA,mERGmaids,10:41.3,Yes,F,641.3,160.325,84.93062080243836
2190,Jessica Friedermann,45,AZ,USA,,10:41.4,Yes,F,641.4,160.35,84.89090266396934
2191,Susanne Morell,53,Landau,GER,,10:41.8,Yes,F,641.8,160.45,84.73227753655551
2192,Sari Mustonen,54,,FIN,,10:41.9,Yes,F,641.9,160.475,84.69268301498272
2193,Natalia Rodríguez,74,"Tucson, AZ",USA,The Diamonds (Over Sixties Erging Group),10:42.3,Yes,F,642.3,160.575,84.53455139315466
2194,Theresa Thickens,65,,USA,The Diamonds (Over Sixties Erging Group),10:42.5,Yes,F,642.5,160.625,84.45563319250131
2195,Corinne Reynaud,51,,FRA,,10:42.7,Yes,F,642.7,160.675,84.37681319460948
2196,Alicia Hu,45,,USA,,10:42.9,Yes,F,642.9,160.725,84.29809124677716
2197,Monica Luper,64,TX,USA,Fort Worth Rowing Club,10:43.0,No,F,643.0,160.75,84.25876699399177
2199,Mary Libby,48,"Wyomissing, PA",USA,,10:43.2,Yes,F,643.2,160.8,84.18019183555504
2200,Diane H,53,NJ,USA,,10:43.4,Yes,F,643.4,160.85,84.10171434666721
2201,Mary Lucas,51,"Philadelphia, PA",USA,,10:43.6,Yes,F,643.6,160.9,84.02333437562035
2202,​Merleyne Lewis,76,,GBR,Cool Rowings,10:44.4,Race,F,644.4,161.1,83.71078664556684
2203,Laney Grant,44,,GBR,,10:44.6,Yes,F,644.6,161.15,83.63289199797934
2204,Peggy Garland,76,"Newton, MA",USA,Mount Auburn Club,10:46.2,Yes,F,646.2,161.55,83.0132003602725
2205,Caroline Coxon,68,,GBR,The Diamonds (Over Sixties Erging Group),10:46.3,No,F,646.3,161.575,82.97467319487858
2206,Lisa Bush,62,,USA,,10:46.6,Yes,F,646.6,161.65,82.85923464925943
2207,Stacey Jones,57,"Seattle, WA",USA,,10:47.0,No,F,647.0,161.75,82.70564945270291
2208,Emily Scherrer,36,,USA,TEAM MELALEUCA,10:47.1,Yes,F,647.1,161.775,82.66731247118126
2209,Har Eo,32,,USA,,10:47.5,Yes,F,647.5,161.875,82.51420126615785
2209,Ruthie Steinbergs,70,"Athens, GA",USA,The Diamonds (Over Sixties Erging Group),10:47.5,Yes,F,647.5,161.875,82.51420126615785
2211,Jennifer Garza,51,"McAllen, TX",USA,mERGmaids,10:47.6,Yes,F,647.6,161.9,82.47598255381202
2212,Amber L. Pearce,60,"Seattle, WA",USA,,10:47.7,No,F,647.7,161.925,82.43778744054715
2213,Heather Jordan,70,,GBR,Cool Rowings,10:48.0,Race,F,648.0,162.0,82.32334351320277
2214,Sofia Martins,46,,POR,,10:48.3,Yes,F,648.3,162.075,82.20911132296645
2215,Barb Campion,57,"Ottawa , ON",CAN,,10:48.9,No,F,648.9,162.225,81.98128019736598
2216,Shana Saunders,53,,USA,,10:49.5,Yes,F,649.5,162.375,81.75429016438603
2217,Kathleen Milne,73,Ottawa,CAN,The Diamonds (Over Sixties Erging Group),10:49.6,Yes,F,649.6,162.4,81.71653999251919
2218,Olivia Pavoni,30,,CAN,,10:49.8,Yes,F,649.8,162.45,81.64110934498156
2219,Heike Neubauer,56,Biberach,GER,,10:50.5,Yes,F,650.5,162.625,81.37783201491203
2220,Raoulene Polillo,70,"Spokane, WA",USA,,10:51.2,Yes,F,651.2,162.8,81.11568549603189
2221,RC Lopez,39,San Juan,TTO,,10:51.5,Yes,F,651.5,162.875,81.00368165032917
2222,Erika Robbins,40,"Glendale, CA",USA,,10:51.6,Yes,F,651.6,162.9,80.96639286083463
2222,Audrey Wilson,34,"Plattsmouth, NE",USA,mERGmaids,10:51.6,Yes,F,651.6,162.9,80.96639286083463
2224,Bettina Fuerlinger,41,Linz,AUT,,10:51.8,Yes,F,651.8,162.95,80.89188391502533
2225,M Wilson,64,,CAN,,10:51.9,No,F,651.9,162.975,80.85466372362373
2226,Andria Francisco,45,"Orland, ME",USA,Street Parking,10:52.1,Yes,F,652.1,163.025,80.78029181623081
2227,Abigail Mathews,24,"Atlanta, GA",USA,Georgia Tech Rowing Club,10:52.7,Race,F,652.7,163.175,80.55772263914196
2228,Janet Miller,52,,GBR,Cool Rowings,10:53.2,Race,F,653.2,163.3,80.37287249874822
2229,Marcia Williams,67,,GBR,Cool Rowings,10:53.3,Race,F,653.3,163.325,80.33597035400838
2230,Karen Helbig,58,,GER,,10:53.4,Yes,F,653.4,163.35,80.29909079665583
2231,Pradnya Karbhari,47,,IND,,10:53.5,Yes,F,653.5,163.375,80.26223380941138
2232,Renee Hoelscher,61,"Union , MO",USA,,10:53.6,Yes,F,653.6,163.4,80.22539937501166
2233,Laurel Daley,71,,GBR,Cool Rowings,10:53.8,Race,F,653.8,163.45,80.15179809577232
2233,Bev Morse,69,CT,USA,,10:53.8,Yes,F,653.8,163.45,80.15179809577232
2235,Linda Norton,60,"Indianapolis, IN",USA,mERGmaids,10:54.1,Yes,F,654.1,163.525,80.04156489257502
2236,Traude Kolb,65,,AUS,,10:54.8,Yes,F,654.8,163.7,79.78513902181952
2236,Alessandra S,35,,USA,,10:54.8,Yes,F,654.8,163.7,79.78513902181952
2238,Denise Latimer,67,"Chandler, AZ",USA,,10:55.0,No,F,655.0,163.75,79.71207571223762
2239,Emily C,31,,USA,,10:55.1,Yes,F,655.1,163.775,79.67557750963961
2240,Christine Vidal,60,,FRA,,10:56.1,Yes,F,656.1,164.025,79.31181801697615
2241,Debby Richards,57,,GBR,,10:56.5,Yes,F,656.5,164.125,79.16693423242324
2242,Lily Hiquiana,61,,USA,,10:56.9,Yes,F,656.9,164.225,79.0224031239447
2243,Lilia Venzor,34,,MEX,,10:57.3,No,F,657.3,164.325,78.87822361908812
2244,Jo McConnell,51,"Baranduda, VIC",AUS,,10:58.2,Yes,F,658.2,164.55,78.55509975549661
2245,Daphne Johnson,63,"Grand Forks , ND",USA,TEAM MELALEUCA,10:58.3,Yes,F,658.3,164.575,78.51930612007115
2246,Katrin Behrmann,59,Bremerhaven,GER,GERMAN Rowers and FRIENDS United,10:58.5,Yes,F,658.5,164.625,78.44778406029396
2247,Jennifer Davis,60,"Highland, IN",USA,,10:58.9,Yes,F,658.9,164.725,78.30500032337505
2248,GG Lonsway,60,,USA,,10:59.0,No,F,659.0,164.75,78.26935853952367
2249,Cynthia T,57,"Lake Stevens, WA",USA,50Plus,11:00.0,Yes,F,660.0,165.0,77.91412750090434
2249,Ann Kierl,60,"Oklahoma city, OK",USA,EXR Rowing,11:00.0,No,F,660.0,165.0,77.91412750090434
2249,Lisa Squire,50,ON,CAN,,11:00.0,No,F,660.0,165.0,77.91412750090434
2252,Cheryl Moyle,66,"Salt Lake City, UT",USA,TEAM MELALEUCA,11:00.3,Yes,F,660.3,165.075,77.80797747804179
2253,Ana Ghinaglia,24,,VEN,,11:00.7,Yes,F,660.7,165.175,77.66674385201652
2253,Adrienne Johnson,40,,USA,,11:00.7,Yes,F,660.7,165.175,77.66674385201652
2255,Sabrina Schiefelbein,44,,USA,,11:00.8,Yes,F,660.8,165.2,77.63148886215441
2256,Jenny Lu,50,NY,USA,TEAM MELALEUCA,11:01.0,Yes,F,661.0,165.25,77.56104286930068
2257,Cindy Campbell,48,,AUS,,11:01.7,Yes,F,661.7,165.425,77.31515206529939
2258,Marguerite Boslaugh,70,,USA,Riverfront Recapture,11:02.4,Yes,F,662.4,165.6,77.07029955659368
2259,Jacki Petersen,67,,USA,,11:02.5,Yes,F,662.5,165.625,77.03540506592691
2260,Charlene O'Hora,72,"Standish, ME",USA,Age Without Limits,11:03.2,Yes,F,663.2,165.8,76.7917324788635
2261,yechun song,30,,CHN,,11:03.7,Yes,F,663.7,165.925,76.61830948104303
2262,Minji Ai,29,"Rochester, MN",USA,"Rochester Rowing Club, Minnesota",11:03.9,Race,F,663.9,165.975,76.5490864981975
2263,Fiona Toose,64,"Mt Riverview , NSW",AUS,The Diamonds (Over Sixties Erging Group),11:05.0,No,F,665.0,166.25,76.1698468569524
2264,Christin Luke,51,"Sioux Falls , SD",USA,,11:05.4,Yes,F,665.4,166.35,76.03256269622182
2265,Danika Myers Hurwitz,47,,USA,,11:05.7,Yes,F,665.7,166.425,75.92981600378351
2266,Amanda Scott,46,,USA,,11:06.2,Yes,F,666.2,166.55,75.75898252358053
2267,Marion McGill,62,,GBR,,11:06.3,Yes,F,666.3,166.575,75.72487733988335
2268,Talia Cohen,63,"Potomac, MD",USA,,11:06.7,Yes,F,666.7,166.675,75.58866113390548
2269,Jessi Harris,46,,CAN,,11:07.1,Yes,F,667.1,166.775,75.45277143858573
2270,Kathy Brodhead,55,,USA,,11:07.5,Yes,F,667.5,166.875,75.31720727620122
2271,Grazietta Nani,43,,USA,,11:07.8,Yes,F,667.8,166.95,75.21574719922081
2272,Diana Kornbrot,84,,GBR,The Diamonds (Over Sixties Erging Group),11:08.7,Yes,F,668.7,167.175,74.91245826201055
2273,Dorothea Degen,52,,USA,,11:09.2,Yes,F,669.2,167.3,74.74466873597082
2273,Alice Feldmann,46,DE,USA,,11:09.2,Yes,F,669.2,167.3,74.74466873597082
2275,Angelina Mccall,45,"Petaluma, CA",USA,TEAM MELALEUCA,11:09.4,Yes,F,669.4,167.35,74.67769323033596
2276,Jeanette Nyland,53,,SWE,,11:10.8,Yes,F,670.8,167.7,74.21109786924328
2277,Cheryl Dangerfield,57,,USA,TEAM MELALEUCA,11:11.2,Yes,F,671.2,167.8,74.07849915518085
2278,Valerie Olson,55,WA,USA,,11:11.6,Yes,F,671.6,167.9,73.9462161522491
2279,Glory Viray,51,,USA,,11:11.7,Yes,F,671.7,167.925,73.9131946212608
2280,Azaneth Thomson,55,"Pleasant Grove, UT",USA,,11:11.9,Yes,F,671.9,167.975,73.8472105204521
2281,Laura Reiley,53,"Glendale, AZ",USA,U.S. Army Veterans,11:12.0,Yes,F,672.0,168.0,73.81424792139076
2282,Katie Stott,40,,GBR,,11:12.2,No,F,672.2,168.05,73.74838155295014
2283,Maggie Tavilla,61,,GBR,,11:12.4,Yes,F,672.4,168.1,73.68259352689856
2284,Teresa Martin,58,AR,USA,TEAM MELALEUCA,11:12.6,Yes,F,672.6,168.15,73.61688372679372
2285,Shelley Anderson-White,38,,CAN,,11:12.8,Yes,F,672.8,168.2,73.55125203640091
2286,Joey Giblin,71,,USA,,11:13.1,Yes,F,673.1,168.275,73.4529507027682
2288,Emily Ingram,44,"Tucson, AZ",USA,,11:13.8,Yes,F,673.8,168.45,73.22426117638327
2289,Soumya Abraham,35,"Chicago, IL",USA,,11:14.2,Yes,F,674.2,168.55,73.09400755527766
2289,Lynn Williams,56,,USA,TEAM MELALEUCA,11:14.2,Yes,F,674.2,168.55,73.09400755527766
2291,Patricia Hagen,76,"Burnsville, MN",USA,,11:14.5,Yes,F,674.5,168.625,72.99652000618781
2292,Nikki Cole,39,,AUS,,11:14.9,Yes,F,674.9,168.725,72.86680609607335
2293,Correen Gorski,46,Hales Corners,USA,,11:15.0,No,F,675.0,168.75,72.83442564649695
2294,Nili Sigvardt,59,,DEN,,11:15.2,Yes,F,675.2,168.8,72.76972228133248
2296,Tina Gallasch,77,"Belair, SA",AUS,Free Spirits,11:15.6,Yes,F,675.6,168.9,72.6405452897104
2297,Joanne Hale,65,"Clearwater Beach, FL",USA,University of New Hampshire,11:16.2,Yes,F,676.2,169.05,72.44735245146842
2298,Lara Pollack,36,"Somerville, MA",USA,Knotty Knitters,11:16.8,Yes,F,676.8,169.2,72.2548440869615
2300,Jenn Young,49,,USA,,11:17.0,Yes,F,677.0,169.25,72.19082621346743
2301,Renee Kee,65,"MANTECA, CA",USA,TEAM MELALEUCA,11:17.4,Yes,F,677.4,169.35,72.06301716754713
2302,kelly h,50,,USA,TEAM MELALEUCA,11:17.6,Yes,F,677.6,169.4,71.99922577216549
2303,Kaye Strange,57,,AUS,,11:17.7,Race,F,677.7,169.425,71.96735830769491
2304,Sue Whitney,63,"Carver's Creek Township, NC",USA,The Diamonds (Over Sixties Erging Group),11:17.9,Yes,F,677.9,169.475,71.90367977579801
2305,Sarah Behunek,66,"FORT COLLINS, CO",USA,The Diamonds (Over Sixties Erging Group),11:18.3,Yes,F,678.3,169.575,71.7765479123343
2305,Elizabeth Cogan,63,"Fairbanks , AK",USA,University of Alaska-Fairbanks,11:18.3,Yes,F,678.3,169.575,71.7765479123343
2307,Josie Leavitt,60,"Grand Isle, VT",USA,mERGmaids,11:18.6,Yes,F,678.6,169.65,71.68139562966212
2308,Erica Dorvault,42,,CAN,,11:18.9,Yes,F,678.9,169.725,71.58641146053623
2309,Kanika Marwaha,17,,GBR,,11:19.1,No,F,679.1,169.775,71.52318189422812
2310,Jo Bugden,60,,GBR,,11:20.6,No,F,680.6,170.15,71.05132545465183
2311,Barbara Moran,70,"Brookeville, MD",USA,University of New Mexico,11:20.9,No,F,680.9,170.225,70.95745260580361
2312,Heather Saunders,65,Wellingborough 🇬🇧,GBR,Team Diamonds,11:21.3,Yes,F,681.3,170.325,70.8325458674064
2313,Olga Edson,37,,USA,,11:22.8,Yes,F,682.8,170.7,70.36674807112274
2314,Patricia Hagen,76,,AUS,,11:23.2,Race,F,683.2,170.8,70.24322542864999
2315,MARY HILLMAN,79,"RUSSIAVILLE, IN",USA,Darkhorse Rowing,11:23.5,Yes,F,683.5,170.875,70.15077311105975
2316,Maria James,23,,MLT,Siggiewi Rowing Club,11:24.0,Race,F,684.0,171.0,69.99704612465352
2316,Liz Paul,64,,GBR,,11:24.0,No,F,684.0,171.0,69.99704612465352
2319,Sylvia van Lierop,63,,NED,,11:24.2,Yes,F,684.2,171.05,69.93568109647886
2320,Guadalupe Sosa Merino,56,,CRC,,11:25.0,No,F,685.0,171.25,69.69093702809374
2321,Aline Castro,53,,MEX,,11:25.1,Yes,F,685.1,171.275,69.66042435907524
2322,Debara Schilder,68,"Las Vegas, NV",USA,The Diamonds (Over Sixties Erging Group),11:25.2,Yes,F,685.2,171.3,69.62992949987343
2323,NORMA STOMMEL,70,"Lewisville, NC",USA,TEAM MELALEUCA,11:25.9,Yes,F,685.9,171.475,69.41696307040857
2324,Karen Walsh,66,,CAN,TEAM MELALEUCA,11:26.6,Yes,F,686.6,171.65,69.20486424677227
2325,Elaine Errigo-Gilyard,72,"Endwell, NY",USA,The Diamonds (Over Sixties Erging Group),11:26.9,Yes,F,686.9,171.725,69.11422924982307
2326,Rose Lucassi-lusty,45,,GBR,,11:27.0,No,F,687.0,171.75,69.08405275661669
2326,Grace Simmons,52,,CAN,,11:27.0,No,F,687.0,171.75,69.08405275661669
2328,Barbara Czurlanis,65,,USA,TEAM MELALEUCA,11:28.1,Yes,F,688.1,172.025,68.75326780884515
2329,Shane Taylor,54,,USA,,11:28.2,Yes,F,688.2,172.05,68.72330125348797
2330,Elisabetta Umiliani,62,,ITA,Heaven,11:28.7,Race,F,688.7,172.175,68.57372940834804
2331,Olivia Lotito,34,,USA,,11:29.2,Yes,F,689.2,172.3,68.42459129317636
2332,June Parapini,66,"Dewdney, BC",CAN,SparkPeople Indoor Rowers,11:29.5,Yes,F,689.5,172.375,68.33531596062569
2333,Carissa C.,50,"Atlanta, GA",USA,,11:29.7,Yes,F,689.7,172.425,68.27588533694367
2334,Jaime Jones,43,AZ,USA,,11:30.0,Yes,F,690.0,172.5,68.18686854850249
2335,Wendy Coghill,78,"Wurtulla, QLD",AUS,,11:30.5,Race,F,690.5,172.625,68.03885079585034
2336,Cherie Mahoney,67,Pembrokeshire,GBR,,11:31.7,Yes,F,691.7,172.925,67.68535191892221
2337,Em Holdway,50,,USA,Darkhorse Rowing,11:33.4,Yes,F,693.4,173.35,67.18874148413256
2338,Drinda Lombardi,79,"Safety Harbor, FL",USA,Darkhorse Rowing,11:34.4,Yes,F,694.4,173.6,66.89888536395391
2339,Colette Ferguson,64,Austin,USA,,11:34.7,Yes,F,694.7,173.675,66.8122537246104
2339,Kaewwara Shi,41,,THA,PLAYGROUND GYM NONTHABURI,11:34.7,Yes,F,694.7,173.675,66.8122537246104
2341,Jo Stephens,55,,GBR,,11:35.9,Yes,F,695.9,173.975,66.4672190997076
2342,Mary Ridley,78,"Evanston, IL",USA,"Recovery on Water - Chicago, IL",11:38.1,Yes,F,698.1,174.525,65.84080078449678
2343,Mary Lee,54,"Morris County, NJ",USA,50Plus,11:38.8,Yes,F,698.8,174.7,65.64313732602676
2344,Rachel Littlezen,47,,USA,,11:40.0,Yes,F,700.0,175.0,65.30612244897961
2345,Joost Bolten,71,Amsterdam,NED,The Diamonds (Over Sixties Erging Group),11:40.1,Yes,F,700.1,175.025,65.27814210555165
2346,Jennifer Henry,72,,GBR,Cool Rowings,11:41.5,Race,F,701.5,175.375,64.88809022110455
2347,Stephanie Watson,67,"Sun Prairie , WI",USA,The Diamonds (Over Sixties Erging Group),11:42.2,Yes,F,702.2,175.55,64.69422921778356
2348,Jude Ton,71,"Tucson , AZ",USA,Pantano Rowing,11:42.8,Yes,F,702.8,175.7,64.52867682080719
2349,CJ Alli,63,"Tucson, AZ",USA,,11:42.9,Yes,F,702.9,175.725,64.50113969024524
2350,Claudia Cava,52,,ITA,,11:43.1,Yes,F,703.1,175.775,64.44611241635526
2351,Sheryl Moody,60,"Bonne Terre, MO",USA,TimbukTOO,11:43.5,No,F,703.5,175.875,64.33624550594675
2352,Abigail Laferla,24,,MLT,Siggiewi Rowing Club,11:44.0,Race,F,704.0,176.0,64.19926277235162
2352,BWS Johnson,47,"Alexandria, VA",USA,,11:44.0,No,F,704.0,176.0,64.19926277235162
2354,Susan Foley,61,"Berry , AL",USA,TEAM MELALEUCA,11:44.6,Yes,F,704.6,176.15,64.0353963271581
2355,Martha Davis,65,"Ansonville , NC",USA,Team Diamonds,11:45.0,No,F,705.0,176.25,63.92646173812197
2356,Jennifer Haug,55,,USA,,11:45.2,No,F,705.2,176.3,63.87208709255002
2357,Cas Pearson,52,,AUS,,11:46.2,Yes,F,706.2,176.55,63.60113685879136
2358,Véronique Fenner,60,Sion,SUI,Coach-Rameur.com,11:46.7,Yes,F,706.7,176.675,63.466236302425045
2359,Iris User,56,,BEL,,11:47.3,Yes,F,707.3,176.825,63.30485874830339
2360,Jodi Nelson,63,"Colorado Springs, CO",USA,LUNA-TICS,11:47.5,Yes,F,707.5,176.875,63.25118782386396
2361,Gail O'Connor,68,"Fort Worth, TX",USA,TEAM MELALEUCA,11:48.6,Yes,F,708.6,177.15,62.957079630616875
2362,Lou Macaulay,55,,CAN,TEAM MELALEUCA,11:49.1,No,F,709.1,177.275,62.823996783724056
2363,Tracey Martinson,57,"Fairbanks, AK",USA,University of Alaska-Fairbanks,11:49.7,Yes,F,709.7,177.425,62.6647920246793
2364,Andrea Plummer,54,,USA,,11:49.9,Yes,F,709.9,177.475,62.611843322770326
2365,Anitra McDowell,60,"Griffin, GA",USA,TEAM MELALEUCA,11:50.3,Yes,F,710.3,177.575,62.50612474093982
2366,Ileana Muñiz,38,,MEX,,11:51.5,No,F,711.5,177.875,62.19039354590149
2367,Vanessa Aquino Robles,43,,CRC,,11:51.9,Yes,F,711.9,177.975,62.08562244306223
2368,Cherry Woodroffe,71,,GBR,Cool Rowings,11:52.0,Race,F,712.0,178.0,62.05946644462381
2369,Deborah Middleditch,59,,GBR,,11:52.5,Yes,F,712.5,178.125,61.92890660014147
2370,Flora McCloud,41,,GBR,,11:53.4,Race,F,713.4,178.35,61.69482026314082
2371,Marina Cain,62,"Regina, SK",CAN,TEAM MELALEUCA,11:53.5,Yes,F,713.5,178.375,61.66888353971509
2371,M S Karydis,66,,USA,Darkhorse Rowing,11:53.5,Yes,F,713.5,178.375,61.66888353971509
2373,Tammi Sawyer,53,"Muskogee, OK",USA,TEAM MELALEUCA,11:53.8,Yes,F,713.8,178.45,61.59116054762548
2374,Patricia Cavanagh,76,"Victoria, BC",CAN,Free Spirits,11:55.0,No,F,715.0,178.75,61.2815713798647
2375,Cerys Mannion,15,,GBR,,11:55.1,Yes,F,715.1,178.775,61.255866023077346
2376,pattie robinson,69,"Macon, GA",USA,Team Diamonds,11:55.4,Yes,F,715.4,178.85,61.17883616006357
2377,Kate Jakubas,40,"Chicago, IL",USA,,11:57.3,Yes,F,717.3,179.325,60.69396722633721
2378,Noreen Alexander,72,"Ventura, CA",USA,,11:57.8,Yes,F,717.8,179.45,60.567222243182215
2379,Marie Sielski,86,"St. Albert, AB",CAN,TEAM MELALEUCA,11:58.4,Yes,F,718.4,179.6,60.41559366270777
2380,Amanda Grosskopf,40,,USA,,11:58.7,Yes,F,718.7,179.675,60.33996914534797
2381,Amanda Singleton,32,"Atlanta, GA",USA,"Atlanta Rowing Club, Inc.",11:58.9,Race,F,718.9,179.725,60.28962290752373
2382,Elaine McCaffrey,40,,GBR,,11:59.1,Yes,F,719.1,179.775,60.239332664399384
2383,Christine Wild,59,,NZL,The Diamonds (Over Sixties Erging Group),11:59.4,Yes,F,719.4,179.85,60.164002119569815
2384,Sedef Yolgeçenli,58,Ayvalık,TUR,,12:00.0,Yes,F,720.0,180.0,60.01371742112483
2384,Diana Beaupre,64,,USA,"Rock n Row, Marblehead, MA",12:00.0,No,F,720.0,180.0,60.01371742112483
2386,Laurie Hetherington,58,"Bend, OR",USA,TEAM MELALEUCA,12:00.4,Yes,F,720.4,180.1,59.913805592451546
2387,Krista Grieve,48,"Gwinner, ND",USA,TEAM MELALEUCA,12:00.5,Yes,F,720.5,180.125,59.88886229319129
2388,Amber Such,51,"Malaga, WA",USA,TEAM MELALEUCA,12:00.8,Yes,F,720.8,180.2,59.814115420579206
2389,Ann Glasgow,78,,GBR,Cool Rowings,12:01.2,Race,F,721.2,180.3,59.71464629115988
2390,Michelle(Missy) Caola,58,"Jordan, MN",USA,TEAM MELALEUCA,12:02.8,Yes,F,722.8,180.7,59.31896798236382
2391,Nyawira Christine,50,Nairobi,KEN,,12:03.2,No,F,723.2,180.8,59.220594921189786
2392,Barbara Larsen,80,"Calgary, AB",CAN,TEAM MELALEUCA,12:03.6,Yes,F,723.6,180.9,59.12243925899063
2393,Emily Rush,43,"Columbus, OH",USA,,12:04.3,Yes,F,724.3,181.075,58.951188162203664
2394,Marnie Rendel,15,,GBR,,12:04.9,Yes,F,724.9,181.225,58.80492752781644
2395,Gloria Espinoza Mayorga,43,,CRC,,12:05.5,Yes,F,725.5,181.375,58.659150332793565
2396,Marian Cain,70,"Reed Point , MT",USA,TEAM MELALEUCA,12:07.5,Yes,F,727.5,181.875,58.17669230523559
2397,Ashley Smith,42,,USA,Albany Rowing Center,12:10.0,No,F,730.0,182.5,57.58103116316254
2398,Anna Spence,40,,USA,,12:11.3,Yes,F,731.3,182.825,57.27449888243384
2399,Heather Burnett,43,,USA,,12:11.5,Yes,F,731.5,182.875,57.22753332603487
2400,Daniela Cachia,43,,GBR,Siggiewi Rowing Club,12:13.9,Race,F,733.9,183.475,56.66793084452584
